gene_id,position,insertions
rv0001,72,11
rv0001,102,0
rv0001,188,0
rv0001,246,0
rv0001,333,0
rv0001,360,0
rv0001,426,0
rv0001,448,11
rv0001,471,0
rv0001,483,0
rv0001,494,0
rv0001,504,10.1
rv0001,514,0
rv0001,525,11
rv0001,534,0
rv0001,601,0
rv0001,653,1.3
rv0001,670,0
rv0001,706,0
rv0001,741,21.1
rv0001,784,0
rv0001,794,0
rv0001,843,0
rv0001,989,0
rv0001,1092,19.2
rv0001,1104,0
rv0001,1267,0
rv0001,1278,0
rv0001,1345,0
rv0001,1423,0
rv0001,1522,3058.4
rv0002,2063,0
rv0002,2104,0
rv0002,2141,0
rv0002,2232,10.1
rv0002,2290,0
rv0002,2315,0
rv0002,2318,0
rv0002,2333,0
rv0002,2344,0
rv0002,2363,0
rv0002,2387,0
rv0002,2404,0
rv0002,2427,0
rv0002,2479,0
rv0002,2507,0
rv0002,2537,0
rv0002,2591,0
rv0002,2648,0
rv0002,2738,0
rv0002,2774,0
rv0002,2845,0
rv0002,2920,0
rv0002,3027,0
rv0002,3056,0
rv0002,3066,11
rv0002,3070,11
rv0002,3119,0
rv0002,3131,0
rv0002,3145,0
rv0002,3222,0
rv0002,3228,0
rv0003,3283,3448.4
rv0003,3329,2547.2
rv0003,3372,13.1
rv0003,3379,0
rv0003,3384,0
rv0003,3396,288
rv0003,3412,0
rv0003,3425,9.1
rv0003,3441,0
rv0003,3467,91.3
rv0003,3471,229.2
rv0003,3513,181.9
rv0003,3591,1093.9
rv0003,3682,548.6
rv0003,3708,1602.2
rv0003,3728,133.5
rv0003,3739,1272
rv0003,3770,327.40000000000003
rv0003,3782,782.6
rv0003,3796,39.6
rv0003,3833,499.09999999999997
rv0003,3925,1200.5
rv0003,3960,328.6
rv0003,3967,2.9
rv0003,3986,1315.5
rv0003,4011,366.6
rv0003,4028,293.8
rv0003,4094,853.4
rv0003,4118,991.1
rv0003,4121,692.1
rv0003,4130,118.8
rv0003,4158,35.1
rv0003,4207,261.1
rv0003,4217,403.9
rv0003,4353,269.3
rv0005,5128,779
rv0005,5170,3101.5
rv0005,5230,0
rv0005,5273,0
rv0005,5287,0
rv0005,5336,0
rv0005,5364,0
rv0005,5420,0
rv0005,5439,0
rv0005,5517,0
rv0005,5547,0
rv0005,5579,0
rv0005,5586,0
rv0005,5623,0
rv0005,5631,0
rv0005,5669,0
rv0005,5687,0
rv0005,5792,0
rv0005,5977,0
rv0005,5996,0
rv0005,6055,0
rv0005,6128,0
rv0005,6230,0
rv0005,6249,0
rv0005,6286,0
rv0005,6403,0
rv0005,6490,0
rv0005,6502,0
rv0005,6526,0
rv0005,6605,0
rv0005,6612,0
rv0005,6672,0
rv0005,6729,0
rv0005,6793,0
rv0005,6809,0
rv0005,6856,0
rv0005,6944,0
rv0005,6983,0
rv0005,7067,0
rv0005,7077,0
rv0005,7093,0
rv0005,7225,0
rv0005,7265,511.8
rv0006,7383,0
rv0006,7392,0
rv0006,7470,0
rv0006,7551,0
rv0006,7578,0
rv0006,7620,0
rv0006,7686,0
rv0006,7763,0
rv0006,7767,0
rv0006,7798,0
rv0006,7865,0
rv0006,7970,0
rv0006,8031,0
rv0006,8077,0
rv0006,8099,0
rv0006,8127,22
rv0006,8219,0
rv0006,8236,0
rv0006,8288,0
rv0006,8295,9.1
rv0006,8338,0
rv0006,8391,0
rv0006,8394,0
rv0006,8436,0
rv0006,8486,0
rv0006,8546,0
rv0006,8786,0
rv0006,8858,0
rv0006,8874,0
rv0006,8901,0
rv0006,9030,0
rv0006,9045,0
rv0006,9100,16.6
rv0006,9150,0
rv0006,9165,0
rv0006,9419,0
rv0006,9465,0
rv0006,9492,0
rv0006,9503,0
rv0006,9519,10.1
rv0006,9526,0
rv0006,9542,0
rv0006,9564,0
rv0006,9624,0
rv0006,9776,235.20000000000002
rv0006,9816,1909.4
rv0009,12491,2092.3
rv0009,12512,0
rv0009,12530,824.2
rv0009,12621,6813.5
rv0009,12663,2335.8
rv0009,12750,996.7
rv0009,12798,5977.1
rv0013,14938,0
rv0013,14968,0
rv0013,15023,0
rv0013,15084,0
rv0013,15114,0
rv0013,15221,0
rv0013,15245,0
rv0013,15269,0
rv0013,15304,0
rv0013,15327,0
rv0013,15366,0
rv0013,15464,0
rv0013,15515,120.3
rv0013,15576,0
rv0013,15591,4650.7
rv0014c,15657,0
rv0014c,15773,0
rv0014c,15812,0
rv0014c,15927,0
rv0014c,16161,10.1
rv0014c,16184,0
rv0014c,16273,0
rv0014c,16433,0
rv0014c,16520,0
rv0014c,16535,0
rv0014c,16558,0
rv0014c,16683,0
rv0014c,16794,0
rv0014c,16851,0
rv0014c,16872,0
rv0014c,16926,0
rv0014c,17015,0
rv0014c,17176,1.3
rv0014c,17190,11
rv0014c,17205,0
rv0014c,17247,0
rv0014c,17313,0
rv0014c,17333,0
rv0014c,17439,0
rv0015c,17476,502
rv0015c,17483,42.5
rv0015c,17586,749.7
rv0015c,17862,0
rv0015c,17981,0
rv0015c,18010,0
rv0015c,18123,0
rv0015c,18140,0
rv0015c,18161,0
rv0015c,18215,0
rv0015c,18454,0
rv0015c,18488,0
rv0015c,18527,0
rv0015c,18666,10.5
rv0015c,18693,0
rv0015c,18725,0
rv0016c,18907,2.2
rv0016c,19038,436.8
rv0016c,19043,163.3
rv0016c,19081,31.900000000000002
rv0016c,19100,156.2
rv0016c,19107,238
rv0016c,19134,137.20000000000002
rv0016c,19138,1047.9
rv0016c,19151,886.9
rv0016c,19179,2.9
rv0016c,19194,2.9
rv0016c,19226,34.1
rv0016c,19239,54.900000000000006
rv0016c,19259,312.1
rv0016c,19310,183.3
rv0016c,19453,756
rv0016c,19461,478.5
rv0016c,19582,3688.9
rv0016c,19667,364.7
rv0016c,19693,952
rv0016c,19760,653.4
rv0016c,19771,231.9
rv0016c,19829,180.8
rv0016c,19838,258
rv0016c,19914,68.7
rv0016c,19935,766.6
rv0016c,19951,372.3
rv0016c,19963,1189.3
rv0016c,19973,0
rv0016c,19984,1445.3
rv0016c,20002,230.3
rv0016c,20037,0
rv0016c,20044,694.3
rv0016c,20092,1474.4
rv0016c,20178,2131
rv0016c,20211,813.3000000000001
rv0016c,20234,2510.3
rv0017c,20266,62.5
rv0017c,20278,4165.3
rv0017c,20345,5909.1
rv0017c,20349,3453.2
rv0017c,20376,1395.7
rv0017c,20456,177.20000000000002
rv0017c,20497,576.2
rv0017c,20547,4156.8
rv0017c,20650,286.3
rv0017c,20671,2222.8
rv0017c,20680,471.1
rv0017c,20712,221.5
rv0017c,20756,311.4
rv0017c,20787,1494.6
rv0017c,20859,1341.6000000000001
rv0017c,20883,3496.3
rv0017c,21041,30.2
rv0017c,21204,433.70000000000005
rv0017c,21210,732.6
rv0017c,21266,2031
rv0017c,21359,1215.8
rv0017c,21414,1169.3
rv0017c,21477,2638.7000000000003
rv0017c,21481,2135.2
rv0017c,21548,467.5
rv0017c,21608,30.2
rv0022c,27213,334.8
rv0022c,27245,4520
rv0022c,27252,2644.3
rv0022c,27299,3143.5
rv0022c,27354,2414
rv0022c,27367,68.60000000000001
rv0022c,27399,90.5
rv0022c,27410,10556
rv0032,34313,2254.2
rv0032,34364,1218.2
rv0032,34367,4934.1
rv0032,34401,77.5
rv0032,34418,6095.8
rv0032,34420,3078.9
rv0032,34504,7208.5999999999995
rv0032,34590,1304
rv0032,34679,9140.5
rv0032,34688,1950.2
rv0032,34743,1341.9
rv0032,34849,0
rv0032,34874,2691.3
rv0032,34893,711.4
rv0032,34937,692.1
rv0032,34999,3831.2000000000003
rv0032,35021,10.1
rv0032,35075,2338.4
rv0032,35079,3002.2999999999997
rv0032,35117,10.1
rv0032,35119,972.1
rv0032,35135,0
rv0032,35160,0
rv0032,35182,0
rv0032,35203,0
rv0032,35206,574.1
rv0032,35213,0
rv0032,35250,12.7
rv0032,35261,329.79999999999995
rv0032,35293,36.5
rv0032,35304,0
rv0032,35326,204.8
rv0032,35343,0
rv0032,35353,733.6
rv0032,35388,1270.1
rv0032,35409,0
rv0032,35422,46.7
rv0032,35453,512
rv0032,35480,1005.1
rv0032,35489,161
rv0032,35570,2972.8
rv0032,35630,188.20000000000002
rv0032,35703,6817
rv0032,35750,333.1
rv0032,35781,1442.8
rv0032,35873,1960.2
rv0032,35910,2711.9
rv0032,36029,5578.1
rv0032,36191,6084.7
rv0032,36326,9480.5
rv0032,36356,2264.6
rv0032,36368,1092.3999999999999
rv0032,36428,624.4
rv0032,36455,18092.1
rv0032,36515,5260.8
rv0032,36519,738.5
rv0032,36606,1221.3
rv0033,36677,5442.2
rv0033,36734,4336.1
rv0033,36802,3289.2
rv0035,37353,8514.2
rv0035,37361,3996.2
rv0035,37404,23.5
rv0035,37512,0
rv0035,37626,2046.2
rv0035,37666,3572.7000000000003
rv0035,37674,231
rv0035,37752,637.9
rv0035,37775,5889.2
rv0035,37784,10623
rv0035,37829,3133.6
rv0035,37944,1387.5
rv0035,37977,1403.7
rv0035,38003,4436.8
rv0035,38047,317.5
rv0035,38065,4849.6
rv0035,38096,2802.6
rv0035,38133,2722.6
rv0035,38249,1775.5
rv0035,38363,758.6
rv0035,38444,10699.9
rv0035,38517,1579.8
rv0035,38588,4448.6
rv0035,38846,2359.7
rv0035,38902,22.400000000000002
rv0040c,42434,3586.5
rv0040c,42473,85.5
rv0040c,42493,248.1
rv0040c,42644,4267.9
rv0040c,42713,917.4
rv0040c,42806,5046.6
rv0040c,42852,3226.4
rv0040c,42854,4505.2
rv0040c,42881,7440.2
rv0040c,43245,806.1
rv0041,43634,0
rv0041,43640,0
rv0041,43642,0
rv0041,43660,0
rv0041,43698,0
rv0041,43796,0
rv0041,43838,0
rv0041,43856,0
rv0041,43865,0
rv0041,43885,0
rv0041,43902,0
rv0041,43937,0
rv0041,43944,0
rv0041,43966,0
rv0041,44069,0
rv0041,44094,0
rv0041,44100,0
rv0041,44102,0
rv0041,44145,0
rv0041,44249,0
rv0041,44261,0
rv0041,44298,0
rv0041,44302,0
rv0041,44408,0
rv0041,44600,0
rv0041,44684,0
rv0041,44720,0
rv0041,44798,0
rv0041,44849,0
rv0041,44864,0
rv0041,44869,0
rv0041,44937,0
rv0041,44952,0
rv0041,44968,0
rv0041,44984,0
rv0041,44986,0
rv0041,45017,0
rv0041,45140,0
rv0041,45167,0
rv0041,45239,0
rv0041,45315,0
rv0041,45353,0
rv0041,45401,17.2
rv0041,45413,0
rv0041,45464,0
rv0041,45524,0
rv0041,45563,0
rv0041,45590,0
rv0041,45623,0
rv0041,45647,0
rv0041,45649,0
rv0041,45659,0
rv0041,45665,0
rv0041,45686,0
rv0041,45731,0
rv0041,45784,0
rv0041,45804,0
rv0041,45830,0
rv0041,45841,0
rv0041,45854,0
rv0041,45920,0
rv0041,46009,0
rv0041,46014,0
rv0041,46072,0
rv0041,46087,0
rv0041,46100,0
rv0041,46164,0
rv0041,46192,11
rv0041,46271,0
rv0041,46295,0
rv0041,46320,0
rv0041,46432,0
rv0041,46469,4383.6
rv0046c,50022,244.1
rv0046c,50097,0
rv0046c,50214,0
rv0046c,50265,0
rv0046c,50552,0
rv0046c,50641,0
rv0046c,50655,0
rv0046c,50691,0
rv0046c,50778,0
rv0046c,50781,0
rv0046c,50803,0
rv0046c,50955,0
rv0046c,50987,0
rv0046c,51012,0
rv0046c,51015,0
rv0046c,51018,11
rv0046c,51104,0
rv0050,53702,783.5
rv0050,53740,111.89999999999999
rv0050,53809,27.2
rv0050,53888,45.8
rv0050,53977,224.6
rv0050,53987,815.6
rv0050,54091,309.2
rv0050,54113,1043.6
rv0050,54128,492.5
rv0050,54146,12.1
rv0050,54173,241
rv0050,54300,66.2
rv0050,54560,623.9
rv0050,54635,808.5
rv0050,54638,1479.6
rv0050,54703,492.9
rv0050,54752,322
rv0050,54759,690.6
rv0050,54869,1171.7
rv0050,54872,251.9
rv0050,55025,332
rv0050,55058,60
rv0050,55081,449.7
rv0050,55085,941.3
rv0050,55104,438.8
rv0050,55191,0
rv0050,55232,101
rv0050,55251,472.6
rv0050,55288,786.6
rv0050,55337,446.6
rv0050,55354,415.7
rv0050,55398,0
rv0050,55421,213.5
rv0050,55523,792.4
rv0050,55557,1919.2
rv0050,55609,1632
rv0050,55639,588.3
rv0053,58198,0
rv0053,58244,0
rv0053,58281,0
rv0053,58336,0
rv0053,58366,1.3
rv0053,58457,464.7
rv0053,58477,908.9
rv0054,58700,0
rv0054,58756,0
rv0054,58819,0
rv0054,58831,0
rv0054,58916,0
rv0056,59478,844.3
rv0056,59486,216.2
rv0056,59581,1086.8
rv0056,59590,977.8000000000001
rv0056,59638,26
rv0056,59744,999.8
rv0056,59836,1113.4
rv0056,59862,3731.2
rv0058,60450,0
rv0058,60535,0
rv0058,60547,0
rv0058,60564,0
rv0058,60588,0
rv0058,60609,0
rv0058,60696,0
rv0058,60744,0
rv0058,60747,0
rv0058,60790,0
rv0058,60816,11
rv0058,60822,0
rv0058,60882,0
rv0058,61001,0
rv0058,61307,0
rv0058,61401,0
rv0058,61431,11
rv0058,61547,0
rv0058,61553,0
rv0058,61625,0
rv0058,61814,0
rv0058,61885,0
rv0058,61986,0
rv0058,62045,0
rv0058,62067,0
rv0058,62113,0
rv0058,62158,0
rv0058,62164,0
rv0058,62194,0
rv0058,62206,0
rv0058,62307,0
rv0058,62310,0
rv0058,62324,5.7
rv0058,62569,0
rv0058,62730,0
rv0058,62791,0
rv0058,62825,0
rv0058,62971,0
rv0062,65663,3356.4
rv0062,65689,4495.7
rv0062,65712,2141.8
rv0062,65755,42.8
rv0062,65837,4048.1
rv0062,65930,841.6
rv0062,65984,1462.9
rv0062,66032,3563.3
rv0062,66058,1945
rv0062,66062,3970.1
rv0062,66095,174.9
rv0062,66230,917.5999999999999
rv0062,66272,2632.4
rv0062,66361,833.4
rv0062,66383,2932
rv0062,66407,291.90000000000003
rv0062,66446,783.5
rv0062,66508,1948.9
rv0062,66575,6236.9
rv0062,66649,82.1
rv0062,66656,1360.2
rv0062,66689,1884
rv0066c,72330,364.1
rv0066c,72353,456.7
rv0066c,72356,35.9
rv0066c,72385,508.6
rv0066c,72503,1039.3
rv0066c,72515,428
rv0066c,72609,799.6
rv0066c,72633,0
rv0066c,72651,9.1
rv0066c,72767,762.7
rv0066c,72823,337.5
rv0066c,72854,815.6999999999999
rv0066c,72920,616.1
rv0066c,72986,1192.3
rv0066c,73028,0
rv0066c,73244,779.5
rv0066c,73346,968.4
rv0066c,73412,5667.7
rv0066c,73491,1382.9
rv0066c,73546,2586.2
rv0066c,73601,543
rv0066c,73679,358.2
rv0066c,73796,256.09999999999997
rv0066c,73958,73.10000000000001
rv0066c,73984,1211.4
rv0066c,74042,159
rv0066c,74092,0
rv0066c,74126,398.2
rv0066c,74174,18.1
rv0066c,74189,39.599999999999994
rv0066c,74221,180.3
rv0066c,74278,74.1
rv0066c,74310,0
rv0066c,74317,0
rv0066c,74339,43.800000000000004
rv0066c,74371,301.1
rv0066c,74444,568.9
rv0066c,74480,2444.1
rv0069c,76295,1996.6
rv0069c,76712,677.1
rv0069c,76724,495.2
rv0069c,76886,1313.1
rv0069c,77002,35.8
rv0069c,77052,2826.7999999999997
rv0069c,77105,2436
rv0069c,77189,45
rv0069c,77286,187.1
rv0069c,77382,933.7
rv0069c,77419,347.9
rv0069c,77527,1925.3
rv0070c,77638,28.200000000000003
rv0070c,77647,22
rv0070c,77835,551.9
rv0070c,77922,209.3
rv0070c,77952,144
rv0070c,78290,3983.2
rv0070c,78361,37.3
rv0070c,78439,4843.6
rv0070c,78460,1082.1
rv0070c,78475,831
rv0070c,78564,417.40000000000003
rv0070c,78625,567.3
rv0070c,78659,0
rv0070c,78700,3547.6
rv0070c,78703,1463.1
rv0070c,78718,277.9
rv0070c,78730,2314
rv0070c,78781,12952.7
rv0084,92331,4389.6
rv0084,92335,396.1
rv0084,92390,1081
rv0084,92404,1074.6
rv0084,92635,1247.1
rv0084,92813,156.2
rv0084,92854,1686.8
rv0084,92970,38.5
rv0084,93196,0
rv0085,93291,156.7
rv0085,93431,6.4
rv0085,93600,93.6
rv0085,93770,586.2
rv0086,94212,527.3
rv0086,94241,302.8
rv0086,94253,2579.4
rv0086,94266,508.09999999999997
rv0086,94342,0
rv0086,94425,1439.7
rv0086,94469,198.89999999999998
rv0086,94482,2553.6
rv0086,94535,3150.6
rv0086,94561,225.1
rv0086,94608,19.9
rv0086,94773,145.8
rv0086,94869,607.9
rv0086,95039,96.6
rv0086,95407,438.3
rv0087,95442,90.6
rv0087,95460,218.7
rv0087,95546,89.3
rv0087,95564,9.1
rv0087,95591,627
rv0087,95608,0
rv0087,95633,307.8
rv0087,95681,1284.1
rv0087,95724,249.3
rv0087,95794,79.2
rv0087,95837,718.1
rv0087,96140,359
rv0087,96185,2.9
rv0087,96264,0
rv0087,96316,9.1
rv0087,96389,441.3
rv0087,96455,989.6
rv0087,96510,2567.9
rv0087,96563,1030.6
rv0087,96639,249.2
rv0087,96644,2.2
rv0087,96652,55.7
rv0087,96685,0
rv0087,96715,0
rv0087,96869,228.29999999999998
rv0087,96887,694.6
rv0091,99729,1890.3
rv0091,99788,128.9
rv0091,99845,659
rv0091,99937,7172.8
rv0091,100017,859.2
rv0091,100065,0
rv0091,100173,3529.9
rv0091,100176,6040.3
rv0091,100203,3642.4
rv0091,100253,255.7
rv0091,100307,45.2
rv0092,100626,2003.3
rv0092,100802,34.6
rv0092,100884,0
rv0092,100980,1395.2
rv0092,101079,1127.7
rv0092,101092,572.4
rv0092,101120,1069.7
rv0092,101163,2884.2
rv0092,101191,1771.6
rv0092,101195,797.6
rv0092,101243,0
rv0092,101316,1540.4
rv0092,101328,193.1
rv0092,101406,3730.1
rv0092,101640,184.1
rv0092,101683,33.3
rv0092,101694,91.7
rv0092,101712,494.3
rv0092,101847,933.3
rv0092,101861,902.2
rv0092,102090,0
rv0092,102132,58.599999999999994
rv0092,102228,569.3000000000001
rv0092,102382,161
rv0092,102453,1201.9
rv0092,102528,1953.1
rv0092,102609,1428
rv0092,102680,304.1
rv0092,102806,0
rv0092,102813,0
rv0096,105326,5633.9
rv0096,105328,5397
rv0096,105413,3607.2
rv0096,105423,4046.5
rv0096,105504,4862.5
rv0096,105525,4247.5999999999995
rv0096,105583,3364.3
rv0096,105600,1796.6
rv0096,105729,3202.4
rv0096,105771,615
rv0096,105805,1072.6
rv0096,105860,85.9
rv0096,105868,207.39999999999998
rv0096,105874,2092.7999999999997
rv0096,105905,498
rv0096,105930,499.7
rv0096,105936,661.6
rv0096,105979,90.3
rv0096,106014,1011.2
rv0096,106029,609.5
rv0096,106035,730.7
rv0096,106038,834.3
rv0096,106047,659.7
rv0096,106102,385.7
rv0096,106151,105.5
rv0096,106320,6078.3
rv0096,106352,2585.1
rv0096,106364,814
rv0096,106480,1239.8
rv0096,106488,30.2
rv0096,106532,380.7
rv0096,106598,4.3
rv0096,106664,7702.3
rv0096,106685,2829.6
rv0099,108176,7.8
rv0099,108194,91.10000000000001
rv0099,108269,163.70000000000002
rv0099,108282,3.9
rv0099,108341,0
rv0099,108353,971.7
rv0099,108390,1787
rv0099,108562,11.8
rv0099,108583,257.3
rv0099,108593,1739
rv0099,108689,36.1
rv0099,108715,863.9
rv0099,108804,920.2
rv0099,108847,1918.4
rv0099,108851,2905.9
rv0099,108896,2535.6
rv0099,108949,414.40000000000003
rv0099,108973,273.1
rv0099,109021,235.6
rv0099,109029,188.6
rv0099,109067,24.7
rv0099,109076,147.1
rv0099,109101,34.1
rv0099,109194,0
rv0099,109212,758.2
rv0099,109223,9.1
rv0099,109241,0
rv0099,109282,1531.1
rv0099,109289,463.59999999999997
rv0099,109314,71.2
rv0099,109407,1129.6
rv0099,109518,561.7
rv0101,110037,852.8000000000001
rv0101,110057,493.5
rv0101,110071,4421.5
rv0101,110073,4427.1
rv0101,110091,1212.4
rv0101,110146,928.1
rv0101,110196,1391.5
rv0101,110218,32.7
rv0101,110312,2671.7
rv0101,110337,3350.6
rv0101,110421,212.5
rv0101,110470,345.5
rv0101,110571,216.7
rv0101,110597,0
rv0101,110708,1280.2
rv0101,110913,304.5
rv0101,110926,67.6
rv0101,110955,154.5
rv0101,110967,2131.8
rv0101,111010,133
rv0101,111080,380
rv0101,111145,2536.1
rv0101,111208,0
rv0101,111402,87.7
rv0101,111525,41.9
rv0101,111575,20.1
rv0101,111723,1320.3
rv0101,111746,3258.2
rv0101,111819,552.7
rv0101,111935,111.5
rv0101,112084,2.2
rv0101,112109,281.1
rv0101,112170,130.7
rv0101,112270,88.30000000000001
rv0101,112321,5753.7
rv0101,112335,211.3
rv0101,112499,0
rv0101,112510,563
rv0101,112700,55.5
rv0101,112774,688.7
rv0101,112903,1508.5
rv0101,112919,7441.3
rv0101,112923,5975.8
rv0101,112967,52.5
rv0101,112989,844
rv0101,113030,177.1
rv0101,113092,919.7
rv0101,113110,1159.6
rv0101,113130,1316.6
rv0101,113163,226.3
rv0101,113171,56.099999999999994
rv0101,113224,1429.1
rv0101,113392,656.5
rv0101,113459,132.29999999999998
rv0101,113514,2883.6
rv0101,113568,4141
rv0101,113577,1356.6
rv0101,113649,1359.6000000000001
rv0101,113672,148.9
rv0101,113709,602
rv0101,113824,1805.7
rv0101,113921,716.3
rv0101,114030,28.400000000000002
rv0101,114046,1914.2
rv0101,114226,0
rv0101,114248,53.6
rv0101,114282,623.4
rv0101,114323,586.6999999999999
rv0101,114434,94.19999999999999
rv0101,114509,3316.4
rv0101,114555,2110.7
rv0101,114586,1.3
rv0101,114702,1311.6000000000001
rv0101,114847,452.6
rv0101,114855,460.3
rv0101,114900,2165.6
rv0101,114909,2170.5
rv0101,114923,567.1
rv0101,115032,2087.5
rv0101,115075,3626.4
rv0101,115294,1588.9
rv0101,115302,655.1
rv0101,115336,599.2
rv0101,115415,725.5
rv0101,115432,0
rv0101,115458,6411.5999999999995
rv0101,115488,631.1
rv0101,115560,3342.2
rv0101,115647,18
rv0101,115699,673.1
rv0101,115714,984
rv0101,115750,1870.1000000000001
rv0101,115758,962.8
rv0101,115813,832
rv0101,115833,545.5
rv0101,115855,691.8
rv0101,115923,571.1
rv0101,115931,885.8
rv0101,115941,26
rv0101,116072,90.5
rv0101,116095,306.3
rv0101,116149,1419.6
rv0101,116317,1670.5
rv0101,116361,2820.7
rv0101,116471,0
rv0101,116646,169.5
rv0101,116705,839.7
rv0101,116730,3205.6
rv0101,116800,229.7
rv0101,116844,47.4
rv0101,116952,2445.3
rv0101,117011,30.2
rv0101,117036,688.6
rv0101,117165,3793.9
rv0101,117194,27.2
rv0101,117210,7887.3
rv0101,117237,2.9
rv0101,117244,783
rv0101,117377,279.7
rv0101,117501,4423.2
rv0101,117514,2405.5
rv0101,117534,2815.1
rv0103c,119913,517.7
rv0103c,119933,0
rv0103c,120042,829.4
rv0103c,120118,1394.1
rv0103c,120253,4462.8
rv0103c,120307,492.2
rv0103c,120407,403.5
rv0103c,120571,872.9
rv0103c,120623,2193.6
rv0103c,120788,3005.5
rv0103c,120879,11
rv0103c,120889,1645.3
rv0103c,120899,2718.6
rv0103c,120937,4587.6
rv0103c,120986,807.8
rv0103c,121168,0
rv0103c,121178,146.7
rv0103c,121248,127.8
rv0103c,121288,670.8000000000001
rv0103c,121388,659.8000000000001
rv0103c,121394,3967.1
rv0103c,121439,1968.5
rv0103c,121497,2590.1
rv0103c,121545,1348.9
rv0103c,121763,19023.6
rv0103c,121767,6866.5
rv0103c,121853,1274.5
rv0103c,121913,983.3000000000001
rv0103c,121947,276.90000000000003
rv0103c,122042,1643.3
rv0103c,122101,6367.7
rv0107c,125641,243.4
rv0107c,125656,1322.9
rv0107c,125663,3526.2
rv0107c,125820,284.1
rv0107c,125840,516.1
rv0107c,125937,0
rv0107c,126056,1.3
rv0107c,126095,1202.8
rv0107c,126160,116.80000000000001
rv0107c,126428,26.5
rv0107c,126690,147.6
rv0107c,126809,93.5
rv0107c,126826,859.6
rv0107c,126960,3176
rv0107c,127056,56.5
rv0107c,127093,0
rv0107c,127116,342.1
rv0107c,127154,383.6
rv0107c,127157,426.3
rv0107c,127178,0
rv0107c,127229,102.9
rv0107c,127332,0
rv0107c,127341,1208.8
rv0107c,127389,4753.4000000000005
rv0107c,127500,2497.4
rv0107c,127728,2168.1
rv0107c,127836,0
rv0107c,127850,915.3
rv0107c,128015,325.1
rv0107c,128022,0
rv0107c,128070,1306.9
rv0107c,128106,1205.9
rv0107c,128145,386.2
rv0107c,128151,389.3
rv0107c,128162,149.7
rv0107c,128302,1477.3999999999999
rv0107c,128376,26.3
rv0107c,128386,729.1
rv0107c,128613,591.2
rv0107c,128694,3638
rv0107c,128774,3111.6
rv0107c,128817,1555.3000000000002
rv0107c,128901,2191.5
rv0107c,128980,908.3
rv0107c,129113,0
rv0107c,129181,911.8000000000001
rv0107c,129228,792.5
rv0107c,129266,0
rv0107c,129318,4686.6
rv0107c,129393,2180.6
rv0107c,129428,690.3000000000001
rv0107c,129493,3994.9
rv0107c,129705,1530.9
rv0107c,129786,57.5
rv0107c,129809,130.2
rv0107c,129824,772.7
rv0107c,129857,3037.2000000000003
rv0107c,129885,973.5
rv0107c,129966,830.3000000000001
rv0107c,130016,1822.1
rv0107c,130071,9272.2
rv0107c,130104,6126.3
rv0107c,130127,2.6
rv0107c,130260,177.1
rv0107c,130350,351.2
rv0107c,130488,2856
rv0109,131439,0
rv0109,131495,9.1
rv0109,131540,933.4000000000001
rv0109,131551,1726.2
rv0109,131563,5573.4000000000005
rv0109,131638,1119.1
rv0109,131738,3992.2
rv0109,131774,10.8
rv0109,131865,960.3
rv0109,131892,199.8
rv0109,131927,2116.1
rv0109,132045,0
rv0109,132075,79.2
rv0109,132135,0
rv0109,132274,173.7
rv0109,132282,18.1
rv0109,132351,91.5
rv0109,132372,5.9
rv0109,132390,354.6
rv0109,132399,12.7
rv0109,132527,471.1
rv0109,132561,560.6
rv0109,132636,368.9
rv0109,132666,0
rv0109,132741,1351.3
rv0109,132750,725.5
rv0109,132836,1396.1
rv0109,132868,4190.8
rv0112,136368,3781.8
rv0112,136373,1070.3
rv0112,136377,1960.9
rv0112,136433,198.9
rv0112,136455,632.5
rv0112,136465,2.2
rv0112,136489,76.9
rv0112,136512,179.8
rv0112,136591,714.9
rv0112,136619,315.7
rv0112,136644,8.8
rv0112,136676,49.9
rv0112,136710,381.90000000000003
rv0112,136721,285.9
rv0112,136746,477.8
rv0112,136752,11
rv0112,136764,332.09999999999997
rv0112,136790,143.6
rv0112,136853,490.9
rv0112,136904,415.90000000000003
rv0112,136919,2815.4
rv0112,136967,234.2
rv0112,136989,2193.5
rv0112,137013,875.6
rv0112,137041,542
rv0112,137054,1378.8
rv0112,137066,101.9
rv0112,137121,2415.6
rv0112,137149,42.8
rv0112,137205,9.5
rv0112,137213,10.100000000000001
rv0113,137351,1174.1
rv0113,137440,27.6
rv0113,137481,405.4
rv0113,137516,176.79999999999998
rv0113,137585,63
rv0113,137605,860.4
rv0113,137611,551.1
rv0113,137675,47.300000000000004
rv0113,137679,679.1
rv0113,137694,899.5
rv0113,137702,20.9
rv0113,137853,50.3
rv0113,137905,0
rv0114,137983,425.9
rv0114,138020,1599.5
rv0114,138024,2325.6
rv0114,138081,1448.5
rv0114,138098,12128
rv0114,138168,7855.2
rv0114,138213,4091
rv0114,138265,698.3
rv0114,138414,493.4
rv0114,138509,2322.3
rv0115,138580,1377.5
rv0115,138609,1677.8999999999999
rv0115,138614,7283.7
rv0115,138628,7351.4
rv0115,138634,1731
rv0115,138763,78.89999999999999
rv0115,138795,5261.3
rv0115,138925,2289.5
rv0115,138997,1301.2
rv0115,139073,3.9
rv0115,139117,4403.4
rv0115,139265,2992
rv0115,139354,1572.1
rv0115,139449,268.09999999999997
rv0115,139509,1432
rv0115,139536,6922.8
rv0115,139559,2954.8
rv0115,139661,383.2
rv0117,141219,609.1
rv0117,141273,3815.8
rv0117,141368,746.6
rv0117,141394,1152.3
rv0117,141409,843.1
rv0117,141463,55.900000000000006
rv0117,141481,36.6
rv0117,141594,95.60000000000001
rv0117,141681,1349.9
rv0117,141693,3557.6
rv0117,141716,435
rv0117,141766,1115.3
rv0117,141791,16
rv0117,141809,0
rv0117,141934,137
rv0117,142025,742.9
rv0117,142069,1047.1
rv0118c,142164,936.5
rv0118c,142291,853
rv0118c,142298,12.1
rv0118c,142398,380.5
rv0118c,142424,0
rv0118c,142469,1.3
rv0118c,142571,132.1
rv0118c,142627,17.5
rv0118c,142688,304.6
rv0118c,142719,15.8
rv0118c,142739,43.3
rv0118c,142882,130.8
rv0118c,142950,0
rv0118c,143005,658
rv0118c,143008,96.9
rv0118c,143169,0
rv0118c,143189,293.6
rv0118c,143278,454.5
rv0118c,143364,0
rv0118c,143372,2183
rv0118c,143374,2533.8
rv0118c,143456,370.6
rv0118c,143507,423.7
rv0118c,143715,5108.9
rv0118c,143717,2724.7
rv0118c,143780,1448.3
rv0119,144653,0
rv0119,144698,151.2
rv0119,144830,502.9
rv0119,144832,83
rv0119,144957,10.4
rv0119,145026,8.8
rv0119,145048,110.5
rv0119,145191,0
rv0119,145199,510.7
rv0119,145218,73.9
rv0119,145252,83
rv0119,145401,90.30000000000001
rv0119,145424,2.9
rv0119,145622,313.9
rv0120c,145626,291.8
rv0120c,145643,0
rv0120c,145677,34.9
rv0120c,145740,9.1
rv0120c,145871,70.4
rv0120c,146020,0
rv0120c,146034,0
rv0120c,146053,554.8
rv0120c,146092,305.3
rv0120c,146187,643.7
rv0120c,146285,630.1999999999999
rv0120c,146298,5.8
rv0120c,146314,727.6999999999999
rv0120c,146347,1153.2
rv0120c,146530,0
rv0120c,146683,1151.6000000000001
rv0120c,146686,767.6
rv0120c,146790,778.3000000000001
rv0120c,146878,318.2
rv0120c,146930,196.2
rv0120c,147063,87
rv0120c,147189,299.2
rv0120c,147195,1773.2
rv0120c,147243,271
rv0120c,147251,281.1
rv0120c,147300,122.7
rv0120c,147477,1067.9
rv0120c,147516,681.7
rv0124,149547,782
rv0124,149590,4.3
rv0124,149714,1258.3
rv0124,149789,3819.7
rv0124,149936,1642.3
rv0124,150284,274
rv0124,150391,14.5
rv0124,150430,19.8
rv0124,150555,372.3
rv0124,150631,85.4
rv0124,150730,0
rv0124,150870,3104.1
rv0124,150872,1593.1000000000001
rv0124,150992,187.39999999999998
rv0125,151359,1929
rv0125,151485,1295.9
rv0125,151506,878.3
rv0125,151792,1470
rv0125,151808,1601.5
rv0125,151829,356
rv0125,151934,926.3
rv0125,151943,1651.3
rv0125,152111,1090.4
rv0125,152174,1059.2
rv0126,152453,2341.2
rv0126,152469,1173.1
rv0126,152550,2866.2999999999997
rv0126,152595,1640.5
rv0126,152622,942.5999999999999
rv0126,152640,6942.5
rv0126,152711,3912.6
rv0126,152799,3176.9
rv0126,152808,3857.2
rv0126,152811,13082
rv0126,152838,1549.1
rv0126,152913,5131
rv0126,152952,3611
rv0126,153045,4410
rv0126,153154,934.1999999999999
rv0126,153192,1620.6000000000001
rv0126,153352,4336.9
rv0126,153382,765.2
rv0126,153411,9629.2
rv0126,153417,9221.4
rv0126,153426,1751
rv0126,153558,3717.7
rv0126,153561,2825.3
rv0126,153684,3083.9
rv0126,153711,887.9
rv0126,153717,791.3
rv0126,153867,5217.1
rv0126,153972,5708.4
rv0126,154029,3339.3
rv0126,154059,4771.2
rv0126,154123,2596.8
rv0129c,156635,0
rv0129c,156670,698.5
rv0129c,156704,1045.2
rv0129c,156736,4059.9
rv0129c,156795,2418.1
rv0129c,156830,0
rv0129c,156838,3354.7
rv0129c,156946,1095.8
rv0129c,157033,258.5
rv0129c,157051,872.5
rv0129c,157054,2858.7
rv0129c,157140,976.6
rv0129c,157163,785.6999999999999
rv0129c,157183,5676.7
rv0129c,157189,9333.4
rv0129c,157219,1163.7
rv0129c,157231,1186
rv0129c,157282,5499.1
rv0129c,157285,2704.7000000000003
rv0129c,157324,3354.7000000000003
rv0129c,157357,1927.6
rv0129c,157432,1831.2
rv0129c,157454,1065.5
rv0129c,157490,591.8
rv0129c,157504,983
rv0129c,157523,387.3
rv0129c,157532,704.5
rv0129c,157598,8792.3
rv0131c,158419,2525.2
rv0131c,158432,24.9
rv0131c,158635,558.5
rv0131c,158654,244.2
rv0131c,158673,6391.8
rv0131c,158708,1072.8
rv0131c,158759,673.5999999999999
rv0131c,158838,1094.1
rv0131c,158929,515.5
rv0131c,158938,769.9
rv0131c,159043,2412.1
rv0131c,159047,982.3000000000001
rv0131c,159080,650.3
rv0131c,159220,556.9
rv0131c,159255,3836.5
rv0131c,159259,706.3
rv0131c,159511,1434.1
rv0131c,159589,2261.8
rv0132c,159729,1691.6
rv0132c,159835,0
rv0132c,160003,202.1
rv0132c,160110,238.79999999999998
rv0132c,160185,253.2
rv0132c,160212,1524.9
rv0132c,160262,1172.5
rv0132c,160299,1761.3
rv0132c,160425,772.5
rv0132c,160431,10024.1
rv0132c,160433,4310.5
rv0132c,160544,8783.6
rv0132c,160566,2710
rv0132c,160637,2566.1
rv0132c,160712,1557.2
rv0134,161875,1482.8
rv0134,162009,606.5
rv0134,162011,5408.7
rv0134,162209,12146.3
rv0134,162225,812.6
rv0134,162278,3575.8
rv0134,162288,1777.6
rv0134,162354,3467.9
rv0134,162405,1248.1
rv0134,162453,1990.1
rv0134,162537,2358
rv0134,162643,3820.7
rv0136,163401,947.8
rv0136,163499,106.9
rv0136,163522,2300
rv0136,163532,7662.8
rv0136,163566,3880.5
rv0136,163692,562.0999999999999
rv0136,163730,4335.9
rv0136,163819,5753.2
rv0136,163872,4158.7
rv0136,163932,136.8
rv0136,163952,1267.5
rv0136,163963,894.3
rv0136,164000,1293.3
rv0136,164070,3170.9
rv0136,164096,1780.6
rv0136,164295,2865.3
rv0136,164351,1643.3
rv0136,164384,43.6
rv0136,164395,2510.2000000000003
rv0136,164401,785.1
rv0136,164412,7878.5
rv0136,164465,2841.2
rv0136,164476,5185.1
rv0137c,164770,11.7
rv0137c,164804,821
rv0137c,164816,10.1
rv0137c,164828,2717.7
rv0137c,164966,2404.3
rv0137c,164984,842
rv0137c,165003,3702.7999999999997
rv0137c,165065,379.9
rv0137c,165123,557.4
rv0137c,165128,16796
rv0137c,165158,4732.8
rv0151c,177570,5331.4
rv0151c,177713,6813.0999999999995
rv0151c,177726,2005.2
rv0151c,177745,9882.4
rv0151c,177773,993.9
rv0151c,177850,637
rv0151c,177866,7951
rv0151c,178017,1857.2
rv0151c,178043,520.3
rv0151c,178064,499.1
rv0151c,178081,5248.7
rv0151c,178181,18308.2
rv0151c,178184,11794.3
rv0151c,178231,6438
rv0151c,178256,15345.5
rv0151c,178276,2298
rv0151c,178285,1499.6
rv0151c,178296,1025
rv0151c,178319,661.6
rv0151c,178346,3642.9
rv0151c,178358,12787.4
rv0151c,178373,188.3
rv0151c,178397,3168.1
rv0151c,178405,2298.5
rv0151c,178435,10942.5
rv0151c,178447,3214.9
rv0151c,178574,1413.8
rv0151c,178639,2447.5
rv0151c,178694,1562.7
rv0151c,178696,11705.4
rv0151c,178778,5739.1
rv0151c,178792,11.5
rv0151c,178827,1361.2
rv0151c,178849,961.8
rv0151c,178872,2220.3
rv0151c,179021,2400.4
rv0151c,179109,1670.3
rv0151c,179148,108.10000000000001
rv0151c,179164,944.1
rv0151c,179182,2707.4
rv0151c,179186,7102.1
rv0151c,179223,1250.6
rv0151c,179243,4090.7
rv0151c,179254,6013.6
rv0152c,179333,2558.2
rv0152c,179340,2781
rv0152c,179374,8900
rv0152c,179451,0
rv0152c,179464,1317.3000000000002
rv0152c,179470,3919.2999999999997
rv0152c,179489,463.90000000000003
rv0152c,179549,4954.4
rv0152c,179609,10041.9
rv0152c,179858,4212.5
rv0152c,179870,3684.5
rv0152c,179876,5773.4
rv0152c,179891,788.2
rv0152c,180008,25079.8
rv0152c,180011,5523.6
rv0152c,180027,4789
rv0152c,180029,2681.5
rv0152c,180046,1673.9
rv0152c,180051,3897
rv0152c,180054,2253.4
rv0152c,180089,4056.2
rv0152c,180100,3662.4
rv0152c,180152,0
rv0152c,180179,1900.1
rv0152c,180191,13641.8
rv0152c,180206,2667.2
rv0152c,180233,4379.1
rv0152c,180285,2334.5
rv0152c,180394,3695.7
rv0152c,180451,4339.7
rv0152c,180533,6212.1
rv0152c,180562,4476.4
rv0152c,180582,8436
rv0152c,180589,5662.0999999999995
rv0152c,180606,9241.8
rv0152c,180619,3046.1
rv0152c,180767,7814.9
rv0152c,180804,6665.5
rv0152c,180843,3122.4
rv0152c,180855,2297.4
rv0153c,181200,202.6
rv0153c,181217,236
rv0153c,181235,4067.2000000000003
rv0153c,181271,1646.5
rv0153c,181418,1131.7
rv0153c,181494,23.8
rv0153c,181555,2789
rv0153c,181595,1083.7
rv0153c,181610,3955.7
rv0153c,181630,2182.1
rv0153c,181678,1601
rv0154c,182100,5553.5
rv0154c,182339,0
rv0154c,182434,277.2
rv0154c,182462,3556.1
rv0154c,182523,3783.6
rv0154c,182716,6664.1
rv0154c,182733,5033.8
rv0154c,182979,1445
rv0154c,183017,11273.6
rv0154c,183108,3150.3
rv0154c,183117,1534.3
rv0154c,183174,1105.5
rv0155,183791,4945.4
rv0155,183912,911.4
rv0155,183922,535
rv0155,184049,1320.9
rv0155,184051,4523
rv0155,184194,249.1
rv0155,184214,2962.1
rv0155,184304,180
rv0155,184604,1714.2
rv0155,184626,846.7
rv0155,184718,8175.2
rv0156,184724,5125.7
rv0157,185062,3320.7
rv0157,185080,8060.5
rv0157,185107,2002
rv0157,185379,443.3
rv0157,185484,1856
rv0157,185859,1036
rv0157,185992,4752.7
rv0157,186022,49
rv0157,186103,1691
rv0157,186141,4469.5
rv0157,186175,943.4
rv0157,186298,1751.1
rv0157,186397,1386.5
rv0157,186414,14168.6
rv0157,186475,2116.5
rv0159c,187458,385.6
rv0159c,187549,5852.2
rv0159c,187555,18906.6
rv0159c,187559,11901.1
rv0159c,187566,361.6
rv0159c,187581,741.8
rv0159c,187596,22460.1
rv0159c,187599,3228
rv0159c,187692,5352.8
rv0159c,187702,2251.7000000000003
rv0159c,187708,941.7
rv0159c,187714,3255.6
rv0159c,187728,3981.5
rv0159c,187737,4501.1
rv0159c,187761,535.4
rv0159c,187773,5318.2
rv0159c,187831,27197.2
rv0159c,187834,14205
rv0159c,187852,1915.6
rv0159c,187909,1052.7
rv0159c,187961,12636.4
rv0159c,187972,469
rv0159c,187990,992.4
rv0159c,187999,1319
rv0159c,188011,22552.1
rv0159c,188017,23623
rv0159c,188026,893.6999999999999
rv0159c,188063,7969.7
rv0159c,188080,3841.3
rv0159c,188092,4225.8
rv0159c,188120,1243.8
rv0159c,188126,12674.9
rv0159c,188129,2528.3
rv0159c,188181,698.6
rv0159c,188189,4829.8
rv0159c,188199,2819.7
rv0159c,188214,22.700000000000003
rv0159c,188233,73.1
rv0159c,188265,1084.3
rv0159c,188339,203.3
rv0159c,188365,1427.3
rv0159c,188407,6507.3
rv0159c,188441,1009.3000000000001
rv0159c,188481,250.5
rv0159c,188546,8368.9
rv0159c,188578,1864.2
rv0159c,188640,5173.3
rv0159c,188665,576.9
rv0159c,188763,1675.5
rv0159c,188830,12544
rv0160c,188992,3581
rv0160c,189020,2306.8
rv0160c,189040,56.5
rv0160c,189059,12765.9
rv0160c,189125,1270
rv0160c,189155,1430.3
rv0160c,189158,8416.4
rv0160c,189210,329.8
rv0160c,189218,4972
rv0160c,189236,1376.4
rv0160c,189245,352.8
rv0160c,189308,2895.4
rv0160c,189362,27879.5
rv0160c,189365,7293.1
rv0160c,189381,799.3000000000001
rv0160c,189383,2228
rv0160c,189414,812.2
rv0160c,189443,1345.9
rv0160c,189458,14754.7
rv0160c,189464,4425.1
rv0160c,189533,712.8
rv0160c,189545,8039
rv0160c,189560,439.2
rv0160c,189567,2466.4
rv0160c,189614,8008.2
rv0160c,189663,1961
rv0160c,189684,3353
rv0160c,189728,9645.8
rv0160c,189758,61.8
rv0160c,189810,516.5
rv0160c,189873,421.5
rv0160c,189965,1421.4
rv0160c,189979,0
rv0160c,189987,1329.9
rv0160c,190002,2347.6
rv0160c,190015,0
rv0160c,190125,1685.7
rv0160c,190144,0
rv0160c,190178,1476.7
rv0160c,190253,1988.4
rv0160c,190265,824.4
rv0160c,190326,8092.8
rv0162c,191983,531
rv0162c,192056,566.4
rv0162c,192166,795.2
rv0162c,192275,71.2
rv0162c,192370,1485.7
rv0162c,192417,2.2
rv0162c,192449,850
rv0162c,192451,1497
rv0162c,192479,41
rv0162c,192543,484.4
rv0162c,192579,245.4
rv0162c,192679,2207.5
rv0162c,192710,88.1
rv0162c,192918,30.2
rv0162c,193048,616.7
rv0162c,193074,3370.8
rv0162c,193108,3355.9
rv0164,193657,15767.5
rv0164,193737,0
rv0164,193747,0
rv0164,193795,0
rv0164,193858,0
rv0164,193860,0
rv0164,193873,0
rv0164,193876,0
rv0164,194107,5487.8
rv0166,195028,653.1
rv0166,195034,6289.1
rv0166,195051,2557.3
rv0166,195160,4240
rv0166,195242,1694.3
rv0166,195301,1578.3999999999999
rv0166,195480,1841.9
rv0166,195490,5948.3
rv0166,195558,6569.7
rv0166,195639,4477.2
rv0166,195656,2527.7000000000003
rv0166,195698,408.3
rv0166,195756,4715.9
rv0166,195857,233.5
rv0166,195892,1117
rv0166,195973,2488
rv0166,196043,458.2
rv0166,196143,0
rv0166,196170,1075.3
rv0166,196241,1729.5
rv0166,196257,2493.4
rv0166,196292,10822.3
rv0166,196314,3431.2
rv0166,196426,66.9
rv0166,196456,10656.1
rv0166,196488,5320.3
rv0166,196575,0
rv0166,196653,358.9
rv0167,196886,2645.5
rv0167,197034,307.1
rv0167,197055,15.8
rv0167,197089,2143.6
rv0167,197390,2047.9
rv0167,197417,4234.5
rv0167,197516,306.9
rv0168,197718,4233.8
rv0168,197811,1010.4
rv0168,197814,829.5
rv0168,197858,228.3
rv0168,198071,1299.4
rv0168,198198,1413.1
rv0168,198215,6048.4
rv0168,198255,2229
rv0168,198276,5155
rv0168,198285,4198.5
rv0168,198375,4018.9
rv0168,198378,2492.6
rv0168,198384,664.6
rv0168,198492,1561.9
rv0168,198525,880.4
rv0169,198574,1472.8
rv0169,198596,2876.9
rv0169,198617,751.5
rv0169,198629,2164.3
rv0169,198631,2542.8
rv0169,198727,6834.7
rv0169,198729,565.7
rv0169,198752,707.9
rv0169,198823,3588.6
rv0169,198885,707.9
rv0169,198889,10391.6
rv0169,198932,260.7
rv0169,198956,5789.4000000000005
rv0169,199083,272.5
rv0169,199192,1162.1
rv0169,199348,1537
rv0169,199402,11336.1
rv0169,199404,1484.2
rv0169,199438,3291.7
rv0169,199458,1198.5
rv0169,199479,13
rv0169,199486,388.7
rv0169,199514,1091.8
rv0169,199523,2538
rv0169,199527,9671.4
rv0169,199553,0
rv0169,199589,158.6
rv0169,199601,1412.5
rv0169,199631,166.6
rv0169,199643,2.6
rv0169,199675,3905
rv0169,199677,7975.6
rv0169,199681,4304.9
rv0169,199777,1420.9
rv0169,199813,1154.8999999999999
rv0169,199840,3439.2
rv0169,199852,2886.6
rv0169,199871,1440.4
rv0169,199878,1337.7
rv0170,200000,3014.1
rv0170,200007,3812.3
rv0170,200009,1138.9
rv0170,200071,230.8
rv0170,200095,4754.9
rv0170,200138,527.6
rv0170,200160,5717.5
rv0170,200187,422.90000000000003
rv0170,200204,110.7
rv0170,200211,1921.8
rv0170,200419,7110.1
rv0170,200561,3609.7
rv0170,200700,2083.9
rv0170,200711,1363.4
rv0170,200808,1224.8
rv0170,200829,2838.1
rv0170,200900,352.2
rv0170,200915,951.5
rv0171,201019,1977.8
rv0171,201036,1107.1
rv0171,201053,2281.5
rv0171,201056,3084
rv0171,201102,1494
rv0171,201213,1432.6
rv0171,201241,1434.7
rv0171,201326,161.3
rv0171,201335,2483.5
rv0171,201434,1267.8999999999999
rv0171,201469,4587.5
rv0171,201516,5925.6
rv0171,201519,1124.7
rv0171,201579,1353.8
rv0171,201592,6501.6
rv0171,201685,1299.6
rv0171,201836,1183.1
rv0171,201916,1559.1000000000001
rv0171,201919,1041.3999999999999
rv0171,201959,1175.9
rv0171,202082,3224.1
rv0171,202135,344.4
rv0171,202236,637.3
rv0171,202447,458.5
rv0171,202465,2325.6
rv0172,202491,174.3
rv0172,202594,1899.3
rv0172,202627,1994.1
rv0172,202651,8097.4000000000005
rv0172,202674,3140.2
rv0172,202744,519.9
rv0172,202756,10175.4
rv0172,202837,7586.5
rv0172,202863,1098.5
rv0172,202895,1401.6
rv0172,202935,4950
rv0172,202938,4665.3
rv0172,203028,2300.6
rv0172,203111,3646.6
rv0172,203126,656.1
rv0172,203141,3453.1
rv0172,203316,2467.5
rv0172,203412,2010.5
rv0172,203422,4171.3
rv0172,203514,0
rv0172,203527,222
rv0172,203557,5204.7
rv0172,203593,2797.7999999999997
rv0172,203640,1272.3
rv0172,203653,1387.8
rv0172,203686,1443.3
rv0172,203724,97.89999999999999
rv0172,203856,0
rv0172,203908,3149.1
rv0172,203917,1160.8
rv0172,203942,1310
rv0172,203963,277.3
rv0172,203990,2050.5
rv0173,204216,6556.4
rv0173,204225,6381.6
rv0173,204367,0
rv0173,204504,1076.3
rv0173,204689,1025.7
rv0173,204726,5366.3
rv0173,204772,3314.1
rv0173,204800,941.8
rv0173,204835,1702.1
rv0173,204864,1491.6000000000001
rv0173,204948,4255.8
rv0173,205026,5001.5999999999995
rv0173,205059,3030.9
rv0173,205085,24.9
rv0173,205170,1037.7
rv0173,205210,3252.3
rv0174,205281,8.6
rv0174,205296,2115.6
rv0174,205307,3389.7000000000003
rv0174,205310,5451.4
rv0174,205336,14
rv0174,205346,1816.1999999999998
rv0174,205385,514.1
rv0174,205406,1657.7
rv0174,205414,1055
rv0174,205432,1574
rv0174,205490,1283.7
rv0174,205550,8020.1
rv0174,205582,631.4
rv0174,205586,13894.5
rv0174,205978,161.5
rv0174,205986,622.1
rv0174,206047,2583.2999999999997
rv0174,206060,1472.8
rv0174,206124,4062.2
rv0174,206177,2512.6
rv0174,206236,184.9
rv0174,206267,5196.8
rv0174,206374,2247.7
rv0174,206384,3822.5
rv0174,206398,543.2
rv0174,206593,306.2
rv0174,206620,1046.9
rv0174,206633,3029.3
rv0174,206663,5158.3
rv0174,206665,1040.5
rv0174,206708,3120.5
rv0179c,209702,5721.4
rv0179c,209811,298
rv0179c,209871,867.6
rv0179c,209912,5079.7
rv0179c,209933,10925.3
rv0179c,209957,2382.5
rv0179c,210009,223.4
rv0179c,210022,576.3
rv0179c,210101,3215.5
rv0179c,210131,3385.2999999999997
rv0179c,210215,1057.9
rv0179c,210275,4063.7999999999997
rv0179c,210378,5851.9
rv0179c,210393,857.1
rv0179c,210404,754.5
rv0179c,210490,2190.8
rv0179c,210496,2933.2999999999997
rv0179c,210563,1309
rv0179c,210594,4124.2
rv0179c,210617,3671.5
rv0179c,210626,3081.1
rv0179c,210646,52.7
rv0179c,210740,1784.3999999999999
rv0182c,213122,4590.2
rv0182c,213159,15449.3
rv0182c,213208,752.3
rv0182c,213222,473.2
rv0182c,213273,1494.4
rv0182c,213283,1143.7
rv0182c,213285,1483.6
rv0182c,213345,6175.7
rv0182c,213364,3145
rv0182c,213366,3774.5
rv0182c,213472,2077.4
rv0182c,213493,905.6
rv0182c,213551,1813.8
rv0182c,213818,404
rv0182c,213846,6137.3
rv0182c,213918,2292.5
rv0182c,213945,307.2
rv0182c,214036,2599.4
rv0182c,214073,436.1
rv0182c,214084,1035.2
rv0182c,214091,7139.2
rv0186,216375,2593
rv0186,216453,120.80000000000001
rv0186,216473,635.1
rv0186,216499,23.6
rv0186,216512,1577.8
rv0186,216620,72.3
rv0186,216639,2868.2999999999997
rv0186,216867,2114
rv0186,216888,822.1999999999999
rv0186,216942,136.7
rv0186,217083,137.4
rv0186,217099,1114.6
rv0186,217126,488.7
rv0186,217295,1160.8999999999999
rv0186,217314,395.7
rv0186,217341,40.3
rv0186,217374,376.7
rv0186,217387,574.6
rv0186,217424,959.8
rv0186,217431,316.3
rv0186,217661,532
rv0186,217740,4.2
rv0186,217902,796.5
rv0186,217926,21.7
rv0186,217986,2749.9
rv0186,217988,750.2
rv0186,218001,1028.5
rv0186,218054,630.2
rv0186,218097,6772.1
rv0186,218099,3001.1
rv0186,218182,176.9
rv0186,218217,372
rv0186,218259,1523.2
rv0186,218287,164.5
rv0189c,219995,0
rv0189c,220040,0
rv0189c,220051,0
rv0189c,220059,0
rv0189c,220064,0
rv0189c,220273,0
rv0189c,220284,0
rv0189c,220361,0
rv0189c,220369,0
rv0189c,220389,0
rv0189c,220459,0
rv0189c,220567,11
rv0189c,220632,0
rv0189c,220654,0
rv0189c,220683,0
rv0189c,220798,0
rv0189c,220870,0
rv0189c,221061,0
rv0189c,221069,11
rv0189c,221202,0
rv0189c,221235,0
rv0189c,221246,0
rv0189c,221468,0
rv0202c,238570,5331.8
rv0202c,238573,4946.7
rv0202c,238622,1525.8
rv0202c,238648,569.6
rv0202c,238681,3412.3
rv0202c,238780,0
rv0202c,238908,4595.1
rv0202c,238933,394.3
rv0202c,238961,3080.2
rv0202c,239000,0
rv0202c,239229,438.1
rv0202c,239301,305.5
rv0202c,239392,2619.2999999999997
rv0202c,239447,2008.5
rv0202c,239464,3320.6
rv0202c,239590,360.2
rv0202c,239796,1061.9
rv0202c,239856,330.8
rv0202c,239969,3761.9
rv0202c,240264,942.5
rv0202c,240303,2123.4
rv0202c,240403,2269.6
rv0202c,240434,1368.3
rv0202c,240523,70.5
rv0202c,240547,3399.9
rv0202c,240731,1473.7
rv0202c,240761,1106.4
rv0202c,240817,3058
rv0202c,240870,1081.9
rv0202c,240943,2573.5
rv0202c,241014,1745.3
rv0202c,241026,477.7
rv0202c,241054,2875
rv0202c,241058,5575.5
rv0202c,241080,258.7
rv0202c,241114,427.2
rv0202c,241182,1740.2
rv0202c,241210,1242.5
rv0202c,241224,881.8
rv0206c,244558,1705.2
rv0206c,244622,2656.7999999999997
rv0206c,244696,497.7
rv0206c,245165,0
rv0206c,245226,2.9
rv0206c,245296,0
rv0206c,245397,0
rv0206c,245408,0
rv0206c,245504,0
rv0206c,245809,0
rv0206c,245819,0
rv0206c,245826,0
rv0206c,245845,11
rv0206c,245979,0
rv0206c,246042,0
rv0206c,246085,0
rv0206c,246151,0
rv0206c,246231,0
rv0206c,246343,0
rv0206c,246384,0
rv0206c,246497,0
rv0206c,246516,0
rv0206c,246564,1.3
rv0206c,246615,0
rv0206c,246695,0
rv0206c,246882,0
rv0206c,246939,0
rv0206c,246987,0
rv0206c,247137,0
rv0206c,247188,0
rv0206c,247250,0
rv0206c,247271,0
rv0206c,247284,0
rv0206c,247290,0
rv0211,251811,387.8
rv0211,251936,2460.5
rv0211,251989,389.2
rv0211,252040,7543.0999999999995
rv0211,252127,1107.3
rv0211,252157,18982.9
rv0211,252174,1409.8
rv0211,252232,3669.2
rv0211,252388,5352.7
rv0211,252427,1702.7
rv0211,252439,717.1
rv0211,252472,1072.7
rv0211,252483,562
rv0211,252568,6044.1
rv0211,252571,1885
rv0211,252706,483.8
rv0211,252771,30.099999999999998
rv0211,252904,264.5
rv0211,252949,71.9
rv0211,253116,0
rv0211,253195,680.4
rv0211,253210,716.1
rv0211,253463,261.6
rv0211,253595,8324.9
rv0211,253600,537.4
rv0212c,253670,0
rv0212c,253800,675.6
rv0212c,253877,390
rv0212c,253891,1045.1
rv0212c,254050,6224.3
rv0212c,254333,1490.4
rv0212c,254585,7166.2
rv0214,256082,1148.4
rv0214,256148,2283.3
rv0214,256175,1809.1999999999998
rv0214,256177,4202.0999999999995
rv0214,256189,119
rv0214,256208,1368.4
rv0214,256376,5782.1
rv0214,256379,4284.7
rv0214,256393,5366.4
rv0214,256421,10854.6
rv0214,256565,489.2
rv0214,256634,1390.3
rv0214,256755,2828.5
rv0214,256757,3117.7
rv0214,256778,2111.7
rv0214,256886,253.4
rv0214,256957,56.800000000000004
rv0214,256964,0
rv0214,256981,30.2
rv0214,257066,1309.2
rv0214,257069,6882.3
rv0214,257151,973.6
rv0214,257219,373.9
rv0214,257234,202.89999999999998
rv0214,257246,1575.1
rv0214,257298,285.7
rv0214,257318,305.9
rv0214,257336,830.8
rv0214,257393,1262.2
rv0214,257547,3365.1
rv0214,257550,439.9
rv0214,257559,387.2
rv0214,257642,3299.2
rv0214,257666,181.6
rv0217c,259934,627.9
rv0217c,259937,2066.8
rv0217c,259973,264.3
rv0217c,260043,1301.5
rv0217c,260049,3194.7
rv0217c,260089,877.6
rv0217c,260157,1915.3
rv0217c,260209,4377.5
rv0217c,260247,55.4
rv0217c,260254,806.5
rv0217c,260302,839.7
rv0217c,260387,630
rv0217c,260455,808
rv0217c,260479,177.3
rv0217c,260503,111.5
rv0217c,260583,3617.7
rv0217c,260587,1782.6
rv0217c,260647,1516.3
rv0217c,260649,802.7
rv0217c,260690,0
rv0217c,260702,2322.5
rv0220,262851,1175.8
rv0220,262867,925.4
rv0220,262887,1006.9
rv0220,262889,857.8
rv0220,262921,0
rv0220,262934,197.3
rv0220,262961,1043.1
rv0220,263026,1213.7
rv0220,263039,0
rv0220,263098,1535.8
rv0220,263190,1204.7
rv0220,263214,372.8
rv0220,263245,1266.2
rv0220,263261,11379.4
rv0220,263340,779.2
rv0220,263383,30.8
rv0220,263394,0
rv0220,263574,2343.1
rv0220,263631,774.5
rv0220,263640,110.2
rv0220,263701,159.4
rv0220,263857,25.8
rv0220,263886,1269.3
rv0220,263926,741.2
rv0220,264021,781.2
rv0222,265553,846.9
rv0222,265785,1940.3
rv0222,265831,711.4
rv0222,265975,2116.8
rv0222,265982,11.899999999999999
rv0222,266015,540.2
rv0222,266151,904
rv0222,266184,2833.5
rv0222,266293,1210.8
rv0230c,274990,964.5
rv0230c,275107,8734.5
rv0230c,275161,3470
rv0230c,275181,8838.6
rv0230c,275287,3511.7999999999997
rv0230c,275317,146.5
rv0230c,275351,62.3
rv0230c,275638,2531.8
rv0230c,275647,2127.2999999999997
rv0230c,275665,7933.9
rv0230c,275671,11995
rv0230c,275737,6611.6
rv0230c,275802,1389.7
rv0230c,275857,2461.6
rv0230c,275948,2623.7
rv0230c,275952,7742.8
rv0231,276091,1564.7
rv0231,276193,2679.6
rv0231,276242,1493.3
rv0231,276259,5678.9000000000005
rv0231,276289,1190.5
rv0231,276325,2421.8
rv0231,276337,7156.4
rv0231,276343,4687.8
rv0231,276365,443.4
rv0231,276487,19351.100000000002
rv0231,276507,1685.3
rv0231,276547,8878.1
rv0231,276550,12832
rv0231,276625,7056.8
rv0231,276661,1490.2
rv0231,276697,14567.5
rv0231,276709,1066.5
rv0231,276724,1272.6
rv0231,276805,10428
rv0231,276850,4291.8
rv0231,276886,5217.1
rv0231,276940,8852.3
rv0231,276950,606.6
rv0231,276988,5889.1
rv0231,277021,1928
rv0231,277030,6622.7
rv0231,277202,682.6
rv0231,277225,6064.1
rv0231,277326,5822.9
rv0231,277380,2897.1
rv0231,277464,293.7
rv0231,277510,3959.6
rv0231,277541,974.2
rv0231,277583,1048.7
rv0231,277702,2157.3
rv0231,277747,2316.2999999999997
rv0231,277762,8389.8
rv0233,278750,2908.6
rv0233,278861,9832.9
rv0233,278954,2750.3
rv0233,278975,30.6
rv0233,278990,1893.2
rv0233,279068,4615.9
rv0233,279107,1831.3
rv0233,279110,7631.2
rv0233,279329,1378.3999999999999
rv0233,279377,2515.4
rv0233,279458,2845.5
rv0233,279527,587.1
rv0234c,279606,1211.9
rv0234c,279644,702.1999999999999
rv0234c,279672,851.5
rv0234c,279711,1432.9
rv0234c,279733,632.2
rv0234c,279903,1203
rv0234c,279948,450.6
rv0234c,280103,63.8
rv0234c,280146,1708.3
rv0234c,280258,2049.8
rv0234c,280312,125.6
rv0234c,280321,0
rv0234c,280414,625.1
rv0234c,280476,1767.8999999999999
rv0234c,280617,0
rv0234c,280626,153.29999999999998
rv0234c,280698,464.9
rv0234c,280701,135.8
rv0234c,280863,264.2
rv0234c,280892,411.4
rv0234c,280951,50
rv0234c,281035,573.6
rv0234c,281077,69.5
rv0234c,281096,1103.3
rv0237,287211,332.6
rv0237,287307,0
rv0237,287441,6009
rv0237,287599,173.8
rv0237,287695,1133.9
rv0237,287785,1309
rv0237,287798,4446
rv0237,287810,2237.2
rv0237,287951,19.299999999999997
rv0237,288080,487.9
rv0237,288130,2273.2
rv0237,288199,0
rv0237,288214,421.5
rv0237,288350,0
rv0243,292185,1558.7
rv0243,292220,1035.3
rv0243,292264,841.0999999999999
rv0243,292397,1270
rv0243,292435,814.6
rv0243,292522,875.1
rv0243,292620,720.3
rv0243,292766,1481.6
rv0243,292803,888.9
rv0243,292816,266.7
rv0243,292856,740.1
rv0243,292864,462.3
rv0243,292887,489.90000000000003
rv0243,293053,2174.5
rv0243,293086,2704.6
rv0243,293125,2064.6
rv0243,293132,257.3
rv0243,293151,35.3
rv0243,293182,593.1
rv0243,293248,4066.7
rv0244c,293922,412.5
rv0244c,294057,781.3
rv0244c,294093,70
rv0244c,294297,339.2
rv0244c,294327,953.4
rv0244c,294342,218.10000000000002
rv0244c,294399,175.7
rv0244c,294428,93.5
rv0244c,294522,635
rv0244c,294528,1167
rv0244c,294552,335.3
rv0244c,294669,213.2
rv0244c,294687,249.7
rv0244c,294776,914.5
rv0244c,294851,286.4
rv0244c,294945,1048.5
rv0244c,295042,838.6
rv0244c,295178,107.6
rv0244c,295218,320.5
rv0244c,295251,819.5
rv0244c,295259,135.5
rv0244c,295594,149.2
rv0244c,295623,26.6
rv0251c,302174,5095.2
rv0251c,302222,4220.1
rv0251c,302261,6255.8
rv0251c,302327,202.8
rv0251c,302552,260.3
rv0251c,302590,3241.2000000000003
rv0252,302871,2093
rv0252,303025,3070
rv0252,303049,11384.9
rv0252,303051,1442.7
rv0252,303090,4.3
rv0252,303097,564.9
rv0252,303125,2940.2
rv0252,303128,3007.7
rv0252,303199,2665
rv0252,303229,6492.8
rv0252,303280,1138.5
rv0252,303306,69.8
rv0252,303363,92.6
rv0252,303488,3756
rv0252,303540,0
rv0252,303747,91.5
rv0252,303751,640
rv0252,303776,171.8
rv0252,303790,298.2
rv0252,303811,2540
rv0252,303988,4975.8
rv0252,304060,831.3000000000001
rv0252,304154,895.8
rv0252,304325,2373
rv0252,304494,116.1
rv0252,304547,2531.7
rv0252,304597,1312.6
rv0252,304684,5311.4
rv0252,304795,445.8
rv0252,304849,627
rv0252,304897,44.1
rv0252,304907,305.7
rv0252,304925,2018.8
rv0252,305017,853.5
rv0252,305060,5510.0999999999995
rv0252,305098,349.2
rv0252,305119,934.4
rv0252,305122,2376.9
rv0252,305266,3340.2
rv0252,305390,558
rv0252,305406,113.4
rv0253,305478,3196.6
rv0253,305498,2308.1
rv0253,305535,532.6
rv0253,305548,637.3
rv0253,305599,55.5
rv0253,305753,1419.3
rv0253,305799,0
rv0253,305807,16328.3
rv0254c,305861,7866.9
rv0254c,305906,4778.1
rv0254c,306039,4120.1
rv0254c,306173,443.6
rv0254c,306264,3473.7000000000003
rv0254c,306341,1496.7
rv0255c,306681,49.599999999999994
rv0255c,306719,0
rv0255c,306816,760.9
rv0255c,306911,1123.5
rv0255c,306935,2359.7000000000003
rv0255c,307091,0
rv0255c,307130,1649.8
rv0255c,307188,5525.5999999999995
rv0255c,307261,1500.5
rv0255c,307410,3178
rv0255c,307473,912.9
rv0255c,307651,4657.4000000000005
rv0255c,307750,645.4
rv0255c,307816,1835.9
rv0255c,307834,492.70000000000005
rv0256c,307961,0
rv0256c,308075,2344.4
rv0256c,308085,5591
rv0256c,308091,716.5
rv0256c,308268,340.5
rv0256c,308282,3341.8
rv0256c,308407,852
rv0256c,308549,464.9
rv0256c,308602,534.1
rv0256c,308617,1441.7
rv0256c,308665,2388.9
rv0256c,308674,2464.9
rv0256c,308754,13130.4
rv0256c,308775,1979.5
rv0256c,308807,6368.8
rv0256c,308816,419.2
rv0256c,308824,472.1
rv0256c,308909,11466.1
rv0256c,308911,4675.6
rv0256c,308922,3289.4
rv0256c,308932,2747.2
rv0256c,308934,1716.8
rv0256c,309078,5824.1
rv0256c,309120,1677.7
rv0256c,309249,470.8
rv0256c,309295,578.2
rv0256c,309324,4649.5
rv0256c,309331,1201
rv0256c,309345,3807.1
rv0256c,309383,815.9000000000001
rv0256c,309426,1609.8999999999999
rv0256c,309494,4240.4000000000005
rv0261c,312760,766.3
rv0261c,312766,1810.8999999999999
rv0261c,312819,520.7
rv0261c,312835,614.5
rv0261c,312868,1550.1
rv0261c,312919,909.4
rv0261c,313084,467.4
rv0261c,313141,108.10000000000001
rv0261c,313209,405.9
rv0261c,313245,401.7
rv0261c,313268,301.90000000000003
rv0261c,313291,573.5
rv0261c,313293,969.3000000000001
rv0261c,313314,30.2
rv0261c,313450,1952.3999999999999
rv0261c,313488,441.5
rv0261c,313519,426.7
rv0261c,313540,5178.6
rv0261c,313582,5368.1
rv0261c,313584,1635.3
rv0261c,313600,37.6
rv0261c,313776,11.8
rv0261c,313795,846.1999999999999
rv0261c,313918,105.3
rv0261c,313993,370.8
rv0261c,314168,1630.9
rv0262c,314310,862.3000000000001
rv0262c,314410,1104.3
rv0262c,314435,1114.4
rv0262c,314478,1263.4
rv0262c,314523,775.8
rv0262c,314616,8.8
rv0262c,314643,148.4
rv0262c,314840,2486.6
rv0266c,317526,11.4
rv0266c,317548,3518.9
rv0266c,317562,723.3
rv0266c,317709,743.7
rv0266c,317828,4515.9
rv0266c,317856,0
rv0266c,317931,1431.8
rv0266c,317960,2223.9
rv0266c,317970,6602.1
rv0266c,317973,4485.6
rv0266c,318145,1685
rv0266c,318210,6202.7
rv0266c,318357,74.4
rv0266c,318363,350
rv0266c,318435,4529.6
rv0266c,318571,361.1
rv0266c,318734,6364.9
rv0266c,318807,1657.1
rv0266c,318825,4684.4
rv0266c,318827,18788.3
rv0266c,319267,509.4
rv0266c,319305,1787.2
rv0266c,319443,1746.3
rv0266c,319516,20.5
rv0266c,319530,2410
rv0266c,319827,128.6
rv0266c,319905,14881.1
rv0266c,320030,817.8
rv0266c,320109,1052
rv0266c,320157,20.1
rv0266c,320271,1108.4
rv0266c,320283,2925.5
rv0266c,320326,4619.1
rv0266c,320499,2039.1
rv0266c,320523,5215.7
rv0266c,320542,2012.2
rv0266c,320626,1082.6
rv0266c,320652,528.9
rv0266c,320658,9690.4
rv0266c,320802,7404.3
rv0266c,320856,1313.7
rv0266c,320996,346.5
rv0266c,321033,172.3
rv0267,321361,2459.8
rv0267,321465,662.4
rv0267,321605,4107.8
rv0267,321655,6038.9
rv0267,321853,2354.5
rv0267,322035,9904.9
rv0267,322123,6627.9
rv0267,322153,179.10000000000002
rv0267,322435,578.2
rv0267,322585,3766.6
rv0267,322614,1668.4
rv0267,322636,6604.8
rv0267,322675,2252
rv0267,322681,4041.2
rv0267,322689,10215
rv0267,322720,16809.4
rv0270,324572,2062.8
rv0270,324630,6150
rv0270,324660,6145.5
rv0270,324714,1954
rv0270,324734,0
rv0270,324874,1154
rv0270,324951,2034.3
rv0270,325056,2416.6
rv0270,325068,3277.4
rv0270,325283,2124.7
rv0270,325389,4872.9
rv0270,325507,1026.6
rv0270,325591,349.2
rv0270,325656,6614.7
rv0270,325665,10040.1
rv0270,325763,3750
rv0270,325848,2977.7999999999997
rv0270,325908,1541.5
rv0270,325932,8657.7
rv0270,326057,248.9
rv0270,326136,5602.0999999999995
rv0270,326140,4726
rv0270,326160,848.9
rv0270,326197,1490.4
rv0270,326236,2870.1
rv0270,326247,5073.8
rv0271c,326267,4181.9
rv0271c,326281,613.8
rv0271c,326336,3732.5
rv0271c,326359,939.5
rv0271c,326366,4156.9
rv0271c,326447,3260
rv0271c,326624,561.2
rv0271c,326786,869.8
rv0271c,326808,203.60000000000002
rv0271c,326839,553.6999999999999
rv0271c,326870,1258
rv0271c,326936,1212.1000000000001
rv0271c,327015,203.6
rv0271c,327251,6207.3
rv0271c,327357,1842.7
rv0271c,327379,1448.5
rv0271c,327390,950.2
rv0271c,327428,191.7
rv0271c,327476,332.1
rv0271c,327479,2508.3
rv0271c,327609,2938.9
rv0271c,327628,483.20000000000005
rv0271c,327755,5210.2
rv0271c,327964,5512.0999999999995
rv0271c,328000,349
rv0271c,328099,1823.9
rv0271c,328106,499.6
rv0271c,328223,241.4
rv0271c,328249,958.6
rv0271c,328334,533.5
rv0271c,328363,1446.8
rv0271c,328393,0
rv0271c,328433,3350.5
rv0271c,328446,3115.9
rv0271c,328449,2602.8
rv0279c,336561,1088.8
rv0279c,336706,8.8
rv0279c,336763,182.4
rv0279c,336896,1328.6
rv0279c,336947,95.2
rv0279c,337189,87.2
rv0279c,337222,131.6
rv0279c,337438,1597.9
rv0279c,337700,897.3
rv0279c,337703,3052.4
rv0279c,337715,145.6
rv0279c,337762,1257
rv0279c,337771,36.9
rv0279c,338192,1563.3
rv0279c,338209,429.9
rv0279c,338669,201
rv0279c,338746,320.5
rv0279c,338814,1756.6
rv0279c,338889,4500.6
rv0279c,339020,1942.7
rv0279c,339043,53.1
rv0280,339478,9279.5
rv0280,339503,5521.7
rv0280,339559,9715.4
rv0280,339580,9847
rv0280,339593,4459.6
rv0280,339655,2037.2
rv0280,339784,2734.1
rv0280,339826,6453.3
rv0280,339961,4267.3
rv0280,339977,6142
rv0280,340054,1051.5
rv0280,340056,1248.4
rv0280,340107,0
rv0280,340168,2314.6
rv0280,340181,3349.6
rv0280,340192,662.9
rv0280,340307,28.5
rv0280,340338,320.90000000000003
rv0280,340349,2958.5
rv0280,340525,165.2
rv0280,340531,1487
rv0280,340614,298.2
rv0280,340646,2024.7
rv0280,340696,117.2
rv0280,340710,1768.2
rv0280,340716,3461.6
rv0285,349728,0
rv0285,349736,0
rv0285,349879,0
rv0285,349908,0
rv0285,349912,0
rv0286,349972,0
rv0286,349988,0
rv0286,350014,0
rv0286,350055,2.8
rv0286,350086,0
rv0286,350098,0
rv0286,350136,0
rv0286,350157,0
rv0286,350232,0
rv0286,350263,0
rv0286,350361,0
rv0286,350403,11
rv0286,350465,0
rv0286,350527,0
rv0286,350556,11
rv0286,350568,0
rv0286,350618,12.3
rv0286,350676,0
rv0286,350703,0
rv0286,350803,0
rv0286,350812,0
rv0286,350816,0
rv0286,350852,11
rv0286,350914,0
rv0286,351018,0
rv0286,351067,0
rv0286,351083,0
rv0286,351101,0
rv0286,351183,0
rv0286,351215,0
rv0286,351457,331.40000000000003
rv0286,351474,381.5
rv0287,351545,2.6
rv0287,351767,0
rv0287,351771,0
rv0287,351804,0
rv0287,351806,284.8
rv0288,351863,0
rv0288,351869,0
rv0288,351898,0
rv0288,351908,0
rv0288,351985,0
rv0288,351998,0
rv0288,352052,0
rv0288,352136,43.8
rv0291,354674,0
rv0291,354697,0
rv0291,354914,0
rv0291,354974,0
rv0291,355114,0
rv0291,355164,0
rv0291,355338,0
rv0291,355448,2.2
rv0291,355472,0
rv0291,355524,0
rv0291,355536,0
rv0291,355572,0
rv0291,355852,0
rv0294,358189,1356.9
rv0294,358225,1557.2
rv0294,358306,1432.2
rv0294,358583,0
rv0294,358609,44.3
rv0294,358619,439.3
rv0294,358631,1067.8
rv0294,358669,564.1
rv0294,358672,224.6
rv0294,358726,6993.5
rv0294,358730,5914.7
rv0294,358770,0
rv0294,358864,669.3
rv0294,358884,2502.1
rv0294,358954,132.2
rv0297,361477,1119.7
rv0297,361517,2835.9
rv0297,361592,4398.2
rv0297,362326,10.1
rv0297,362517,772.5
rv0297,362578,93.8
rv0297,362590,21
rv0297,362742,2365.1
rv0297,362746,640.5
rv0297,362752,858.3
rv0297,362782,37.8
rv0297,362820,385.6
rv0297,362935,0
rv0297,363016,27.2
rv0304c,366151,962.5999999999999
rv0304c,366158,856.5
rv0304c,366188,1419.7
rv0304c,366296,286.7
rv0304c,366304,1144.8
rv0304c,366342,1146.3
rv0304c,366400,1107.6
rv0304c,366451,1121.4
rv0304c,366481,2729
rv0304c,366491,223.9
rv0304c,366541,2890.4
rv0304c,366559,855.1999999999999
rv0304c,366734,2739.2
rv0304c,366881,824.6
rv0304c,366887,693
rv0304c,366907,3660.4
rv0304c,366967,5293
rv0304c,367027,4086.3
rv0304c,367052,0
rv0304c,367088,1521.9
rv0304c,367157,3771.8999999999996
rv0304c,367160,2092.9
rv0304c,367345,2561.5
rv0304c,367407,1679.3999999999999
rv0304c,367436,1078.5
rv0304c,367512,10452.8
rv0304c,367580,1040.1
rv0304c,367746,1800.7
rv0304c,367809,5939.7
rv0304c,367834,2136.2000000000003
rv0304c,367840,479.9
rv0304c,367891,2239.3
rv0304c,367921,5197.3
rv0304c,367981,3465.1
rv0304c,367999,3599.1
rv0304c,368011,8082.7
rv0304c,368066,3422.7
rv0304c,368289,2034.3
rv0304c,368387,1316
rv0304c,368396,47.2
rv0304c,368417,546
rv0304c,368435,2401.7
rv0304c,368447,582.9
rv0304c,368452,13683
rv0304c,368482,2039.1
rv0304c,368570,697.4
rv0304c,368722,18721.7
rv0304c,368726,1013.2
rv0304c,369083,1336.8
rv0304c,369098,2302.2
rv0304c,369131,386.3
rv0304c,369177,2060.5
rv0304c,369191,340.40000000000003
rv0304c,369224,1332.1
rv0304c,369235,909.3
rv0304c,369241,754.7
rv0304c,369259,980.2
rv0304c,369289,1733.5
rv0304c,369329,365.40000000000003
rv0304c,369349,5090.9
rv0304c,369383,36147.4
rv0304c,369419,241.9
rv0304c,369443,466.59999999999997
rv0304c,369572,4209.8
rv0304c,369659,97.89999999999999
rv0304c,369680,2515.2
rv0304c,369710,2494.5
rv0304c,369745,6935.4
rv0304c,369753,3628.3
rv0304c,369805,15085.6
rv0304c,369863,1895.7
rv0304c,369911,713.4
rv0304c,369973,7195.7
rv0304c,370001,2072.4
rv0304c,370036,3393.3
rv0304c,370124,8529.8
rv0304c,370190,0
rv0304c,370208,828.7
rv0304c,370262,2596.2
rv0304c,370298,591.9
rv0304c,370301,805.8000000000001
rv0304c,370314,3908.2
rv0304c,370365,4165.1
rv0304c,370367,14122
rv0304c,370371,2427
rv0304c,370395,161.9
rv0304c,370416,49.9
rv0304c,370447,597.5
rv0304c,370477,817.3
rv0304c,370537,527.9
rv0304c,370616,0
rv0304c,370622,382.9
rv0304c,370838,748.2
rv0304c,370868,179
rv0304c,370933,1035.3
rv0304c,370993,2351.4
rv0304c,371025,51.7
rv0304c,371063,254.29999999999998
rv0304c,371113,1601.9
rv0304c,371213,1108
rv0304c,371281,14154.5
rv0304c,371438,133
rv0304c,371498,74.9
rv0304c,371516,2404
rv0304c,371535,1626.6000000000001
rv0304c,371549,219.3
rv0304c,371562,1596.9
rv0304c,371609,2351.3
rv0304c,371640,946.6
rv0304c,371657,0
rv0304c,371687,922.5
rv0304c,371723,97.1
rv0304c,371735,1775.1000000000001
rv0304c,371751,3285.2000000000003
rv0304c,371765,718.4
rv0304c,371800,655
rv0304c,371811,2440.3
rv0304c,371830,333.8
rv0304c,371890,1762.9
rv0304c,371908,377
rv0304c,371921,1481
rv0304c,371969,296.5
rv0304c,372027,782.5
rv0304c,372035,130
rv0304c,372299,0
rv0304c,372346,3565.9
rv0304c,372406,3321.7
rv0304c,372494,2346.9
rv0304c,372554,2747.3
rv0304c,372557,1819.5
rv0304c,372566,501.2
rv0304c,372596,1651.7
rv0304c,372608,232.7
rv0304c,372626,480.5
rv0304c,372664,12785.3
rv0304c,372668,645.2
rv0304c,372764,3062.6
rv0305c,372821,951
rv0305c,372881,864.8
rv0305c,372887,433
rv0305c,372929,2083.3
rv0305c,372941,104.6
rv0305c,372981,138.2
rv0305c,372987,815.3
rv0305c,373013,0
rv0305c,373034,278.7
rv0305c,373075,768.6
rv0305c,373077,1872.2
rv0305c,373107,1238.8
rv0305c,373121,141.79999999999998
rv0305c,373253,1053.7
rv0305c,373282,3873.2
rv0305c,373301,694.1999999999999
rv0305c,373313,4990.4
rv0305c,373317,2149.7
rv0305c,373371,2303.9
rv0305c,373373,8722
rv0305c,373392,1330.4
rv0305c,373510,88.1
rv0305c,373578,1254.1000000000001
rv0305c,373644,2323.2999999999997
rv0305c,373659,0
rv0305c,373674,358.9
rv0305c,373707,1232.1
rv0305c,373739,5763.3
rv0305c,373777,1152.1
rv0305c,373794,1349.1
rv0305c,373799,300.3
rv0305c,373887,5151.2
rv0305c,373929,4995
rv0305c,373967,4954.9
rv0305c,373995,4728.9
rv0305c,373999,3612
rv0305c,374315,3680
rv0305c,374318,4779.9
rv0305c,374404,5596.9
rv0305c,374419,1935.7
rv0305c,374431,79.6
rv0305c,374460,79.9
rv0305c,374483,3669.1
rv0305c,374513,4913.5
rv0305c,374573,5480.9
rv0305c,374591,120.8
rv0305c,374603,3804.2000000000003
rv0305c,374607,6882.7
rv0305c,374633,6678.8
rv0305c,374663,4974.2
rv0305c,374919,565.2
rv0305c,375029,8375.7
rv0305c,375178,583.3
rv0305c,375251,934.1
rv0305c,375293,1977.4
rv0305c,375436,9.1
rv0305c,375497,2311.5
rv0305c,375505,4.3
rv0305c,375610,973.4
rv0305c,375665,3622
rv0305c,375673,347.5
rv0317c,385174,2072.7000000000003
rv0317c,385218,4288.8
rv0317c,385349,2069.3
rv0317c,385359,2332.3
rv0317c,385380,3145.7
rv0317c,385420,13591.5
rv0317c,385484,1553.9
rv0317c,385616,2223.3
rv0317c,385652,997.4
rv0317c,385743,10.1
rv0317c,385766,3698.6
rv0317c,385788,1099
rv0317c,385825,1770.5
rv0317c,385892,33.8
rv0319,387181,387.7
rv0319,387197,1093.3
rv0319,387358,469.90000000000003
rv0319,387421,627.8
rv0319,387490,2956.9
rv0319,387503,53.9
rv0319,387598,7352.8
rv0319,387780,914.2
rv0319,387814,3584.6
rv0321,388723,1917
rv0321,388970,1420.2
rv0321,389065,193.6
rv0321,389092,2379.7999999999997
rv0321,389128,517.8
rv0321,389148,3841.4
rv0321,389152,10250.699999999999
rv0322,389287,2367.3
rv0322,389313,206.29999999999998
rv0322,389349,31.799999999999997
rv0322,389361,165.2
rv0322,389398,3183.2
rv0322,389430,448.40000000000003
rv0322,389467,1448.9
rv0322,389528,688.5
rv0322,389536,443.7
rv0322,389763,320.8
rv0322,389777,304.4
rv0322,389804,55.9
rv0322,389821,129.4
rv0322,389891,204.7
rv0322,389928,191.9
rv0322,389973,0
rv0322,389998,193.2
rv0322,390219,2267.8
rv0322,390328,4819.8
rv0322,390369,2603.6
rv0322,390379,3230
rv0322,390432,318.1
rv0322,390473,3815.7
rv0322,390581,521.7
rv0327c,392965,99
rv0327c,392996,3722.1000000000004
rv0327c,393097,3631.1
rv0327c,393182,1612.2
rv0327c,393313,1081.2
rv0327c,393316,855.9
rv0327c,393347,74.2
rv0327c,393382,7.9
rv0327c,393405,0
rv0327c,393419,575.7
rv0327c,393433,14.4
rv0327c,393477,1432.1
rv0327c,393512,1741.3
rv0327c,393532,0
rv0327c,393690,0
rv0327c,393770,713.4
rv0327c,393874,280.4
rv0327c,393876,10639.6
rv0327c,393897,2590.3
rv0327c,393930,2697.8
rv0327c,393975,2296
rv0327c,393993,137.2
rv0327c,394001,0
rv0334,398700,0
rv0334,398742,0
rv0334,398760,0
rv0334,398763,0
rv0334,398886,0
rv0334,398991,0
rv0334,399057,0
rv0334,399064,0
rv0334,399081,0
rv0334,399156,0
rv0334,399174,0
rv0334,399180,0
rv0334,399214,0
rv0334,399237,0
rv0334,399264,0
rv0334,399278,0
rv0334,399486,0
rv0334,399491,0
rv0334,399495,0
rv0335c,399536,225.1
rv0335c,399549,20.1
rv0335c,399564,4.3
rv0337c,401874,3071.8
rv0337c,401883,0
rv0337c,401899,0
rv0337c,402060,0
rv0337c,402074,0
rv0337c,402090,0
rv0337c,402268,0
rv0337c,402348,0
rv0337c,402363,0
rv0337c,402400,0
rv0337c,402444,0
rv0337c,402459,0
rv0337c,402534,0
rv0337c,402616,0
rv0337c,402651,0
rv0337c,402702,0
rv0337c,402784,0
rv0337c,402792,0
rv0337c,402837,2.9
rv0337c,402888,0
rv0337c,402900,0
rv0337c,402919,0
rv0337c,403047,0
rv0341,409373,657.7
rv0341,409380,2982.7
rv0341,409469,0
rv0341,409673,0
rv0341,409781,2368.3
rv0341,409828,2047.3
rv0341,409832,10311.7
rv0341,409862,976.8000000000001
rv0341,409940,127.6
rv0341,409966,89.3
rv0341,410054,0
rv0341,410207,4777.8
rv0341,410230,24.9
rv0341,410537,0
rv0341,410547,61.300000000000004
rv0341,410645,0
rv0341,410687,990.3
rv0341,410772,1780.6
rv0341,410788,590.9
rv0342,410862,2908.6
rv0342,410879,841.6
rv0342,410966,1795.5
rv0342,411001,5789.8
rv0342,411004,2676.3
rv0342,411130,1019.1
rv0342,411166,4499.6
rv0342,411171,3879.3
rv0342,411356,528.4
rv0342,411362,610.2
rv0342,411418,268.6
rv0342,411549,758.8000000000001
rv0342,411662,566.3
rv0342,411763,0
rv0342,411775,150
rv0342,411808,396.09999999999997
rv0342,411820,127.4
rv0342,411976,6201.4
rv0342,412116,4037.1
rv0342,412280,603.4
rv0342,412289,792.5
rv0342,412308,2528.8
rv0342,412372,187.1
rv0342,412410,6489.8
rv0342,412412,8799.1
rv0342,412557,699
rv0342,412682,190.6
rv0343,412808,142.1
rv0343,412826,1830.2
rv0343,412878,61.7
rv0343,413502,9.1
rv0343,413596,1750.9
rv0343,413643,64.3
rv0343,413802,2165.3
rv0343,413836,2835.3
rv0343,413845,276.2
rv0343,413903,698.8
rv0343,413931,195.79999999999998
rv0343,413967,259.5
rv0343,414169,659.2
rv0344c,414490,15135.5
rv0344c,414499,160.70000000000002
rv0344c,414644,2140.2
rv0344c,414691,2722.5
rv0344c,414759,275.5
rv0344c,414791,3573.5
rv0344c,414800,1791.3
rv0344c,414824,3290.1
rv0344c,414885,2093
rv0344c,414893,121.6
rv0344c,414914,1725.3
rv0344c,414933,881.5999999999999
rv0346c,415593,4178.5
rv0346c,415616,1963.1
rv0346c,415668,3735.6
rv0346c,415710,409.2
rv0346c,415906,193.79999999999998
rv0346c,415932,426
rv0346c,416019,6320.2
rv0346c,416092,0
rv0346c,416139,2054.8
rv0346c,416146,3443.9
rv0346c,416148,4311.5999999999995
rv0346c,416187,3468.1
rv0346c,416292,59.1
rv0346c,416300,3319.2999999999997
rv0346c,416324,1428
rv0346c,416403,2006.8
rv0346c,416425,879.8
rv0346c,416443,2476.8
rv0346c,416586,1533.6
rv0346c,416595,8024.4
rv0346c,416614,571.5
rv0346c,416649,6027.8
rv0346c,416685,2114.2000000000003
rv0346c,416700,3468.3
rv0346c,416790,4308.6
rv0346c,416854,60.3
rv0346c,416896,334.5
rv0346c,416913,2315.5
rv0346c,416954,4213.8
rv0350,420070,0
rv0350,420090,0
rv0350,420150,0
rv0350,420167,0
rv0350,420179,0
rv0350,420195,0
rv0350,420297,0
rv0350,420603,0
rv0350,420640,0
rv0350,420938,0
rv0350,420956,0
rv0350,421077,0
rv0350,421364,0
rv0350,421386,0
rv0350,421441,0
rv0350,421511,11
rv0350,421578,1.3
rv0351,421755,0
rv0351,421922,0
rv0351,421927,0
rv0351,422001,0
rv0351,422076,0
rv0351,422196,0
rv0351,422222,0
rv0351,422332,396.5
rv0351,422365,44.7
rv0351,422414,3005.6
rv0352,422485,101.3
rv0352,422539,9.2
rv0352,422628,222.4
rv0352,422662,159.10000000000002
rv0352,422817,0
rv0352,422963,9.1
rv0352,423114,67.4
rv0352,423233,0
rv0352,423283,285
rv0352,423399,78.9
rv0352,423498,0
rv0352,423509,243.1
rv0352,423577,1853.3
rv0352,423630,3499.6
rv0353,423688,228.3
rv0353,423700,126.6
rv0353,423728,6069
rv0353,423732,6864
rv0353,423786,955.1999999999999
rv0353,423872,2501
rv0354c,424270,3920.5
rv0354c,424324,536
rv0354c,424604,3185.3
rv0354c,424633,8663.2
rv0354c,424654,13657.9
rv0354c,424676,8984.1
rv0355c,424797,2507.4
rv0355c,424830,428.09999999999997
rv0355c,424844,1309.6
rv0355c,424854,649.1
rv0355c,424884,9109.7
rv0355c,424962,565.7
rv0355c,424974,10508.1
rv0355c,424978,2606.4
rv0355c,425004,7754.8
rv0355c,425051,4603.8
rv0355c,425064,6334.5
rv0355c,425154,5606.2
rv0355c,425231,1578.1
rv0355c,425350,184.6
rv0355c,425538,3040.5
rv0355c,425568,9968
rv0355c,425587,30.2
rv0355c,425727,16354.3
rv0355c,425781,6434.9
rv0355c,425812,1051.2
rv0355c,425826,4129.2
rv0355c,426149,12441.9
rv0355c,426187,7730.5
rv0355c,426288,18753
rv0355c,426372,1280.8999999999999
rv0355c,426402,5105.1
rv0355c,426406,4462.6
rv0355c,426417,4212.5
rv0355c,426432,6104.5999999999995
rv0355c,426552,9107.8
rv0355c,426655,3484.3
rv0355c,426719,356.5
rv0355c,427140,8131.3
rv0355c,427144,1784.5
rv0355c,427170,4462.3
rv0355c,427189,0
rv0355c,427214,541.8000000000001
rv0355c,427246,1066
rv0355c,427483,581.2
rv0355c,427518,6104
rv0355c,427595,4956.2
rv0355c,427742,414.8
rv0355c,427787,307.8
rv0355c,427822,1058.4
rv0355c,427835,1071.1
rv0355c,427909,1078.9
rv0355c,427942,289.4
rv0355c,427987,3027.8
rv0355c,427997,900.7
rv0355c,428025,8477.5
rv0355c,428124,13889.4
rv0355c,428139,3767.4
rv0355c,428154,7745.6
rv0355c,428164,445
rv0355c,428214,6849.9
rv0355c,428274,8090.4000000000005
rv0355c,428289,6559.8
rv0355c,428314,3757.1
rv0355c,428503,47
rv0355c,428554,0
rv0355c,428655,5923.6
rv0355c,428672,1779.2
rv0355c,428685,13499.800000000001
rv0355c,428689,5215.8
rv0355c,428710,2997.1
rv0355c,428715,18892.3
rv0355c,428815,774
rv0355c,428843,12465.8
rv0355c,428899,4678.8
rv0355c,428983,1252.6
rv0355c,429076,10294.4
rv0355c,429109,503.9
rv0355c,429115,9.1
rv0355c,429179,1002.3000000000001
rv0355c,429181,5679.3
rv0355c,429209,3451.4
rv0355c,429229,72.7
rv0355c,429253,216.29999999999998
rv0355c,429271,1013.4
rv0355c,429335,2491.7
rv0355c,429352,2205.3
rv0355c,429421,302.6
rv0355c,429507,1751
rv0355c,429537,4400.3
rv0355c,429597,5220.9
rv0355c,429615,3322.7
rv0355c,429627,8983.4
rv0355c,429631,3857.6
rv0355c,429687,7328
rv0355c,429961,91
rv0355c,430062,4813.5
rv0355c,430079,4090.4
rv0355c,430092,11348
rv0355c,430096,3963.8
rv0355c,430122,20489.4
rv0355c,430220,3297.1
rv0355c,430376,3612.8
rv0355c,430390,396.09999999999997
rv0355c,430428,18994.2
rv0355c,430508,1996.8999999999999
rv0355c,430576,888.5
rv0355c,430790,3777.8
rv0355c,430800,3050.8
rv0355c,430868,990.4
rv0355c,430890,50.2
rv0355c,430904,4740.3
rv0355c,430975,417.5
rv0355c,430999,1398.5
rv0355c,431019,9172.6
rv0355c,431079,6801.8
rv0355c,431094,11581.5
rv0355c,431152,4206.2
rv0355c,431203,1269.7
rv0355c,431439,13779.8
rv0355c,431443,2751.6
rv0355c,431469,8952.1
rv0355c,431473,2756.5
rv0355c,431494,2437.5
rv0355c,431499,20763.5
rv0355c,431713,5217.4000000000005
rv0355c,431735,639.9
rv0355c,431801,369
rv0355c,431956,13978.6
rv0355c,432096,2808.6
rv0355c,432161,9406.9
rv0355c,432170,5607.8
rv0355c,432194,143.7
rv0355c,432247,9.1
rv0355c,432301,407.3
rv0355c,432349,265.29999999999995
rv0355c,432351,5300.5
rv0355c,432361,558.2
rv0355c,432400,494.9
rv0355c,432426,6627.4
rv0355c,432441,3241.6
rv0355c,432486,4228.2
rv0355c,432511,1083.2
rv0355c,432520,85.39999999999999
rv0355c,432535,53.9
rv0355c,432604,2903.1
rv0355c,432658,471.8
rv0355c,432664,2400.9
rv0355c,432801,3026.7
rv0355c,432831,1612.1
rv0355c,432861,3100.6
rv0355c,432893,1117.7
rv0355c,432916,88.7
rv0355c,433020,5354.1
rv0355c,433193,1011.7
rv0355c,433223,151.6
rv0355c,433255,423.9
rv0355c,433327,100.6
rv0355c,433450,2700
rv0355c,433500,3178.3999999999996
rv0355c,433518,985.2
rv0355c,433530,5582.0999999999995
rv0355c,433555,1039.9
rv0355c,433575,3688.3
rv0355c,433579,1692.7
rv0355c,433590,11182.1
rv0355c,433622,1201.6
rv0355c,433680,11368.4
rv0355c,433717,25.8
rv0355c,433813,10.1
rv0355c,433828,2351.7
rv0355c,433849,362
rv0355c,434050,4118.5
rv0355c,434220,3169.1
rv0355c,434262,2689.3
rv0355c,434366,21002.5
rv0355c,434466,3352.8
rv0355c,434634,6751.2
rv0357c,435581,0
rv0357c,435659,0
rv0357c,435702,0
rv0357c,435731,0
rv0357c,435791,0
rv0357c,435821,0
rv0357c,435905,0
rv0357c,435965,11
rv0357c,436011,0
rv0357c,436061,0
rv0357c,436067,0
rv0357c,436150,2.8
rv0357c,436244,0
rv0357c,436341,0
rv0357c,436361,0
rv0357c,436374,0
rv0357c,436410,1.3
rv0357c,436412,0
rv0357c,436434,0
rv0357c,436445,0
rv0357c,436566,0
rv0357c,436632,9.1
rv0357c,436673,0
rv0357c,436719,0
rv0362,439925,12
rv0362,440005,18.1
rv0362,440065,1723.2
rv0362,440221,2385.6
rv0362,440311,3306
rv0362,440397,8126.7
rv0362,440403,10610.5
rv0362,440605,545.6
rv0362,440706,1286.6
rv0362,440731,1904.8
rv0362,440761,786.5
rv0362,440781,1481.2
rv0362,440830,245.2
rv0362,440956,321.5
rv0362,440996,1923.2
rv0362,441207,7482.4
rv0363c,441267,1787.1
rv0363c,441275,121.8
rv0363c,441354,0
rv0363c,441369,20.2
rv0363c,441417,0
rv0363c,441459,2.9
rv0363c,441498,0
rv0363c,441526,9.2
rv0363c,441657,0
rv0363c,441696,2.9
rv0363c,441759,5.8
rv0363c,441987,0
rv0363c,442044,2.9
rv0363c,442057,0
rv0363c,442225,0
rv0363c,442239,0
rv0363c,442275,9.2
rv0363c,442294,0
rv0379,455987,3782.8
rv0379,456067,377.7
rv0379,456140,1644.3
rv0379,456191,373.9
rv0382c,457843,988.5
rv0382c,457882,0
rv0382c,457904,0
rv0382c,457940,1.3
rv0382c,458003,0
rv0382c,458012,0
rv0382c,458025,0
rv0382c,458048,0
rv0382c,458066,0
rv0382c,458194,0
rv0382c,458223,0
rv0382c,458281,0
rv0382c,458284,0
rv0384c,459507,10.1
rv0384c,459599,37.7
rv0384c,459792,46.5
rv0384c,459986,130.7
rv0384c,460031,103.5
rv0384c,460040,34.800000000000004
rv0384c,460088,37.4
rv0384c,460266,0
rv0384c,460493,0
rv0384c,460860,72.89999999999999
rv0384c,460862,76.9
rv0384c,460931,55.4
rv0384c,460991,265.8
rv0384c,461045,0
rv0384c,461077,579.4
rv0384c,461252,20.900000000000002
rv0384c,461513,83.60000000000001
rv0384c,461531,106.7
rv0384c,461690,102.9
rv0384c,461740,0
rv0384c,461857,19.4
rv0384c,461871,2.2
rv0384c,461950,58.3
rv0384c,461962,0
rv0384c,461991,21.1
rv0389,468379,2290.6
rv0389,468506,1880.5
rv0389,468531,0
rv0389,468877,2098.5
rv0389,468942,2145.5
rv0389,469072,3454.4
rv0389,469238,4852.5
rv0389,469485,3513.6
rv0389,469572,3604.8
rv0391,470133,4196.4
rv0391,470148,1184.6
rv0391,470154,2619.7000000000003
rv0391,470205,4463.4
rv0391,470211,3328.9
rv0391,470220,93.6
rv0391,470314,284.7
rv0391,470482,0
rv0391,470540,0
rv0391,470599,0
rv0391,470614,10.5
rv0391,470655,1549.5
rv0391,470707,1103
rv0391,470724,1369.5
rv0391,470794,358.3
rv0391,470822,30.599999999999998
rv0391,470904,0
rv0391,470910,851.6999999999999
rv0391,470931,3585.6
rv0391,470975,321.7
rv0391,471212,0
rv0391,471231,304
rv0392c,471317,782.1
rv0392c,471327,2587.4
rv0392c,471417,8.8
rv0392c,471429,1666.7
rv0392c,471468,457.8
rv0392c,471546,3791.9
rv0392c,471615,9.2
rv0392c,471653,32.7
rv0392c,471683,2169.7
rv0392c,471882,1166.6
rv0392c,472039,3074.5
rv0392c,472269,2060.2
rv0392c,472308,930.7
rv0392c,472476,2899.7
rv0392c,472543,2658.7
rv0392c,472579,3397.2999999999997
rv0399c,477331,2793.8
rv0399c,477369,787.3
rv0399c,477393,3872.2
rv0399c,477396,2686.7
rv0399c,477415,752.4
rv0399c,477448,1811.5
rv0399c,477490,1322.9
rv0399c,477508,195.9
rv0399c,477549,114.4
rv0399c,477568,5128.2
rv0399c,477574,289.3
rv0399c,477658,565
rv0399c,477718,1325.3999999999999
rv0399c,477787,59.3
rv0399c,477872,269.8
rv0399c,477982,146.4
rv0399c,477997,176.4
rv0399c,478021,149.1
rv0399c,478053,0
rv0399c,478085,0
rv0399c,478090,27.2
rv0399c,478126,532.9
rv0399c,478135,11
rv0399c,478155,608
rv0399c,478270,1249.2
rv0400c,478570,1005
rv0400c,478639,2729.7
rv0400c,478684,61.2
rv0400c,478695,0
rv0400c,478713,191.1
rv0400c,478933,308.90000000000003
rv0400c,478993,29
rv0400c,479439,392
rv0400c,479500,3898.9
rv0400c,479598,472.3
rv0400c,479694,49.6
rv0402c,480359,876.4
rv0402c,480433,163.2
rv0402c,480500,10319.5
rv0402c,480571,1074.2
rv0402c,480706,872.8000000000001
rv0402c,480722,2925.2000000000003
rv0402c,480786,12786.9
rv0402c,480950,5631.5
rv0402c,480977,2247.3
rv0402c,481001,2188.7
rv0402c,481018,654.3
rv0402c,481144,915.3
rv0402c,481202,3432.2
rv0402c,481369,2418.7
rv0402c,481446,153.5
rv0402c,481514,1202.5
rv0402c,481570,2061.8
rv0402c,481602,1733.5
rv0402c,481614,7506.1
rv0402c,481633,618.2
rv0402c,481695,489.4
rv0402c,481705,3519
rv0402c,481818,2328.2
rv0402c,481848,1230.4
rv0402c,481899,676.5
rv0402c,481979,334
rv0402c,482012,10533.6
rv0402c,482015,954.9
rv0402c,482027,5398.8
rv0402c,482039,541.5
rv0402c,482071,440
rv0402c,482170,674.6
rv0402c,482268,709
rv0402c,482276,2379.3
rv0402c,482281,39
rv0402c,482289,299.8
rv0402c,482303,3785
rv0402c,482369,3008
rv0402c,482372,576.1
rv0402c,482414,525.4
rv0402c,482438,3016.9
rv0402c,482490,3362.8
rv0402c,482600,368.3
rv0402c,482646,250.9
rv0402c,482672,144.1
rv0402c,482674,4209.4
rv0402c,482714,2711.6
rv0402c,482825,10960.6
rv0402c,482932,1413
rv0402c,482942,2083.7000000000003
rv0402c,483076,24.1
rv0402c,483096,92.8
rv0402c,483109,699
rv0402c,483138,486.2
rv0402c,483169,2.9
rv0402c,483217,318.3
rv0403c,483268,1120.6
rv0403c,483363,882.8000000000001
rv0403c,483389,3159.3
rv0403c,483448,3007.9
rv0403c,483490,1991.7
rv0403c,483508,13.6
rv0403c,483618,2731.3
rv0404,483988,325.1
rv0404,483990,195.5
rv0404,484052,1050
rv0404,484101,621.5
rv0404,484103,18.2
rv0404,484130,371.7
rv0404,484134,739.7
rv0404,484137,122.7
rv0404,484142,98
rv0404,484179,35
rv0404,484202,1431.8999999999999
rv0404,484218,71.2
rv0404,484254,0
rv0404,484275,88.1
rv0404,484282,76.8
rv0404,484302,2440.8
rv0404,484368,3179.6
rv0404,484372,5254.7
rv0404,484389,4357.8
rv0404,484393,325.5
rv0404,484404,1229.5
rv0404,484414,1653.4
rv0404,484438,2083.2
rv0404,484461,230.8
rv0404,484478,155.5
rv0404,484487,9.1
rv0404,484489,334.9
rv0404,484527,877.4
rv0404,484537,0
rv0404,484543,0
rv0404,484564,680.5999999999999
rv0404,484570,0
rv0404,484574,159
rv0404,484637,97.4
rv0404,484653,13
rv0404,484669,0
rv0404,484696,0
rv0404,484720,27.2
rv0404,484726,56.6
rv0404,484756,1096
rv0404,484813,0
rv0404,484848,278.3
rv0404,484857,50.3
rv0404,484861,70.1
rv0404,484866,819.9
rv0404,484887,96.2
rv0404,484897,145.2
rv0404,484902,0
rv0404,484931,245
rv0404,484964,1065.1
rv0404,484988,610.4
rv0404,485044,2860.4
rv0404,485070,1633.9
rv0404,485074,316.5
rv0404,485103,263.7
rv0404,485106,497.2
rv0404,485111,363.4
rv0404,485164,883.8
rv0404,485185,197.2
rv0404,485209,2.8
rv0404,485221,160.7
rv0404,485228,9.1
rv0404,485260,1308.6000000000001
rv0404,485340,1368.3
rv0404,485343,979.2
rv0404,485357,255.2
rv0404,485371,0
rv0404,485386,0
rv0404,485400,9.2
rv0404,485408,27.200000000000003
rv0404,485419,201.4
rv0404,485428,29.2
rv0404,485443,143.10000000000002
rv0404,485472,1.3
rv0404,485514,110.69999999999999
rv0404,485536,0
rv0404,485545,1217.5
rv0404,485548,27.1
rv0404,485580,0
rv0404,485598,108.19999999999999
rv0404,485613,682
rv0404,485631,0
rv0404,485646,0
rv0404,485671,0
rv0404,485696,261.6
rv0404,485707,198.6
rv0404,485721,1245.1
rv0405,485760,0
rv0405,485785,406.3
rv0405,485799,0
rv0405,485828,235.4
rv0405,485841,0
rv0405,485849,0
rv0405,485873,482.4
rv0405,485913,0
rv0405,485937,0
rv0405,485943,100.7
rv0405,485949,0
rv0405,485964,551.1999999999999
rv0405,485982,213.20000000000002
rv0405,485996,540.8
rv0405,486047,2496.2
rv0405,486096,710
rv0405,486116,1317.6
rv0405,486149,0
rv0405,486157,17.9
rv0405,486212,0
rv0405,486234,0
rv0405,486237,0
rv0405,486249,11
rv0405,486296,1736.3
rv0405,486320,45.3
rv0405,486336,19.6
rv0405,486350,341
rv0405,486363,10.7
rv0405,486371,57.099999999999994
rv0405,486397,12.1
rv0405,486417,8.8
rv0405,486435,0
rv0405,486438,73.5
rv0405,486447,0
rv0405,486468,53.3
rv0405,486471,0
rv0405,486480,0
rv0405,486490,61.3
rv0405,486501,0
rv0405,486563,1301.4
rv0405,486582,256.2
rv0405,486597,0
rv0405,486627,85.4
rv0405,486654,93
rv0405,486702,8.8
rv0405,486722,280.4
rv0405,486744,1524.7
rv0405,486791,10.1
rv0405,486794,0
rv0405,486831,29.4
rv0405,486843,69.7
rv0405,486846,68.1
rv0405,486861,29.4
rv0405,486928,42.4
rv0405,486959,30.8
rv0405,486966,573
rv0405,486986,1831.8
rv0405,487053,141.4
rv0405,487146,883.7
rv0405,487164,1218.2
rv0405,487196,1794.3
rv0405,487432,4343.3
rv0405,487474,1248.8
rv0405,487665,362.9
rv0405,487671,0
rv0405,487681,1120.4
rv0405,487690,127.60000000000001
rv0405,487750,327.6
rv0405,487797,1822
rv0405,487846,501.8
rv0405,488042,1001.8000000000001
rv0405,488332,1357.6
rv0405,488346,2389.5
rv0405,488382,2918.9
rv0405,488593,0
rv0405,488623,12119.2
rv0405,488703,409.2
rv0405,488801,14560.9
rv0405,488883,869.5
rv0405,488906,10922.5
rv0405,488910,6648.7
rv0405,488918,2785.4
rv0405,488936,2689.4
rv0405,488984,2402.8
rv0405,488992,2376.9
rv0405,489008,1750.7
rv0405,489083,520.6
rv0405,489144,63.3
rv0405,489182,470.5
rv0405,489213,983.6999999999999
rv0405,489230,119.8
rv0405,489237,0
rv0405,489248,138.4
rv0405,489257,9.1
rv0405,489274,0
rv0405,489282,57.8
rv0405,489316,0
rv0405,489324,64.6
rv0405,489372,37
rv0405,489389,9.2
rv0405,489393,0
rv0405,489402,94.69999999999999
rv0405,489413,243.1
rv0405,489445,58.199999999999996
rv0405,489469,1113.8
rv0405,489534,4152.3
rv0405,489538,12808.5
rv0405,489546,0
rv0405,489594,270.5
rv0405,489620,56
rv0405,489650,0
rv0405,489682,2301.3
rv0405,489714,616.7
rv0405,489735,139.4
rv0405,489758,77.69999999999999
rv0405,489762,538.4
rv0405,489776,0
rv0405,489826,0
rv0405,489833,0
rv0405,489842,162
rv0405,489887,1227.8
rv0405,489891,0
rv0405,489899,446
rv0405,489940,712.8000000000001
rv0407,490802,5729
rv0407,490807,3692.1
rv0407,490853,1451.6
rv0407,490977,2900.7000000000003
rv0407,491026,514
rv0407,491074,188
rv0407,491137,424.2
rv0407,491198,1042.6
rv0407,491245,2955.9
rv0407,491248,553
rv0407,491272,803.1
rv0407,491302,2632.3
rv0407,491335,1763.2
rv0407,491367,2357.4
rv0407,491392,1710.5
rv0407,491417,841.3000000000001
rv0407,491488,1913.6
rv0407,491675,277.5
rv0407,491683,2987
rv0407,491711,1031.3
rv0408,491810,1066.8999999999999
rv0408,491839,870.1999999999999
rv0408,491914,530.1
rv0408,491939,1262.2
rv0408,491952,1774.5
rv0408,491984,99.2
rv0408,492008,1036.8
rv0408,492062,534.1
rv0408,492113,2875.9
rv0408,492277,1137.5
rv0408,492288,298.5
rv0408,492318,0
rv0408,492358,1214.4
rv0408,492362,9934.8
rv0408,492366,10764.4
rv0408,492411,382.09999999999997
rv0408,492438,364.5
rv0408,492493,49.6
rv0408,492544,162.29999999999998
rv0408,492583,20.1
rv0408,492693,99.5
rv0408,492722,992.7
rv0408,492762,107.6
rv0408,492834,364.40000000000003
rv0408,492862,192.70000000000002
rv0408,492871,1186
rv0408,492890,695.3
rv0408,493080,12.3
rv0408,493127,450.59999999999997
rv0408,493141,140.9
rv0408,493196,403.5
rv0408,493242,1063.9
rv0408,493314,1865
rv0408,493359,427.3
rv0408,493367,460.3
rv0408,493417,80.1
rv0408,493484,389.9
rv0408,493592,1242.1
rv0408,493687,54.3
rv0408,493703,2596.9
rv0408,493761,508.8
rv0408,493782,1120.7
rv0408,493809,1917.2
rv0408,493859,4167.6
rv0409,494188,164.10000000000002
rv0409,494249,78.5
rv0409,494289,2435.6
rv0409,494324,1438.2
rv0409,494334,76.3
rv0409,494361,8571.2
rv0409,494435,45.3
rv0409,494559,2631.3
rv0409,494662,401.2
rv0409,494668,166.6
rv0409,494706,1319.2
rv0409,494736,1389.6
rv0409,494748,71.8
rv0409,494786,41.6
rv0409,494851,1362.6000000000001
rv0409,494855,4849
rv0410c,495066,2080.7
rv0410c,495114,364.4
rv0410c,495137,154.1
rv0410c,495431,249.1
rv0410c,495543,611.2
rv0410c,495572,109.9
rv0410c,495625,382.1
rv0410c,495663,770.4
rv0410c,495696,16.7
rv0410c,495800,136.8
rv0410c,495878,847.5
rv0410c,496017,1514.1000000000001
rv0410c,496085,837.6
rv0410c,496221,247.70000000000002
rv0410c,496230,799.8
rv0410c,496259,192.39999999999998
rv0410c,496272,836.9
rv0410c,496332,2493.6
rv0410c,496398,223.2
rv0410c,496404,169.3
rv0410c,496427,0
rv0410c,496497,841.5
rv0410c,496521,1957.6999999999998
rv0410c,496551,358
rv0410c,496617,1320.6
rv0410c,496632,630.9
rv0410c,496821,930
rv0410c,496866,436.5
rv0410c,496895,286.59999999999997
rv0410c,496914,573.9
rv0410c,496929,71.9
rv0410c,497059,49.9
rv0411c,497327,2479.6
rv0411c,497381,1505.6
rv0411c,497477,135.1
rv0411c,497508,1663.9
rv0411c,497516,805.4
rv0411c,497530,363
rv0411c,497655,123.9
rv0411c,497768,684
rv0411c,497888,183.1
rv0413,499737,2493.7
rv0413,499797,1276.7
rv0413,499809,600.5
rv0413,500067,8480.4
rv0413,500173,6229.8
rv0413,500306,2024.9
rv0413,500345,687.4
rv0413,500367,1669.8
rv0414c,500496,0
rv0414c,500542,0
rv0414c,500612,0
rv0414c,500679,0
rv0414c,500766,0
rv0414c,500791,0
rv0414c,500801,0
rv0414c,500857,0
rv0414c,500987,0
rv0415,501164,0
rv0415,501350,0
rv0415,501548,0
rv0415,501755,0
rv0415,501804,0
rv0415,501856,0
rv0415,501901,0
rv0415,501932,0
rv0415,501953,0
rv0415,501966,1.3
rv0415,501991,0
rv0415,502109,0
rv0416,502262,0
rv0416,502291,0
rv0416,502331,0
rv0416,502345,0
rv0417,502389,0
rv0417,502428,0
rv0417,502457,0
rv0417,502482,0
rv0417,502505,0
rv0417,502574,0
rv0417,502712,0
rv0417,502757,0
rv0417,502762,0
rv0417,502796,0
rv0417,502803,0
rv0417,502857,0
rv0417,502875,0
rv0417,502932,2.9
rv0417,503059,0
rv0417,503125,2.2
rv0418,503573,1993.7
rv0418,503585,2931.2999999999997
rv0418,503606,180.6
rv0418,503680,201.2
rv0418,503742,0
rv0418,503760,549.6999999999999
rv0418,503767,562.3
rv0418,503889,1805.6
rv0418,503976,442.3
rv0418,504013,319.3
rv0418,504131,870.6
rv0418,504134,1811.4
rv0418,504187,451.5
rv0418,504421,205.4
rv0418,504474,314.9
rv0418,504519,717.7
rv0418,504558,921.4
rv0418,504567,749.8000000000001
rv0418,504592,47.800000000000004
rv0418,504635,0
rv0418,504657,827.1
rv0418,504714,513.4
rv0418,504737,284.3
rv0418,504837,2795.6
rv0418,504866,799.5
rv0418,504887,522.6
rv0418,504909,774.9
rv0418,504924,3264.3
rv0419,505107,253
rv0419,505177,232.1
rv0419,505195,601.5
rv0419,505392,1629.6
rv0419,505407,1404.9
rv0419,505458,2014.8
rv0419,505478,3793.3
rv0419,505506,6222
rv0419,505590,3249.7
rv0419,505667,87.6
rv0419,505725,6120.9
rv0419,505748,2531.7
rv0419,505763,3818.4
rv0419,506103,515.1999999999999
rv0419,506151,2312.3
rv0419,506280,713.4
rv0419,506338,898.3
rv0419,506416,2675.9
rv0419,506420,1717.4
rv0419,506521,0
rv0419,506565,8313.1
rv0419,506574,10.1
rv0419,506583,1341.2
rv0422c,507813,0
rv0422c,507835,0
rv0422c,507947,0
rv0422c,507969,0
rv0422c,507987,0
rv0422c,508103,0
rv0422c,508111,0
rv0422c,508115,0
rv0422c,508235,0
rv0422c,508405,9.1
rv0422c,508430,0
rv0422c,508435,0
rv0422c,508469,0
rv0422c,508489,0
rv0423c,508594,0
rv0423c,508604,202.9
rv0423c,508709,83.19999999999999
rv0423c,508958,0
rv0423c,509024,0
rv0423c,509040,0
rv0423c,509090,0
rv0423c,509129,0
rv0423c,509196,0
rv0423c,509351,0
rv0423c,509364,0
rv0423c,509390,0
rv0423c,509489,0
rv0423c,509522,0
rv0423c,509564,0
rv0423c,509618,0
rv0423c,509902,0
rv0423c,510012,0
rv0423c,510059,0
rv0423c,510077,0
rv0423c,510135,0
rv0423c,510167,0
rv0425c,510718,1504.3
rv0425c,510789,1313.4
rv0425c,510800,3057
rv0425c,511241,39.3
rv0425c,511257,4583
rv0425c,511293,1.3
rv0425c,511400,2037.4
rv0425c,511689,6866.8
rv0425c,511734,2.9
rv0425c,511784,280.8
rv0425c,511841,1091.3
rv0425c,511871,0
rv0425c,511902,1168.1
rv0425c,512189,1090.8999999999999
rv0425c,512505,2070.6
rv0425c,512585,131.5
rv0425c,512607,1630.6
rv0425c,512824,3836.7
rv0425c,513028,3267.6
rv0425c,513140,2477
rv0425c,513227,5820.2
rv0425c,513303,3905.2000000000003
rv0425c,513358,190
rv0425c,513502,810.1
rv0425c,513617,643.2
rv0425c,513703,834.9
rv0425c,513776,334.7
rv0425c,513840,539.6
rv0425c,514053,705.1
rv0425c,514239,46.300000000000004
rv0425c,514668,996.4
rv0425c,514683,373.5
rv0425c,514779,676.6
rv0425c,514806,11.7
rv0425c,514812,2237.8
rv0425c,514970,118.60000000000001
rv0425c,514996,1388.2
rv0425c,515207,2460.2
rv0425c,515276,686.9
rv0425c,515324,1410
rv0427c,516021,109.3
rv0427c,516076,2387
rv0427c,516089,865.9
rv0427c,516186,1612.4
rv0427c,516195,1269.6
rv0427c,516201,2179.3
rv0427c,516230,1146.1
rv0427c,516233,2826.4
rv0427c,516395,266.8
rv0427c,516412,0
rv0427c,516444,1780.7
rv0427c,516450,541.8
rv0427c,516486,5248.6
rv0427c,516672,992.0999999999999
rv0429c,517807,5937.1
rv0429c,517903,0
rv0429c,517927,0
rv0429c,517994,0
rv0429c,518054,0
rv0429c,518124,0
rv0429c,518203,0
rv0429c,518278,0
rv0429c,518358,9.1
rv0429c,518388,0
rv0432,519722,1289.3
rv0432,519734,222.60000000000002
rv0432,519824,780.8
rv0432,519853,1069.6
rv0432,519885,1630.5
rv0432,519920,638.3
rv0432,519946,4202.8
rv0432,519965,6897.9
rv0432,520035,1746.8
rv0432,520052,949.4
rv0432,520093,1398.5
rv0432,520227,4017.8
rv0432,520323,828.3000000000001
rv0436c,524585,98.1
rv0436c,524697,970.9
rv0436c,524708,2403.5
rv0436c,524738,1296.9
rv0436c,524769,814.1999999999999
rv0436c,524798,1451.6
rv0436c,524809,98.9
rv0436c,524857,1912
rv0436c,524935,1251.2
rv0436c,524999,626.9
rv0436c,525035,652
rv0436c,525049,1356.1
rv0436c,525052,698.9
rv0436c,525068,605.1
rv0436c,525119,4308.3
rv0436c,525349,687.8
rv0436c,525361,524.6
rv0437c,525472,3152.9
rv0437c,525476,2483.4
rv0437c,525508,1297.5
rv0437c,525660,358.6
rv0437c,525747,112.2
rv0437c,525774,40.4
rv0437c,525879,0
rv0437c,525952,13.7
rv0438c,526147,1459.2
rv0438c,526267,3497.8
rv0438c,526299,1199.4
rv0438c,526353,503.5
rv0438c,526375,61.1
rv0438c,526478,2215.2
rv0438c,526561,182.6
rv0438c,526597,3643.3
rv0438c,526651,320.7
rv0438c,526765,4102.5
rv0438c,526782,4470.4
rv0438c,526931,140.5
rv0438c,527203,2527.4
rv0438c,527300,2561.6
rv0438c,527331,535.5
rv0442c,530755,2522
rv0442c,530794,1069.8
rv0442c,530821,2300.3
rv0442c,530855,592.5
rv0442c,530876,769.5
rv0442c,530923,1443.9
rv0442c,530942,6237.5
rv0442c,530984,2.6
rv0442c,531169,1103.6
rv0442c,531216,3917.2
rv0442c,531366,4445.7
rv0442c,531413,0
rv0442c,531470,700.2
rv0442c,531479,10.1
rv0442c,531500,713.2
rv0442c,531748,263.2
rv0442c,531790,1697.1000000000001
rv0442c,531842,8634.6
rv0442c,531879,6676.3
rv0442c,531930,653.4
rv0442c,531990,7510.9
rv0442c,531994,3922.1
rv0442c,532049,2514.4
rv0442c,532083,905.5
rv0442c,532137,473.4
rv0445c,533914,0
rv0445c,533936,12030.8
rv0445c,533951,1759.5
rv0445c,533954,3678.7999999999997
rv0445c,534086,2394.2999999999997
rv0445c,534224,7697.2
rv0445c,534251,470.4
rv0445c,534258,55
rv0445c,534287,5279.3
rv0445c,534311,1842.5
rv0447c,535261,1978.3
rv0447c,535273,1631.9
rv0447c,535300,652.3
rv0447c,535309,4303.3
rv0447c,535347,4793.8
rv0447c,535376,2718.2
rv0447c,535411,1055.9
rv0447c,535494,661.1
rv0447c,535516,7597.0999999999995
rv0447c,535590,0
rv0447c,535620,2308.9
rv0447c,535633,4332.4
rv0447c,535651,308.2
rv0447c,535683,4100.9
rv0447c,535693,6536.1
rv0447c,535714,763.2
rv0447c,535734,109.8
rv0447c,535797,316.7
rv0447c,536002,12551.8
rv0447c,536053,7908.8
rv0447c,536064,6885.5
rv0447c,536066,6416.8
rv0447c,536105,3321.4
rv0447c,536154,1227
rv0447c,536230,10582.2
rv0447c,536350,1342.8
rv0447c,536424,27.5
rv0450c,538651,1155.8
rv0450c,538714,1241.5
rv0450c,538803,170.2
rv0450c,538849,1438.3
rv0450c,538924,1827
rv0450c,538961,1433.2
rv0450c,539034,378.7
rv0450c,539056,300.4
rv0450c,539115,20.9
rv0450c,539145,20.9
rv0450c,539178,57.9
rv0450c,539240,333.5
rv0450c,539257,504.5
rv0450c,539292,46.8
rv0450c,539307,63.7
rv0450c,539355,706.9
rv0450c,539441,466
rv0450c,539478,155.70000000000002
rv0450c,539550,2143.1
rv0450c,539659,206.2
rv0450c,539701,11.4
rv0450c,539735,11.5
rv0450c,539753,2.8
rv0450c,539759,76.7
rv0450c,539809,215.7
rv0450c,539862,484
rv0450c,539865,365.6
rv0450c,539889,2233.7000000000003
rv0450c,539969,181.8
rv0450c,539974,341.8
rv0450c,540057,0
rv0450c,540102,0
rv0450c,540144,2.9
rv0450c,540166,220.6
rv0450c,540218,616.1
rv0450c,540235,333.7
rv0450c,540247,941.8
rv0450c,540251,4216.5
rv0450c,540266,2380.2999999999997
rv0450c,540278,506.9
rv0450c,540304,447.5
rv0450c,540360,81.7
rv0450c,540399,1651.1
rv0450c,540433,6092.2
rv0450c,540475,8131.1
rv0450c,540515,1005.1999999999999
rv0450c,540546,1178.1
rv0450c,540599,4576.3
rv0450c,540608,6056.3
rv0450c,540611,2886.2
rv0450c,540653,380.9
rv0450c,540670,1922.7
rv0450c,540677,1973.3999999999999
rv0450c,540684,109.7
rv0450c,540732,3009
rv0450c,540741,0
rv0450c,540750,494.2
rv0450c,540766,311.1
rv0450c,540829,58
rv0450c,540839,256.2
rv0450c,540855,2094.2
rv0450c,540858,1693.6
rv0450c,540876,591
rv0450c,540903,503.6
rv0450c,540921,282.4
rv0450c,540953,2291.1
rv0450c,540961,1086.8
rv0450c,541000,297.3
rv0450c,541064,619.4
rv0450c,541083,301.6
rv0450c,541120,345.9
rv0450c,541149,372.8
rv0450c,541181,479.6
rv0450c,541184,517.7
rv0450c,541188,696.6999999999999
rv0450c,541215,164.4
rv0450c,541222,510.2
rv0450c,541225,701.1
rv0450c,541275,493.2
rv0450c,541363,758.4
rv0450c,541408,88.9
rv0450c,541464,141.4
rv0450c,541485,37.3
rv0450c,541488,0
rv0451c,541513,809.3000000000001
rv0451c,541517,321.9
rv0451c,541519,26.4
rv0451c,541566,52.3
rv0451c,541595,63.7
rv0451c,541598,271
rv0451c,541613,123.7
rv0451c,541646,495.5
rv0451c,541662,329.3
rv0451c,541708,240.6
rv0451c,541712,104.5
rv0451c,541750,144.6
rv0451c,541763,1714.7
rv0451c,541804,284.7
rv0451c,541908,2206.7
rv0453,543193,6267.4
rv0453,543236,976.8000000000001
rv0453,543259,198
rv0453,543300,2824.1
rv0453,543402,3729.7999999999997
rv0453,543477,1496
rv0453,543524,0
rv0453,543580,1323.7
rv0453,543606,1792.6
rv0453,543648,6608.2
rv0453,543749,1029.1
rv0453,543861,2410.4
rv0453,543870,7932.1
rv0453,543872,20899.8
rv0453,544013,5468.3
rv0453,544034,946.3
rv0453,544105,0
rv0453,544132,1538
rv0453,544220,81.9
rv0453,544274,57.6
rv0453,544329,2017.9
rv0453,544409,552.1
rv0453,544514,2099.2
rv0456c,545893,882
rv0456c,545959,2092.4
rv0456c,546112,1643.3
rv0456c,546313,432.6
rv0456c,546334,4251.3
rv0456c,546353,686.1
rv0456c,546355,7550.7
rv0456c,546412,1067.7
rv0456c,546604,850.5
rv0456c,546680,317.9
rv0456c,546775,6229.7
rv0456c,546806,6176.7
rv0468,558920,176.5
rv0468,559079,2137.9
rv0468,559142,2979.9
rv0468,559149,146.6
rv0468,559257,2241.7
rv0468,559422,345.8
rv0468,559495,862.4
rv0468,559574,0
rv0468,559619,2876.5
rv0468,559675,482.6
rv0468,559701,5261.5999999999995
rv0468,559747,2353
rv0468,559753,8340.6
rv0469,559901,1081.9
rv0469,559912,308
rv0469,559933,169.1
rv0469,559967,475.1
rv0469,559984,1743.8999999999999
rv0469,559996,1182.4
rv0469,560097,322.6
rv0469,560143,6973.3
rv0469,560163,942.9
rv0469,560191,647.4
rv0469,560283,2148.6
rv0469,560326,286.6
rv0469,560350,493.6
rv0469,560357,1277.5
rv0469,560401,1122.1
rv0469,560403,1343.2
rv0469,560460,105.9
rv0469,560501,0
rv0469,560581,794.6
rv0469,560594,203.39999999999998
rv0469,560622,207.5
rv0469,560662,1574.9
rv0469,560671,8234.1
rv0469,560680,5932
rv0469,560749,7105
rv0470c,560852,706.8000000000001
rv0470c,560885,993.2
rv0470c,560921,1481.6
rv0470c,560930,1250.8
rv0470c,560939,878.9
rv0470c,561020,1013.1
rv0470c,561074,300.3
rv0470c,561275,1038.8
rv0470c,561458,954.8
rv0470c,561605,780.1
rv0470c,561617,2950.3
rv0470c,561668,946.4
rv0470c,561714,202.4
rv0475,565928,5528.8
rv0475,566042,4247
rv0475,566058,724.1
rv0475,566075,352.2
rv0475,566082,2023.1000000000001
rv0475,566116,1222.9
rv0475,566172,3448.5
rv0475,566213,1110.9
rv0475,566279,4261.8
rv0475,566397,1707.8
rv0478,567265,2556.1
rv0478,567345,3335.6
rv0478,567781,117.5
rv0482,570583,12.3
rv0482,570805,0
rv0482,570826,0
rv0482,570874,0
rv0482,570965,0
rv0482,571038,0
rv0482,571064,0
rv0482,571169,0
rv0482,571346,0
rv0482,571400,0
rv0482,571469,0
rv0482,571606,10.1
rv0482,571614,0
rv0482,571649,7975.8
rv0483,571741,1408.8
rv0483,571750,179.4
rv0483,571760,6214.8
rv0483,572040,7265.9
rv0483,572061,14791.800000000001
rv0483,572085,2971.2000000000003
rv0483,572097,9173.6
rv0483,572243,5542.4
rv0483,572293,955.2
rv0483,572385,7564.3
rv0483,572388,3047.1
rv0483,572399,758.5
rv0483,572427,10314.1
rv0483,572454,300.8
rv0483,572468,9866
rv0483,572580,4739.6
rv0483,572643,4570.6
rv0483,572655,30319.5
rv0483,572679,2573.7
rv0483,572687,1950.1
rv0483,572747,5920
rv0483,572792,8929.1
rv0483,572823,10339.9
rv0483,572826,5283.2
rv0483,572841,3156.6
rv0483,572886,2660.7
rv0483,572950,18.1
rv0483,573047,8817.1
rv0483,573050,2489.1
rv0483,573066,103.4
rv0489,578580,1390
rv0489,578597,2147.6
rv0489,578680,790.2
rv0489,578705,296.8
rv0489,578750,0
rv0489,578786,2036.6
rv0489,578849,279.09999999999997
rv0489,578915,592.9
rv0489,579071,534.6
rv0489,579112,2417.2
rv0489,579116,3357.6
rv0489,579176,2948.4
rv0490,579571,6574
rv0490,579596,7311.3
rv0490,579722,1891.2
rv0490,579802,2987.6
rv0490,579822,1057.8
rv0490,579884,3351.4
rv0490,580001,490.7
rv0490,580010,0
rv0490,580028,0
rv0490,580035,617.6
rv0490,580056,499.09999999999997
rv0490,580086,339
rv0490,580173,153.4
rv0490,580210,1751.1
rv0490,580413,175.1
rv0490,580498,4479.6
rv0491,580991,0
rv0491,580999,32191.7
rv0491,581057,167.10000000000002
rv0491,581103,2832.6
rv0491,581118,1098.4
rv0491,581301,2392.1
rv0491,581370,7829.0999999999995
rv0491,581441,56.5
rv0491,581478,1135.7
rv0491,581493,174.4
rv0500,590115,0
rv0500,590189,0
rv0500,590221,0
rv0500,590236,0
rv0500,590396,0
rv0500,590416,0
rv0500,590432,0
rv0500,590496,0
rv0500,590638,0
rv0500,590817,0
rv0500,590844,0
rv0500,590859,1.3
rv0500,590961,334.3
rv0501,591720,1443.2
rv0501,591760,1524.6
rv0501,591768,1059.9
rv0501,591887,0
rv0501,591963,3208.4
rv0501,592004,6952.4
rv0501,592092,355.3
rv0501,592169,277.8
rv0501,592184,2.9
rv0501,592194,5788.1
rv0501,592226,1164.5
rv0501,592238,2811.4
rv0501,592293,4995.2
rv0501,592501,88.6
rv0501,592536,1154
rv0501,592566,1426.7
rv0501,592575,3511.3999999999996
rv0501,592586,923.6
rv0501,592620,1309.8
rv0501,592659,1429.3
rv0501,592688,6177.7
rv0501,592705,173.5
rv0501,592729,767.2
rv0501,592735,944.1
rv0501,592751,36.1
rv0501,592785,1041.5
rv0503c,593875,6240
rv0503c,593908,10907.5
rv0503c,593940,10028.7
rv0503c,593944,14057.6
rv0503c,593953,20024.9
rv0503c,593962,14537.1
rv0503c,594009,2110.8
rv0503c,594043,16546.3
rv0503c,594064,1398.4
rv0503c,594097,16244.300000000001
rv0503c,594100,15268.6
rv0503c,594227,2390.2
rv0503c,594274,2713.2000000000003
rv0503c,594298,1465.3999999999999
rv0503c,594460,2293.3
rv0503c,594502,1792.7
rv0503c,594610,3087.4
rv0503c,594632,1605.1
rv0503c,594649,2467.2000000000003
rv0503c,594661,10969.6
rv0503c,594712,2564
rv0505c,595484,256.2
rv0505c,595491,276.6
rv0505c,595678,837.8
rv0505c,595690,39.2
rv0505c,595797,315.2
rv0505c,595839,27.2
rv0505c,595876,293.3
rv0505c,595883,29.8
rv0505c,595899,227.2
rv0505c,595978,93.7
rv0505c,596085,71.3
rv0505c,596107,40.8
rv0505c,596131,91.9
rv0505c,596140,275.6
rv0505c,596154,21
rv0505c,596369,2.9
rv0505c,596394,2801.4
rv0505c,596400,408.2
rv0505c,596439,96.39999999999999
rv0505c,596448,283.7
rv0505c,596510,0
rv0505c,596588,18.9
rv0506,596779,135.2
rv0506,596848,16230.9
rv0506,596852,1625.8
rv0506,596948,9789.9
rv0506,596987,3588.3
rv0506,597022,665.1
rv0506,597097,2999.7
rv0506,597142,608.9
rv0506,597177,121.2
rv0507,597323,387.9
rv0507,597359,123.50000000000001
rv0507,597438,1.3
rv0507,597446,194.6
rv0507,597499,12727.6
rv0507,597501,2166.3
rv0507,597531,4.3
rv0507,597616,6607
rv0507,597628,7348
rv0507,597639,711.5
rv0507,597658,9831.9
rv0507,597724,16085.6
rv0507,597780,2664.6
rv0507,597786,2681.8
rv0507,597830,4296.1
rv0507,597838,4027.1
rv0507,597848,4931.3
rv0507,597852,893.9
rv0507,598000,1436.6
rv0507,598007,1122.3
rv0507,598024,127.1
rv0507,598039,20.1
rv0507,598069,2995.9
rv0507,598135,7005.7
rv0507,598162,1099.5
rv0507,598191,716
rv0507,598241,800.6
rv0507,598399,1596
rv0507,598411,14144.3
rv0507,598533,1981.4
rv0507,598539,2082.5
rv0507,598571,1252.6000000000001
rv0507,598581,35.9
rv0507,598585,647.4
rv0507,598599,9.1
rv0507,598619,0
rv0507,598658,0
rv0507,598689,497.7
rv0507,598692,658.8
rv0507,598733,531.7
rv0507,598758,762.8000000000001
rv0507,598786,5060.9
rv0507,598845,2717.5
rv0507,598856,175.1
rv0507,598863,113.8
rv0507,598868,474.2
rv0507,598908,0
rv0507,598918,843.8
rv0507,598924,277.90000000000003
rv0507,598967,10.4
rv0507,598976,0
rv0507,598983,13.1
rv0507,599023,207.20000000000002
rv0507,599037,47.199999999999996
rv0507,599043,428.8
rv0507,599052,379.3
rv0507,599093,624.4
rv0507,599127,1630.9
rv0507,599155,1827.5
rv0507,599157,1098.2
rv0507,599175,1481.4
rv0507,599236,293.59999999999997
rv0507,599394,1823.2
rv0507,599405,1011.9
rv0507,599437,1673.2
rv0507,599469,885.5
rv0507,599488,495.90000000000003
rv0507,599519,41.6
rv0507,599564,600.3
rv0507,599577,278
rv0507,599586,65.3
rv0507,599627,0
rv0507,599652,0
rv0507,599662,262.4
rv0507,599716,708.3000000000001
rv0507,599778,545.4
rv0507,599796,102.8
rv0507,599838,104.4
rv0507,599874,1431.6
rv0507,599889,97.2
rv0507,599990,443.1
rv0507,600106,5462.4
rv0509,600476,0
rv0509,600509,0
rv0509,600609,0
rv0509,600616,0
rv0509,600677,0
rv0509,600702,0
rv0509,600708,13.6
rv0509,600717,0
rv0509,600816,0
rv0509,601039,0
rv0509,601150,0
rv0509,601169,0
rv0509,601205,0
rv0509,601297,0
rv0509,601345,0
rv0509,601373,0
rv0509,601458,0
rv0509,601609,0
rv0509,601643,0
rv0509,601689,0
rv0509,601762,0
rv0509,601844,2.8
rv0510,601870,11
rv0510,601874,0
rv0510,602079,0
rv0510,602128,0
rv0510,602161,0
rv0510,602243,0
rv0510,602278,0
rv0510,602290,0
rv0510,602294,0
rv0510,602311,0
rv0510,602315,0
rv0510,602395,0
rv0510,602787,134
rv0511,602836,0
rv0511,602896,0
rv0511,602955,0
rv0511,603093,0
rv0511,603228,0
rv0511,603314,11
rv0511,603361,0
rv0511,603441,0
rv0511,603583,0
rv0511,603636,0
rv0511,603701,0
rv0511,603770,0
rv0511,604065,0
rv0511,604082,0
rv0511,604199,0
rv0511,604234,0
rv0511,604272,55.8
rv0511,604353,0
rv0511,604517,138.9
rv0512,604620,0
rv0512,604754,0
rv0512,604774,0
rv0512,604795,0
rv0512,604799,0
rv0512,605042,0
rv0512,605064,0
rv0512,605140,0
rv0512,605175,0
rv0512,605199,0
rv0512,605226,0
rv0512,605255,0
rv0512,605280,0
rv0512,605379,0
rv0512,605433,0
rv0512,605451,0
rv0512,605480,0
rv0512,605509,11
rv0512,605525,0
rv0512,605559,0
rv0512,605569,0
rv0512,605588,3656.1
rv0522,613049,45.3
rv0522,613097,259.90000000000003
rv0522,613131,4986.4000000000005
rv0522,613221,781.6
rv0522,613272,3393.8
rv0522,613278,2760.7
rv0522,613288,132.89999999999998
rv0522,613330,3508.4
rv0522,613335,4609.4
rv0522,613573,2412.6
rv0522,613630,5405.3
rv0522,613788,1779.3
rv0522,613814,1133.5
rv0522,613853,643.5
rv0522,613887,8702.7
rv0522,613889,1614.4
rv0522,614047,366.5
rv0522,614094,2186.6
rv0522,614102,298.09999999999997
rv0522,614158,948.2
rv0522,614238,853.5
rv0522,614298,7478.1
rv0522,614330,326
rv0524,614869,0
rv0524,614923,0
rv0524,614987,0
rv0524,615033,0
rv0524,615037,0
rv0524,615163,0
rv0524,615187,0
rv0524,615205,0
rv0524,615236,0
rv0524,615303,0
rv0524,615364,0
rv0524,615474,0
rv0524,615493,0
rv0524,615535,0
rv0524,615684,0
rv0524,615810,0
rv0524,615833,0
rv0524,615891,0
rv0524,615989,0
rv0524,616062,0
rv0524,616101,0
rv0527,617551,27.3
rv0527,617613,2.9
rv0527,617622,5.8
rv0527,617917,0
rv0527,618057,2.9
rv0529,619930,0
rv0529,620064,0
rv0529,620070,0
rv0529,620146,0
rv0529,620162,11
rv0529,620224,21.4
rv0529,620293,0
rv0529,620362,0
rv0529,620401,2.9
rv0529,620447,0
rv0529,620535,0
rv0529,620581,0
rv0529,620627,0
rv0529,620665,0
rv0529,620716,0
rv0529,620725,0
rv0529,620823,0
rv0529,620851,13.2
rv0532,622801,916.6999999999999
rv0532,622812,164.1
rv0532,622855,1221.4
rv0532,622867,17
rv0532,622967,3061.2
rv0532,622979,3139.1
rv0532,623054,3870.6
rv0532,623204,1717
rv0532,623218,0
rv0532,623360,375.09999999999997
rv0532,623444,2391.6
rv0532,623485,69.6
rv0532,623560,0
rv0532,623674,3259
rv0532,623864,2961.4
rv0532,623977,0
rv0532,624194,499.3
rv0532,624456,158.4
rv0532,624510,2626
rv0532,624528,59.400000000000006
rv0532,624578,1352
rv0533c,624634,374.9
rv0533c,624700,1364.8
rv0533c,624728,6066.7
rv0533c,624887,1086.5
rv0533c,624913,295.6
rv0533c,625008,14299.4
rv0533c,625016,3491.7
rv0533c,625104,281.2
rv0533c,625145,3900.9
rv0533c,625353,3430.1
rv0533c,625388,4539.6
rv0533c,625422,611.7
rv0533c,625483,2317.2
rv0534c,625566,284.1
rv0534c,625643,0
rv0534c,625751,0
rv0534c,625794,0
rv0534c,625919,1.3
rv0534c,625965,0
rv0534c,625972,11
rv0534c,626031,0
rv0534c,626037,0
rv0534c,626058,0
rv0534c,626262,0
rv0534c,626274,0
rv0536,627309,64.9
rv0536,627512,636.7
rv0536,627608,735.3
rv0536,627623,2184.4
rv0536,627776,2622.6
rv0536,627806,3018.7000000000003
rv0536,627857,1224.1
rv0536,627869,1203.4
rv0536,627899,203.5
rv0536,628060,554.7
rv0536,628119,296.1
rv0536,628166,517.1
rv0542c,634420,2998.4
rv0542c,634491,0
rv0542c,634509,18.9
rv0542c,634569,0
rv0542c,634855,0
rv0542c,634883,0
rv0542c,634887,11
rv0542c,634942,0
rv0542c,634975,0
rv0542c,635096,0
rv0542c,635134,0
rv0542c,635160,0
rv0542c,635172,0
rv0542c,635269,0
rv0542c,635400,1.3
rv0545c,636463,313.5
rv0545c,636490,441.4
rv0545c,636558,61.5
rv0545c,636643,671.3
rv0545c,636698,547.1
rv0545c,636735,1279.5
rv0545c,636766,5375.1
rv0545c,636770,1141.7
rv0545c,636847,1585.6
rv0545c,636962,874.7
rv0545c,636994,515.2
rv0545c,637044,318.40000000000003
rv0545c,637329,1106.7
rv0545c,637335,30.5
rv0548c,639016,1682.8999999999999
rv0548c,639022,1354.5
rv0548c,639060,0
rv0548c,639100,2.9
rv0548c,639304,0
rv0548c,639315,0
rv0548c,639364,0
rv0548c,639376,0
rv0548c,639427,0
rv0548c,639610,0
rv0548c,639616,0
rv0548c,639751,0
rv0548c,639844,0
rv0551c,641100,167
rv0551c,641165,446.5
rv0551c,641466,3472.8
rv0551c,641469,12776.699999999999
rv0551c,641524,1623.1999999999998
rv0551c,641559,214.4
rv0551c,641636,1613.8
rv0551c,641715,7999.9
rv0551c,641748,1452.4
rv0551c,641751,2295
rv0551c,641792,591.1
rv0551c,641823,2020.5
rv0551c,641826,777.1
rv0551c,641886,1021.5
rv0551c,641917,252.7
rv0551c,641945,363.59999999999997
rv0551c,641975,984.1
rv0551c,642047,2924.4
rv0551c,642125,1646.2
rv0551c,642136,1556.5
rv0551c,642162,3971.5
rv0551c,642175,225.3
rv0551c,642222,3186.2
rv0551c,642242,795.2
rv0551c,642399,3208.1
rv0551c,642447,27.2
rv0551c,642536,3655.4
rv0551c,642558,4564
rv0551c,642568,1944.1
rv0551c,642653,889.5
rv0551c,642734,1631.8
rv0551c,642743,133.3
rv0551c,642782,2243.3
rv0553,644497,537.2
rv0553,644515,0
rv0553,644538,0
rv0553,644646,0
rv0553,644697,0
rv0553,644738,0
rv0553,644979,0
rv0553,645113,0
rv0553,645146,0
rv0553,645164,0
rv0553,645444,0
rv0553,645457,574.6
rv0554,645485,1368.3
rv0554,645520,216
rv0554,645590,80.30000000000001
rv0554,645696,2223.9
rv0554,645838,1231.1
rv0554,645860,3587.8
rv0554,645890,6750
rv0554,645909,2412.7000000000003
rv0554,645991,3025.4
rv0554,646020,3059.8
rv0554,646055,356.8
rv0554,646118,1940.8
rv0554,646160,392.6
rv0554,646170,1737.3
rv0555,646478,8.8
rv0555,646583,0
rv0555,646625,0
rv0555,646673,0
rv0555,646768,0
rv0555,646922,0
rv0555,647151,0
rv0555,647184,0
rv0555,647227,0
rv0555,647484,0
rv0555,647547,0
rv0555,647552,0
rv0555,647673,0
rv0555,647701,11
rv0555,647822,0
rv0562,653056,0
rv0562,653124,0
rv0562,653152,0
rv0562,653156,0
rv0562,653296,0
rv0562,653330,0
rv0562,653448,0
rv0562,653493,0
rv0562,653513,1.3
rv0562,653533,0
rv0562,653540,0
rv0562,653680,0
rv0562,653711,0
rv0562,653758,0
rv0562,653779,2406.2
rv0563,653935,2524.8
rv0563,654023,3256.2
rv0563,654029,878.5
rv0563,654037,796.4
rv0563,654104,733
rv0563,654158,2419
rv0563,654247,675.2
rv0563,654302,1159.8
rv0563,654355,151.8
rv0563,654471,569.4
rv0563,654500,2130.7
rv0568,659567,833.6
rv0568,659615,11763.1
rv0568,659817,0
rv0568,659860,3023.4
rv0568,659925,3186.8
rv0568,660089,1185.7
rv0568,660219,1531.8
rv0568,660362,2266.1
rv0568,660410,2593.3
rv0568,660455,0
rv0568,660521,1986.3999999999999
rv0568,660720,3095.5
rv0570,661420,1682.2
rv0570,661434,46.5
rv0570,661468,26.3
rv0570,661547,5758.4000000000005
rv0570,661556,1137.8
rv0570,661588,138.5
rv0570,661617,4296.8
rv0570,661644,1169.1000000000001
rv0570,661658,2169.6
rv0570,661751,2845.7999999999997
rv0570,661797,2116.3
rv0570,661800,2902.4
rv0570,661967,220.2
rv0570,662046,3425.7
rv0570,662054,1743.7
rv0570,662107,1148
rv0570,662137,10.1
rv0570,662196,416.6
rv0570,662247,609.6
rv0570,662377,314.5
rv0570,662450,1251.3
rv0570,662461,3667.2
rv0570,662582,0
rv0570,662674,0
rv0570,662681,0
rv0570,662706,0
rv0570,662730,898.5
rv0570,662800,0
rv0570,662914,49.9
rv0570,662999,661.1999999999999
rv0570,663050,630.1
rv0570,663218,6809.3
rv0570,663260,533.1
rv0570,663266,232.8
rv0570,663288,1586.9
rv0570,663296,835.5
rv0570,663315,15.8
rv0577,671187,1657.7
rv0577,671253,5026.3
rv0577,671277,1132.7
rv0577,671313,3620.8
rv0577,671406,17703.600000000002
rv0577,671408,1595.2
rv0577,671545,4230.4000000000005
rv0577,671641,4.3
rv0577,671649,775.8000000000001
rv0577,671689,3196.5
rv0577,671706,2188.8
rv0577,671747,4638.6
rv0577,671790,1869.5
rv0577,671952,3911.1
rv0578c,672000,3243.4
rv0578c,672157,316.6
rv0578c,672182,347.09999999999997
rv0578c,672778,0
rv0578c,672926,450.8
rv0578c,672961,15.8
rv0578c,672985,187.5
rv0578c,673375,10.1
rv0578c,673591,0
rv0578c,673705,78.4
rv0578c,674180,1321
rv0578c,674356,360
rv0578c,674608,45
rv0578c,674668,157.3
rv0578c,674701,204.7
rv0578c,674857,0
rv0578c,674902,0
rv0578c,675220,1170.2
rv0578c,675289,0
rv0578c,675357,1280.9
rv0578c,675403,225.5
rv0578c,675436,0
rv0578c,675443,607
rv0578c,675513,1179.5
rv0578c,675623,29.5
rv0578c,675663,826.9
rv0578c,675738,3516.1
rv0578c,675908,396.09999999999997
rv0583c,678393,596.7
rv0583c,678558,4845.5
rv0583c,678753,2053.7
rv0583c,678768,2805.1
rv0583c,678886,1339.2
rv0583c,678888,1965.5
rv0583c,678903,6628.1
rv0583c,678943,2965.2
rv0587,685159,968.4
rv0587,685207,1145.9
rv0587,685220,1861.2
rv0587,685290,1059.9
rv0587,685362,660.8
rv0587,685415,105.89999999999999
rv0587,685611,254.4
rv0587,685625,180.9
rv0587,685690,745.5
rv0587,685721,439.7
rv0587,685778,98
rv0587,685789,348
rv0587,685927,3078.7000000000003
rv0589,686866,608.3
rv0589,686912,564.8000000000001
rv0589,686920,270.3
rv0589,686964,1240.2
rv0589,686991,41.3
rv0589,687016,3682.1
rv0589,687112,1669.7
rv0589,687147,0
rv0589,687178,384
rv0589,687344,324.9
rv0589,687393,0
rv0589,687419,145
rv0589,687445,144.3
rv0589,687481,1267.5
rv0589,687588,10.1
rv0589,687637,862.8
rv0589,687675,86.7
rv0589,687691,4487
rv0589,687772,89.7
rv0589,687779,20.1
rv0589,687817,2881.9
rv0589,687823,111
rv0589,687919,627.6999999999999
rv0589,687955,1334.4
rv0589,687994,2090.2
rv0589,687998,3995.6
rv0589,688012,197.8
rv0591,689181,3938.2999999999997
rv0591,689185,4277.9
rv0591,689188,771.7
rv0591,689229,104.3
rv0591,689376,11
rv0591,689451,60.699999999999996
rv0591,689458,875.2
rv0591,689467,357.09999999999997
rv0591,689534,585.8
rv0591,689576,1217.6
rv0591,689777,177.5
rv0591,689807,768.9
rv0591,689909,1587.8
rv0591,689929,530.9
rv0591,690001,360.3
rv0591,690165,1019.6
rv0591,690214,4109.3
rv0591,690257,199
rv0591,690336,60.5
rv0591,690371,1606.2
rv0591,690416,818.2
rv0591,690495,1305.5
rv0592,690559,748.9
rv0592,690624,0
rv0592,690638,2466.1
rv0592,690644,585.8
rv0592,690657,751.4
rv0592,690681,362.8
rv0592,690725,2006
rv0592,690774,2025.1000000000001
rv0592,690786,1025.7
rv0592,690806,222.6
rv0592,690867,588.6
rv0592,691156,171.6
rv0592,691173,45.3
rv0592,691367,2013.7
rv0592,691372,139.9
rv0592,691428,68.3
rv0592,691452,1224.8
rv0592,691455,298.9
rv0592,691532,180.10000000000002
rv0592,691557,2.9
rv0592,691587,891.2
rv0592,691623,904.8
rv0592,691683,2115.8
rv0592,691716,302.9
rv0592,691814,1299.9
rv0592,691832,139.89999999999998
rv0592,691886,206.4
rv0592,691935,2014.7
rv0592,691968,315.59999999999997
rv0593,692050,0
rv0593,692164,3821.5
rv0593,692209,713.8
rv0593,692234,5145.5999999999995
rv0593,692269,3111.9
rv0593,692305,278.3
rv0593,692376,0
rv0593,692418,2592.2
rv0593,692513,996.9
rv0593,692518,932
rv0593,692655,0
rv0593,692884,0
rv0593,692893,1536.4
rv0593,692931,188.5
rv0593,692957,4429.7
rv0593,692979,2170.8
rv0593,693022,0
rv0593,693035,4163.6
rv0593,693179,687
rv0594,693254,423.9
rv0594,693318,4170.9
rv0594,693331,0
rv0594,693357,837.8
rv0594,693366,1917.2
rv0594,693394,7635.8
rv0594,693396,1370.3
rv0594,693417,6147.7
rv0594,693433,1338.6
rv0594,693501,3005.9
rv0594,693597,2280
rv0594,693629,3127.3
rv0594,693848,2721.4
rv0594,693857,54.3
rv0594,694051,2468.5
rv0594,694058,1321.9
rv0594,694071,1378.8
rv0594,694136,4403.1
rv0594,694139,10753.1
rv0594,694267,484.3
rv0594,694281,6432.9
rv0594,694342,3528.7
rv0594,694398,24562
rv0594,694425,1680.1
rv0594,694520,5164.2
rv0594,694647,7190
rv0594,694667,7981.3
rv0594,694677,4479.4000000000005
rv0594,694702,2123.4
rv0594,694722,7240.9000000000005
rv0602c,699084,0
rv0602c,699150,595.3
rv0602c,699159,2344.8
rv0602c,699189,1202.3
rv0602c,699341,3007.7
rv0602c,699444,2757.2
rv0602c,699464,216.1
rv0602c,699502,1216.3
rv0602c,699551,2647.2
rv0602c,699568,6.9
rv0602c,699603,1151.7
rv0604,700265,1918.8999999999999
rv0604,700446,514.1
rv0604,700869,2225.9
rv0604,700943,39.1
rv0604,701071,971.4
rv0604,701109,8337.2
rv0604,701158,1598.8
rv0620,712731,584.4
rv0620,712776,539.7
rv0620,712938,234.6
rv0620,713148,271.2
rv0620,713331,354.5
rv0620,713623,0
rv0620,713699,30.2
rv0620,713751,18.1
rv0620,713778,685.1
rv0629c,720029,529.3
rv0629c,720141,1203
rv0629c,720357,652.1
rv0629c,720372,806.7
rv0629c,720408,1166.9
rv0629c,720677,315.9
rv0629c,720718,1065
rv0629c,720779,0
rv0629c,721082,0
rv0629c,721240,8.8
rv0629c,721319,166.3
rv0629c,721389,479.8
rv0629c,721401,855.9
rv0629c,721419,2587
rv0629c,721562,117.5
rv0629c,721583,0
rv0630c,721871,935.2
rv0630c,721904,0
rv0630c,721949,436.9
rv0630c,721970,38.2
rv0630c,722012,0
rv0630c,722048,2195.8
rv0630c,722063,628.4000000000001
rv0630c,722077,0
rv0630c,722111,230.1
rv0630c,722162,606.6
rv0630c,722675,322.5
rv0630c,722737,0
rv0630c,722859,1149.2
rv0630c,722872,112.6
rv0630c,722979,408.9
rv0630c,722990,3159
rv0630c,723080,1451.3
rv0630c,723107,588.2
rv0630c,723158,1524.6
rv0630c,723665,63.3
rv0630c,723793,1.3
rv0630c,723872,810.1
rv0630c,724067,626.4
rv0630c,724100,2601.2
rv0630c,724130,1498.5
rv0630c,724179,113.60000000000001
rv0630c,724218,219.29999999999998
rv0630c,724493,1695
rv0630c,724538,928.1
rv0630c,724572,544.3
rv0630c,724786,787
rv0630c,724831,1248.7
rv0630c,724904,1341.7
rv0630c,724938,707.4
rv0631c,725052,1020.5
rv0631c,725073,259.8
rv0631c,725230,0
rv0631c,725317,340.9
rv0631c,725340,49.4
rv0631c,725456,579
rv0631c,725506,907
rv0631c,725814,41.1
rv0631c,725854,61
rv0631c,726211,1515.4
rv0631c,726243,326.8
rv0631c,726590,161.7
rv0631c,726758,22.4
rv0631c,726856,887.1999999999999
rv0631c,727162,4045.5
rv0631c,727319,764.9
rv0631c,727864,1995.2
rv0631c,727884,0
rv0631c,727903,22.7
rv0632c,728587,2320.7
rv0632c,728607,550.3
rv0632c,728759,383.2
rv0632c,728821,1681.1
rv0632c,728856,301.8
rv0632c,728866,427.90000000000003
rv0632c,728911,6525.5
rv0632c,729007,243.6
rv0632c,729022,877.5
rv0632c,729111,151.9
rv0632c,729122,665.4
rv0632c,729230,2359.3
rv0632c,729260,2106.3
rv0632c,729262,4513
rv0639,734262,12.3
rv0639,734303,1.3
rv0639,734404,0
rv0639,734419,0
rv0639,734428,0
rv0639,734488,0
rv0639,734562,0
rv0639,734578,0
rv0639,734628,0
rv0639,734783,0
rv0639,734809,0
rv0639,734828,0
rv0639,734971,1342.3
rv0640,735154,5.7
rv0640,735211,0
rv0640,735222,0
rv0640,735270,0
rv0640,735420,0
rv0640,735451,1536.1
rv0641,735541,0
rv0641,735580,0
rv0641,735678,0
rv0641,735729,0
rv0641,735749,0
rv0641,736084,0
rv0641,736141,0
rv0641,736225,4629.5
rv0642c,736302,2627.9
rv0642c,736326,5307
rv0642c,736365,6004.1
rv0642c,736386,6938.3
rv0642c,736395,6977.9
rv0642c,736404,8052
rv0642c,736441,3372.3
rv0642c,736485,12405.4
rv0642c,736583,3931.9
rv0642c,736636,2072.4
rv0642c,736656,2545.4
rv0642c,736665,7710.7
rv0642c,736740,5686.9
rv0642c,736915,51.8
rv0642c,737031,3441.9
rv0642c,737070,6634.3
rv0642c,737082,11613
rv0642c,737133,6167.1
rv0642c,737179,3531.1
rv0643c,737272,2415.7
rv0643c,737305,3641.3
rv0643c,737341,7993.8
rv0643c,737350,5373.2
rv0643c,737359,9730.4
rv0643c,737361,15677.6
rv0643c,737462,5.2
rv0643c,737468,483.40000000000003
rv0643c,737589,4030
rv0643c,737613,9326.4
rv0643c,737671,1857
rv0643c,737695,2710.9
rv0643c,737718,744.3000000000001
rv0643c,737733,3356.2
rv0643c,737781,1050.2
rv0643c,737830,4894.3
rv0643c,737878,1046.6
rv0643c,737949,2889.9
rv0643c,737970,5088.4000000000005
rv0643c,738025,4596.8
rv0643c,738037,22699.399999999998
rv0643c,738088,4558.3
rv0643c,738143,1814.3
rv0644c,738301,7477.6
rv0644c,738334,1919.2
rv0644c,738370,5179.2
rv0644c,738379,14736.6
rv0644c,738388,5221.8
rv0644c,738469,5303.8
rv0644c,738907,9882.4
rv0644c,738953,0
rv0644c,738984,17787.3
rv0644c,739066,14047.2
rv0644c,739117,23524
rv0644c,739149,2210.8
rv0645c,739331,1511.6
rv0645c,739363,5406.4
rv0645c,739400,9204
rv0645c,739418,33318.5
rv0645c,739435,4404.1
rv0645c,739465,11144.3
rv0645c,739499,9415.2
rv0645c,739679,6062.6
rv0645c,739699,19137.9
rv0645c,739730,5532.7
rv0645c,739754,7269.4
rv0645c,739895,3839.7
rv0645c,739937,6267.1
rv0645c,739990,5253.1
rv0645c,740067,8833.5
rv0645c,740084,1624.3
rv0645c,740096,10542.1
rv0645c,740147,7259.9
rv0645c,740168,8465.800000000001
rv0645c,740171,19373.8
rv0645c,740190,2258.5
rv0646c,740439,384.5
rv0646c,740465,913.6
rv0646c,740514,938.6999999999999
rv0646c,740537,2555.9
rv0646c,740559,28.5
rv0646c,740856,2078.7
rv0646c,740967,1332.4
rv0646c,741093,5072.6
rv0646c,741096,8739.7
rv0646c,741130,153.5
rv0649,746463,34
rv0649,746601,186.9
rv0649,746792,2724.8
rv0649,746990,498.4
rv0651,748360,0
rv0651,748394,0
rv0651,748423,2.9
rv0651,748603,0
rv0651,748673,0
rv0651,748813,0
rv0652,749242,5992.2
rv0655,751526,1690.3999999999999
rv0655,751538,576.2
rv0655,751617,1014.3000000000001
rv0655,751662,417.2
rv0655,751708,2.9
rv0655,751817,1898.4
rv0655,751883,6151.6
rv0655,751968,872.1
rv0655,752026,6991.0999999999995
rv0655,752040,647.4
rv0655,752113,1259.4
rv0655,752120,1395.2
rv0655,752271,5809.9
rv0655,752573,5985.8
rv0655,752597,2699.4
rv0663,756200,1678.2
rv0663,756227,630.2
rv0663,756364,9.200000000000001
rv0663,756377,17
rv0663,756429,296.09999999999997
rv0663,756466,637.8
rv0663,756497,157
rv0663,756507,144
rv0663,756510,40.3
rv0663,756543,81.5
rv0663,756557,365.9
rv0663,756659,554.7
rv0663,756665,739.7
rv0663,756673,887.6
rv0663,756688,44.2
rv0663,756698,90.10000000000001
rv0663,756710,1031.1
rv0663,756758,1134.7
rv0663,756845,3921.6
rv0663,756905,1022.7
rv0663,757062,2748.9
rv0663,757082,776
rv0663,757100,1428.7
rv0663,757175,4043.2000000000003
rv0663,757226,3140
rv0663,757319,3438.9
rv0663,757328,664
rv0663,757357,479.4
rv0663,757364,947.1
rv0663,757408,122.9
rv0663,757530,196.10000000000002
rv0663,757580,593.7
rv0663,757625,946.6999999999999
rv0663,757655,4305.8
rv0663,757751,1106.1
rv0663,757853,1830.6999999999998
rv0663,758096,720.9
rv0663,758120,815.5
rv0663,758126,5549.4
rv0663,758140,1502.8
rv0663,758153,696.8000000000001
rv0663,758213,83.5
rv0663,758247,736.1
rv0663,758255,553.8000000000001
rv0663,758372,2026.2
rv0663,758386,316.5
rv0663,758501,178.9
rv0667,759842,0
rv0667,759848,0
rv0667,759878,0
rv0667,759886,0
rv0667,759917,0
rv0667,760062,0
rv0667,760176,0
rv0667,760347,0
rv0667,760623,0
rv0667,760707,0
rv0667,760731,0
rv0667,760733,0
rv0667,760821,2.9
rv0667,760928,0
rv0667,761229,0
rv0667,761298,0
rv0667,761337,0
rv0667,761363,0
rv0667,761379,10.1
rv0667,761499,0
rv0667,761523,0
rv0667,761651,0
rv0667,761760,0
rv0667,761795,0
rv0667,761799,0
rv0667,761912,0
rv0667,761982,0
rv0667,762405,0
rv0667,762536,0
rv0667,762852,0
rv0667,762870,0
rv0667,762876,0
rv0667,762936,0
rv0667,762968,0
rv0667,763026,0
rv0667,763038,0
rv0667,763098,0
rv0667,763204,0
rv0667,763326,642.7
rv0668,763417,0
rv0668,763445,0
rv0668,763478,0
rv0668,763489,0
rv0668,763553,0
rv0668,763565,0
rv0668,763688,0
rv0668,763718,0
rv0668,763760,0
rv0668,763772,0
rv0668,763881,0
rv0668,764093,0
rv0668,764114,0
rv0668,764123,9.1
rv0668,764402,0
rv0668,764642,0
rv0668,764896,0
rv0668,765128,0
rv0668,765131,0
rv0668,765167,0
rv0668,765206,0
rv0668,765321,0
rv0668,765413,0
rv0668,765482,0
rv0668,765536,0
rv0668,765617,0
rv0668,765749,11
rv0668,765829,0
rv0668,765917,0
rv0668,765986,0
rv0668,766115,0
rv0668,766133,11
rv0668,766240,0
rv0668,766243,0
rv0668,766307,1.3
rv0668,766488,0
rv0668,766556,0
rv0668,766601,11
rv0668,766767,0
rv0668,766796,0
rv0668,767101,0
rv0668,767155,0
rv0668,767161,474.8
rv0668,767171,4.3
rv0668,767219,237.5
rv0668,767234,1397.3
rv0668,767246,1632.3
rv0668,767249,2406.2
rv0668,767300,1043.2
rv0668,767306,9.7
rv0668,767315,2168.5
rv0668,767321,3164.9
rv0670,769862,5179.8
rv0670,769954,6950.5
rv0670,769969,1083.3
rv0670,770173,111.2
rv0670,770343,1417.8
rv0671,770604,3016.7
rv0671,770680,1097.4
rv0671,770720,221
rv0671,770729,2752.7
rv0671,770731,4211.8
rv0671,770816,928.5999999999999
rv0671,770861,86.1
rv0671,770873,1664.8000000000002
rv0671,771008,1632.4
rv0671,771044,940.6999999999999
rv0671,771105,5072.0999999999995
rv0671,771176,1130.8
rv0671,771277,831.2
rv0672,771495,4954.4
rv0672,771535,9060.4
rv0672,771608,5034.5
rv0672,771690,730.1999999999999
rv0672,771703,2803.3
rv0672,771709,0
rv0672,771730,3890.6
rv0672,771742,1312.1
rv0672,771759,1078.8
rv0672,771867,4621.4
rv0672,771889,3248.9
rv0672,771913,1169.8
rv0672,771915,1876.8
rv0672,771937,3040.6
rv0672,771964,364.09999999999997
rv0672,772093,978.8000000000001
rv0672,772288,254.7
rv0672,772412,32.9
rv0672,772459,518.3
rv0672,772624,466
rv0672,772690,1349.3
rv0672,772720,27.2
rv0672,772775,189.10000000000002
rv0672,772779,337.2
rv0672,772921,0
rv0672,773050,453.7
rv0672,773105,1547.1
rv0673,773177,4611.2
rv0673,773363,380.2
rv0673,773402,1592.6
rv0673,773418,5097.6
rv0673,773448,972.2
rv0673,773480,348.5
rv0673,773561,733.6
rv0673,773636,8.6
rv0673,774038,0
rv0673,774062,836.0999999999999
rv0675,774940,172.4
rv0675,775092,9.1
rv0675,775189,18.1
rv0675,775495,893.3000000000001
rv0675,775575,1600.8
rv0676c,775750,185.5
rv0676c,775935,1900.3
rv0676c,775999,64.6
rv0676c,776163,9377.8
rv0676c,776203,143.5
rv0676c,776214,3310.6
rv0676c,776415,7164.4000000000005
rv0676c,776709,5072.2
rv0676c,776727,941
rv0676c,776733,4890.6
rv0676c,776773,6300.7
rv0676c,776943,3191.7999999999997
rv0676c,777050,285.2
rv0676c,777112,3912.7999999999997
rv0676c,777192,2845.9
rv0676c,777209,685.7
rv0676c,777225,4152.5
rv0676c,777240,5816.4000000000005
rv0676c,777252,316.7
rv0676c,777413,156.9
rv0676c,777492,2130.6
rv0676c,777585,4757.3
rv0676c,777588,2734.9
rv0676c,777630,827.4
rv0676c,777654,1711.1
rv0676c,777816,1300.9
rv0676c,777877,2210.5
rv0676c,777930,7955.9
rv0676c,778041,1512.2
rv0676c,778158,905.7
rv0676c,778307,4150.3
rv0676c,778396,868.6
rv0677c,778502,2223.7
rv0677c,778697,3385.5
rv0677c,778712,4480.3
rv0677c,778716,1627.7
rv0677c,778736,1631.7
rv0677c,778879,0
rv0682,781613,0
rv0682,781660,0
rv0682,781674,12.3
rv0682,781758,0
rv0682,781845,11
rv0682,781871,0
rv0682,781911,0
rv0682,781919,0
rv0683,781988,0
rv0683,782066,11
rv0683,782189,0
rv0683,782255,0
rv0683,782396,0
rv0684,782520,0
rv0684,782590,0
rv0684,782593,0
rv0684,782601,0
rv0684,782608,0
rv0684,782730,0
rv0684,782872,0
rv0684,782929,0
rv0684,783082,0
rv0684,783098,0
rv0684,783130,0
rv0684,783187,0
rv0684,783262,1.3
rv0684,783331,0
rv0684,783453,0
rv0684,783481,0
rv0684,783493,0
rv0684,783516,0
rv0684,783603,0
rv0684,783609,0
rv0684,783625,0
rv0684,783946,0
rv0684,783985,0
rv0684,784075,1.3
rv0684,784107,0
rv0684,784120,1.3
rv0684,784162,0
rv0684,784180,0
rv0684,784222,0
rv0684,784354,0
rv0684,784437,0
rv0684,784471,11
rv0684,784513,0
rv0684,784534,0
rv0685,784916,0
rv0685,785009,0
rv0685,785037,0
rv0685,785058,0
rv0685,785091,0
rv0685,785217,10.1
rv0685,785227,0
rv0685,785489,0
rv0685,785757,0
rv0685,785808,0
rv0685,785823,11
rv0685,786012,3600.3
rv0700,800526,0
rv0700,800599,20.2
rv0700,800614,0
rv0700,800634,0
rv0700,800657,0
rv0700,800661,22
rv0700,800793,601.6999999999999
rv0701,800835,0
rv0701,800847,0
rv0701,800858,0
rv0701,800879,0
rv0701,800882,0
rv0701,800918,0
rv0701,800950,0
rv0701,800952,0
rv0701,800971,0
rv0701,801019,0
rv0701,801049,0
rv0701,801094,3.9
rv0701,801142,0
rv0701,801159,0
rv0701,801345,0
rv0701,801360,0
rv0702,801533,0
rv0702,801626,0
rv0702,801678,0
rv0702,801751,0
rv0702,801774,11
rv0702,801851,0
rv0702,801871,0
rv0702,801935,0
rv0702,802038,0
rv0702,802092,0
rv0702,802094,0
rv0703,802196,0
rv0703,802220,0
rv0703,802333,0
rv0703,802352,0
rv0703,802436,119.3
rv0704,802546,11
rv0704,802583,0
rv0704,802677,0
rv0704,802704,0
rv0704,802714,0
rv0704,802780,0
rv0704,802794,0
rv0704,802819,0
rv0704,802840,0
rv0704,802893,0
rv0704,802947,0
rv0704,802989,0
rv0704,803044,0
rv0704,803058,0
rv0704,803244,0
rv0704,803271,0
rv0704,803298,0
rv0704,803371,0
rv0705,803554,0
rv0705,803665,11
rv0706,803703,0
rv0706,803706,0
rv0706,803712,0
rv0706,803719,0
rv0706,803944,0
rv0706,804021,0
rv0706,804132,0
rv0706,804198,0
rv0706,804283,0
rv0707,804351,0
rv0707,804366,0
rv0707,804375,0
rv0707,804421,0
rv0707,804445,0
rv0707,804625,0
rv0707,804640,0
rv0707,804786,0
rv0707,804827,0
rv0707,804834,0
rv0707,804841,0
rv0707,804843,0
rv0707,804891,0
rv0707,805025,0
rv0708,805127,0
rv0708,805133,0
rv0708,805206,0
rv0708,805233,0
rv0708,805265,0
rv0708,805393,0
rv0708,805403,0
rv0708,805434,0
rv0708,805505,0
rv0708,805508,303
rv0709,805657,11
rv0709,805672,0
rv0709,805700,1.3
rv0709,805750,51.099999999999994
rv0710,805773,0
rv0710,805797,0
rv0710,805806,0
rv0710,805859,11
rv0710,805884,0
rv0710,805908,0
rv0710,805948,0
rv0710,806015,0
rv0710,806017,0
rv0710,806040,0
rv0710,806163,2589.5
rv0710,806167,4135.4
rv0711,806385,754.5
rv0711,806416,3785.1
rv0711,806458,3121.7999999999997
rv0711,806633,2504.9
rv0711,806643,1112
rv0711,806737,13006.1
rv0711,806746,12685.8
rv0711,806790,1862.2
rv0711,806842,3699
rv0711,806852,718
rv0711,806875,204.1
rv0711,806888,1640.7
rv0711,806890,20073.7
rv0711,806935,1675.9
rv0711,807022,9774.2
rv0711,807082,8469.6
rv0711,807106,4274.8
rv0711,807115,96.4
rv0711,807149,228.8
rv0711,807185,1168.7
rv0711,807193,1587.3
rv0711,807325,1078.6
rv0711,807358,2831.4
rv0711,807475,1749.1
rv0711,807535,7082
rv0711,807544,335.3
rv0711,807580,2402.5
rv0711,807598,515.5
rv0711,807685,3960
rv0711,807718,680.2
rv0711,807794,774.2
rv0711,807844,3375.4
rv0711,808057,2072.4
rv0711,808117,2061.2
rv0711,808141,7391.6
rv0711,808147,9938.1
rv0711,808150,3127.6
rv0711,808187,441.9
rv0711,808236,1338.8
rv0711,808321,2313.4
rv0711,808327,4880
rv0711,808394,1541.9
rv0711,808408,2829.5
rv0711,808542,1012.4000000000001
rv0711,808585,607.6
rv0711,808614,956.8
rv0714,811469,0
rv0714,811531,0
rv0714,811601,1.3
rv0714,811708,0
rv0714,811742,11
rv0715,811792,0
rv0715,811823,0
rv0715,811842,0
rv0715,811997,0
rv0715,812032,0
rv0716,812104,0
rv0716,812146,0
rv0716,812464,0
rv0716,812492,0
rv0718,813023,0
rv0718,813039,0
rv0718,813111,5.2
rv0718,813149,0
rv0718,813161,0
rv0718,813174,0
rv0718,813182,0
rv0718,813240,0
rv0718,813335,11
rv0718,813366,0
rv0719,813409,0
rv0719,813415,0
rv0719,813478,0
rv0719,813498,0
rv0719,813550,0
rv0719,813583,1.3
rv0719,813594,0
rv0719,813610,0
rv0719,813650,0
rv0719,813683,0
rv0719,813728,0
rv0719,813844,0
rv0719,813872,0
rv0719,813893,0
rv0719,813934,0
rv0719,813938,0
rv0720,814229,0
rv0720,814246,0
rv0720,814248,11
rv0720,814252,0
rv0721,814363,2.9
rv0721,814454,0
rv0721,814458,0
rv0721,814549,0
rv0721,814571,0
rv0721,814590,0
rv0721,814644,0
rv0721,814710,0
rv0721,814729,0
rv0721,814905,348.3
rv0721,814981,220.5
rv0721,814989,59.1
rv0721,814991,2031.2
rv0722,815078,76.4
rv0722,815191,11
rv0723,815393,0
rv0723,815412,0
rv0723,815631,1815
rv0724,815721,501.8
rv0724,815734,3477.6
rv0724,815775,4157.3
rv0724,815800,711.6
rv0724,815820,3720.7000000000003
rv0724,815890,5671.9
rv0724,815973,0
rv0724,815985,975.1
rv0724,816092,421.2
rv0724,816110,3969.3
rv0724,816113,2743.1
rv0724,816254,2664.6
rv0724,816376,411.3
rv0724,816420,1420.5
rv0724,816482,792.9
rv0724,816490,351.5
rv0724,816575,2622.4
rv0724,816587,471.7
rv0724,816801,660.1
rv0724,816850,1937.2
rv0724,816932,966.8000000000001
rv0724,816935,7071
rv0724,817075,2288.1
rv0724,817154,771.1
rv0724,817198,517.1
rv0724,817317,219.8
rv0724,817326,1346.8
rv0724,817350,1173.5
rv0724,817358,871.9
rv0724,817435,3670.4
rv0724,817535,1452.2
rv0727c,819847,193.3
rv0727c,819868,1365.5
rv0727c,819874,2475.2
rv0727c,819890,2542.1
rv0727c,820091,446.7
rv0727c,820105,1720.4
rv0727c,820135,1681.8
rv0727c,820246,808.5
rv0727c,820260,7103.2
rv0727c,820266,3833.1
rv0727c,820326,3976.1
rv0727c,820357,4669.9
rv0727c,820412,3042.2
rv0728c,820511,4959.1
rv0728c,820920,96.9
rv0728c,821046,280.3
rv0728c,821189,1279.9
rv0728c,821342,2495
rv0728c,821358,862.8
rv0728c,821394,5646.8
rv0728c,821396,4287.7
rv0728c,821408,0
rv0729,821542,6.5
rv0729,821604,18.299999999999997
rv0729,821801,596.6
rv0729,821823,0
rv0729,821924,134.9
rv0729,821951,5059.2
rv0729,821981,2260
rv0729,822207,6226.9
rv0729,822283,1494.3
rv0729,822358,1563.2
rv0729,822381,119.6
rv0729,822416,9534.9
rv0729,822418,13980.6
rv0729,822420,16668.899999999998
rv0729,822518,2051.7
rv0729,822558,3996.1000000000004
rv0729,822609,454.70000000000005
rv0729,822628,673.9
rv0729,822815,1443.2
rv0732,824884,0
rv0732,824980,11
rv0732,825014,0
rv0732,825017,0
rv0732,825052,0
rv0732,825154,0
rv0732,825163,0
rv0732,825167,11
rv0732,825183,0
rv0732,825233,0
rv0732,825538,0
rv0732,825568,0
rv0732,825586,2.2
rv0732,825618,0
rv0732,825627,0
rv0732,825649,24.8
rv0732,825733,0
rv0732,825760,11
rv0732,825772,0
rv0732,825799,0
rv0732,825805,0
rv0732,825904,0
rv0732,825913,0
rv0732,825930,0
rv0732,825949,0
rv0732,826032,0
rv0732,826068,0
rv0732,826108,2270.1
rv0733,826278,0
rv0733,826380,0
rv0733,826554,0
rv0733,826584,0
rv0733,826587,0
rv0733,826668,2533
rv0734,826883,1502
rv0734,826892,0
rv0734,826980,477
rv0734,827167,561.2
rv0734,827189,836.3
rv0734,827219,2.6
rv0734,827251,11078.1
rv0734,827347,295.2
rv0734,827436,0
rv0734,827471,40.3
rv0735,827600,6303.1
rv0735,827630,529.3000000000001
rv0735,827926,3841.7
rv0735,827948,12923.5
rv0735,827951,3289.5
rv0735,828026,4122.3
rv0735,828070,9717.9
rv0746,835805,110.6
rv0746,835887,3418.2
rv0746,835962,1527.2
rv0746,836147,424.4
rv0746,836263,945.2
rv0746,836623,889
rv0746,836714,31.4
rv0746,836852,10.1
rv0746,836900,56.2
rv0746,836984,450.2
rv0746,837275,0
rv0746,837400,424.8
rv0746,837587,1037.2
rv0746,837713,0
rv0746,838053,70.5
rv0747,838528,2789.4
rv0747,838537,796.7
rv0747,838637,4951.4000000000005
rv0747,838670,1468.5
rv0747,838712,1687.4
rv0747,838912,0
rv0747,839239,254.10000000000002
rv0747,839332,588.9
rv0747,839335,1714.5
rv0747,839545,0
rv0747,839578,1191.8
rv0747,839632,2641.9
rv0747,840064,22.2
rv0747,840286,1580.5
rv0747,840754,415.2
rv0747,840763,0
rv0747,840857,1311
rv0751c,842351,4444.5
rv0751c,842429,2545.5
rv0751c,842791,3364.3
rv0751c,842794,472.2
rv0751c,842812,131.8
rv0751c,843011,2009.3
rv0751c,843087,402.9
rv0751c,843214,1917
rv0752c,843246,392.59999999999997
rv0752c,843363,462.59999999999997
rv0752c,843375,1197.1
rv0752c,843381,47.3
rv0752c,843438,1860.5
rv0752c,843538,0
rv0752c,843556,90.19999999999999
rv0752c,843615,356.5
rv0752c,843670,221.1
rv0752c,843706,27.2
rv0752c,843758,0
rv0752c,843915,3292.4
rv0752c,843969,1239.3
rv0752c,844056,374.2
rv0752c,844260,1265.6
rv0752c,844405,299.5
rv0753c,844425,927.7
rv0753c,844506,844.9
rv0753c,844581,5210.7
rv0753c,844695,1050.6
rv0753c,844731,846
rv0753c,844782,709.7
rv0753c,844947,714.4
rv0753c,844992,202.9
rv0753c,845032,583.3000000000001
rv0753c,845133,255.8
rv0753c,845253,3123.8
rv0753c,845259,6144.1
rv0753c,845269,22.400000000000002
rv0753c,845462,580.1
rv0753c,845553,2327.8
rv0753c,845586,1836.8999999999999
rv0753c,845630,2695.4
rv0753c,845737,137.9
rv0753c,845849,1777.9
rv0754,846214,2241.4
rv0754,846301,1537.1
rv0754,846345,2355.5
rv0754,846375,1641.2
rv0754,846420,7914.7
rv0754,846428,12.1
rv0754,846513,4755.9
rv0754,846679,413.4
rv0754,846702,157
rv0754,846704,633.5
rv0754,846713,0
rv0754,846733,407.1
rv0754,846749,50.3
rv0754,846851,43.900000000000006
rv0754,846935,71.7
rv0754,846962,0
rv0754,847152,1251.8
rv0754,847237,2525.1
rv0754,847311,6620
rv0754,847412,384.5
rv0754,847434,4967.7
rv0754,847494,1389.6
rv0754,847555,335.5
rv0754,847600,2616.3
rv0754,847648,1392.1000000000001
rv0754,847681,544.7
rv0754,847719,7431
rv0754,847728,2205.7
rv0754,847859,277.3
rv0754,847872,11683.2
rv0754,847876,9897.9
rv0755c,848107,642.3
rv0755c,848144,0
rv0755c,848222,1.3
rv0755c,848238,78.3
rv0755c,848249,63.4
rv0755c,848313,105.39999999999999
rv0755c,848318,0
rv0755c,848332,0
rv0755c,848340,0
rv0755c,848376,30.2
rv0755c,848381,55.2
rv0755c,848411,0
rv0755c,848420,0
rv0755c,848483,12.1
rv0755c,848486,4.3
rv0755c,848519,10.1
rv0755c,848537,4.3
rv0755c,848594,7.9
rv0755c,848645,217.7
rv0755c,848654,615.6
rv0755c,848703,123.99999999999999
rv0755c,848711,4.3
rv0755c,848751,89.2
rv0755c,848777,1774.7
rv0755c,848823,2146.9
rv0755c,848909,592.5
rv0755c,848919,386.6
rv0755c,848921,601.7
rv0755c,848924,25.4
rv0755c,848930,0
rv0755c,848973,0
rv0755c,848987,753.0999999999999
rv0755c,848990,796.3
rv0755c,849022,1102.7
rv0755c,849060,10.1
rv0755c,849077,0
rv0755c,849095,0
rv0755c,849197,121.2
rv0755c,849272,43.2
rv0755c,849287,0
rv0755c,849296,45.1
rv0755c,849335,0
rv0755c,849365,91.2
rv0755c,849431,0
rv0755c,849446,0
rv0755c,849457,428.8
rv0755c,849467,257.59999999999997
rv0755c,849470,795.5
rv0755c,849497,0
rv0755c,849580,782.8
rv0755c,849622,4720.9
rv0755c,849642,347.8
rv0755c,849826,1202.8
rv0755c,849969,2040
rv0755c,849994,8773.9
rv0755c,850002,337.40000000000003
rv0757,851752,1280.1
rv0757,851921,989.5
rv0757,851962,3593.4
rv0757,852051,5623.0999999999995
rv0757,852075,0
rv0757,852160,1031.1
rv0757,852198,1173.1
rv0757,852223,464.90000000000003
rv0757,852259,3230.1
rv0757,852268,1366
rv0757,852331,2335.2
rv0757,852335,2089.3
rv0758,852430,394.4
rv0758,852436,895
rv0758,852603,106.9
rv0758,852614,1226.6000000000001
rv0758,852642,5055.7
rv0758,852675,5419.6
rv0758,852677,2608.8
rv0758,852703,247.9
rv0758,852778,838.8
rv0758,852813,2751.2
rv0758,852889,1170.7
rv0758,852927,1297.1
rv0758,853184,309.8
rv0758,853199,314
rv0758,853221,725.1
rv0758,853327,502.90000000000003
rv0758,853522,2168.9
rv0758,853653,1438
rv0761c,854703,0
rv0761c,854721,283.3
rv0761c,854766,29.1
rv0761c,854793,2925.6
rv0761c,854836,3462.6
rv0761c,854838,11664.4
rv0761c,854865,1349.8
rv0761c,855012,8197.3
rv0761c,855078,6259.5999999999995
rv0761c,855123,558.8
rv0761c,855192,1106.1
rv0761c,855306,774.4
rv0761c,855399,5560.1
rv0761c,855432,147.6
rv0764c,856686,1327.3
rv0764c,856707,0
rv0764c,856759,279.3
rv0764c,856764,209.7
rv0764c,856797,203.89999999999998
rv0764c,856932,302.9
rv0764c,857172,417.90000000000003
rv0764c,857205,88.1
rv0764c,857251,244.6
rv0764c,857487,1381.3
rv0764c,857499,2047.8
rv0764c,857504,2188.5
rv0764c,857535,924.1
rv0764c,857604,5007
rv0764c,857726,607.2
rv0764c,857752,153.5
rv0764c,857814,236.7
rv0764c,857917,2195.7
rv0764c,858023,744.2
rv0766c,858868,2370.7
rv0766c,858955,839.4
rv0766c,859056,164.3
rv0766c,859087,0
rv0766c,859137,58.9
rv0766c,859177,908.6
rv0766c,859231,270.5
rv0766c,859281,1.3
rv0766c,859318,565.5
rv0766c,859335,1217.7
rv0766c,859492,1652.3
rv0766c,859495,1257.7
rv0766c,859617,174.5
rv0766c,859665,475.3
rv0766c,859781,1075.9
rv0766c,859827,48
rv0766c,859834,0
rv0766c,859869,226.8
rv0766c,859876,848.4000000000001
rv0766c,859961,1096.9
rv0766c,859966,498.3
rv0766c,859996,1747.9
rv0766c,859999,1150
rv0766c,860005,0
rv0766c,860026,1135.6
rv0766c,860032,500.90000000000003
rv0768,860938,1596.8
rv0768,860964,1477.5
rv0768,861112,167.7
rv0768,861177,430.1
rv0768,861258,1343.5
rv0768,861287,359.2
rv0768,861423,1941.5
rv0768,861435,70.5
rv0768,861445,502.5
rv0768,861459,319.7
rv0768,861628,50.3
rv0768,861648,85
rv0768,861735,312
rv0768,861753,0
rv0768,861830,50.8
rv0768,861953,256.6
rv0768,862015,30.2
rv0768,862031,130.1
rv0768,862166,641.3
rv0768,862187,402.6
rv0768,862236,10.1
rv0768,862268,255.3
rv0768,862295,2315.4
rv0768,862309,0
rv0768,862346,59.4
rv0768,862350,697.8
rv0768,862369,21.4
rv0768,862382,0
rv0772,864602,2.8
rv0772,864632,0
rv0772,864671,0
rv0772,864803,0
rv0772,864809,0
rv0772,864867,0
rv0772,864956,0
rv0772,865043,0
rv0772,865144,0
rv0772,865163,0
rv0772,865254,0
rv0772,865266,0
rv0772,865276,2.2
rv0772,865309,0
rv0772,865355,0
rv0772,865390,0
rv0772,865407,0
rv0772,865521,0
rv0772,865574,2.6
rv0772,865583,0
rv0772,865600,0
rv0772,865768,0
rv0772,865818,0
rv0772,865826,0
rv0772,865855,268
rv0773c,865903,228
rv0773c,865951,245
rv0773c,865959,162.5
rv0773c,866039,422.1
rv0773c,866095,0
rv0773c,866215,565.8
rv0773c,866335,1544.4
rv0773c,866389,607.5
rv0773c,866470,2050.8
rv0773c,866509,1317.8
rv0773c,866612,684.9
rv0773c,866673,160.9
rv0773c,866689,765.2
rv0773c,866698,635.6
rv0773c,866815,200.1
rv0773c,866850,163.7
rv0773c,866876,310.7
rv0773c,867013,360.1
rv0773c,867048,476.3
rv0773c,867148,335.3
rv0777,870041,0
rv0777,870105,0
rv0777,870117,0
rv0777,870144,0
rv0777,870173,0
rv0777,870419,0
rv0777,870551,0
rv0777,870701,0
rv0777,870906,0
rv0777,870914,0
rv0777,870936,0
rv0777,871067,0
rv0777,871100,0
rv0777,871123,0
rv0777,871131,0
rv0777,871388,0
rv0777,871402,0
rv0777,871406,0
rv0777,871427,873.4
rv0778,871439,150.8
rv0778,871542,865.2
rv0778,871598,779.4
rv0778,871602,543.5
rv0778,871624,950.2
rv0778,871641,520.8000000000001
rv0778,871748,11.7
rv0778,871843,2599
rv0778,872038,171
rv0778,872040,2450.7
rv0778,872046,3107
rv0778,872069,60.699999999999996
rv0778,872117,280.90000000000003
rv0778,872163,1633.6000000000001
rv0778,872179,1468.1
rv0778,872210,1476.6000000000001
rv0778,872468,144
rv0778,872517,537.8
rv0778,872624,2896.1
rv0778,872636,220.1
rv0778,872653,824.2
rv0778,872676,260.3
rv0783c,876830,268.2
rv0783c,876853,839.1
rv0783c,876902,0
rv0783c,876914,75.5
rv0783c,876923,459.1
rv0783c,876933,247.60000000000002
rv0783c,876986,0
rv0783c,877057,0
rv0783c,877086,142.8
rv0783c,877118,0
rv0783c,877271,468.8
rv0783c,877275,1088.1
rv0783c,877429,4505.3
rv0783c,877476,161.5
rv0783c,877577,1537.7
rv0783c,877599,6.5
rv0783c,877652,595.1
rv0783c,877693,695.4
rv0783c,877752,1745.3
rv0783c,877863,814.2
rv0783c,878036,145.5
rv0783c,878063,0
rv0783c,878099,93.1
rv0783c,878184,1311.8
rv0783c,878338,755.8
rv0783c,878346,383.8
rv0783c,878443,1655.3999999999999
rv0788,882882,0
rv0788,882899,0
rv0788,882922,0
rv0788,882931,12.3
rv0788,882983,0
rv0788,883055,0
rv0788,883058,0
rv0788,883121,0
rv0788,883204,0
rv0788,883235,0
rv0788,883264,0
rv0788,883405,5.1
rv0798c,891509,835.7
rv0798c,891539,280.59999999999997
rv0798c,891572,5.9
rv0798c,891601,2498.6
rv0798c,891707,245
rv0798c,891729,72.2
rv0798c,891740,3815.7
rv0798c,891767,885.0999999999999
rv0798c,891905,454.2
rv0798c,891916,791.8
rv0798c,891961,0
rv0798c,891984,25.099999999999998
rv0798c,892026,10.1
rv0798c,892039,0
rv0798c,892098,477.8
rv0798c,892259,615.4
rv0800,893420,40.3
rv0800,893468,1480.6
rv0800,893636,1662.6
rv0800,893694,0
rv0800,893710,23.5
rv0800,893835,2457.2
rv0800,893873,1233
rv0800,894026,3452.3
rv0800,894156,286
rv0800,894275,1202.6
rv0800,894353,289
rv0800,894415,2394.4
rv0800,894425,119.7
rv0800,894564,1232.3
rv0800,894572,228
rv0800,894609,498.6
rv0800,894620,4916.9
rv0803,895874,0
rv0803,895904,0
rv0803,895961,0
rv0803,895991,0
rv0803,896018,0
rv0803,896150,0
rv0803,896162,0
rv0803,896275,0
rv0803,896318,0
rv0803,896375,0
rv0803,896391,0
rv0803,896415,0
rv0803,896418,0
rv0803,896503,0
rv0803,896630,0
rv0803,896679,0
rv0803,896700,0
rv0803,896964,0
rv0803,896982,0
rv0803,896984,0
rv0803,897010,0
rv0803,897096,0
rv0803,897143,0
rv0803,897152,1.3
rv0803,897237,0
rv0803,897260,1.3
rv0803,897278,0
rv0803,897311,0
rv0803,897482,0
rv0803,897568,0
rv0803,897687,0
rv0803,897750,0
rv0803,897813,0
rv0803,897837,0
rv0803,898076,159.8
rv0806c,899822,0
rv0806c,899832,1847.4
rv0806c,899893,1636.3
rv0806c,899919,88.5
rv0806c,899941,1547.8999999999999
rv0806c,899948,737.5
rv0806c,899964,3658.2
rv0806c,899982,1715.4
rv0806c,899992,1089.5
rv0806c,900033,1162.1
rv0806c,900036,2602.2999999999997
rv0806c,900042,3369.2
rv0806c,900158,121.5
rv0806c,900184,590.2
rv0806c,900224,30.9
rv0806c,900250,2038.5
rv0806c,900331,6939.2
rv0806c,900375,988.5
rv0806c,900436,2401.6
rv0806c,900438,3721.7
rv0806c,900496,2408.2
rv0806c,900554,2807.8
rv0806c,900591,229.20000000000002
rv0806c,900651,6889.4
rv0806c,900697,1973.6000000000001
rv0806c,900725,4186.8
rv0806c,900786,712.1
rv0806c,900792,8.8
rv0806c,900815,335.5
rv0806c,900844,308.4
rv0806c,900885,1037.8999999999999
rv0806c,900887,683.6999999999999
rv0806c,900924,78.7
rv0806c,900957,5444.3
rv0806c,901039,1500.5
rv0806c,901050,586.4
rv0806c,901103,3273.6
rv0806c,901154,6485
rv0806c,901158,2211.7
rv0806c,901165,2414.6
rv0806c,901178,1015.0999999999999
rv0806c,901267,0
rv0808,902121,1060.5
rv0808,902132,2905.5
rv0808,902267,0
rv0808,902270,11
rv0808,902279,0
rv0808,902435,0
rv0808,902741,0
rv0808,902759,0
rv0808,902775,0
rv0808,902860,0
rv0808,902884,0
rv0808,902943,0
rv0808,902951,11
rv0808,902957,0
rv0808,902977,11
rv0808,902997,0
rv0808,903104,0
rv0808,903128,0
rv0808,903155,0
rv0808,903306,0
rv0808,903383,11
rv0808,903388,0
rv0808,903459,0
rv0808,903491,0
rv0808,903569,0
rv0808,903576,16
rv0808,903600,45.5
rv0809,903766,0
rv0809,903775,0
rv0809,903782,0
rv0809,903920,0
rv0809,903991,0
rv0809,904079,0
rv0809,904132,0
rv0809,904217,11
rv0809,904222,0
rv0809,904337,0
rv0809,904428,0
rv0809,904448,0
rv0809,904599,0
rv0809,904749,0
rv0809,904820,13508.5
rv0815c,908528,11187.3
rv0815c,908549,4921.3
rv0815c,908575,1893.2
rv0815c,908627,12084.7
rv0815c,908653,3975
rv0815c,908669,4707.3
rv0815c,908898,1224
rv0815c,908918,9229
rv0815c,909020,6467.7
rv0815c,909032,4596.4
rv0815c,909038,4021.6
rv0815c,909044,1302.8
rv0815c,909074,1675
rv0815c,909207,13872.2
rv0815c,909221,12129.7
rv0816c,909678,38
rv0816c,909827,261.9
rv0816c,910006,8128.3
rv0820,912765,18894.2
rv0820,912768,3704.9
rv0820,912925,5381.6
rv0820,912944,16716.8
rv0820,912948,7377.3
rv0820,912959,4.3
rv0820,913097,346.7
rv0820,913157,3052.1
rv0820,913320,15145.9
rv0820,913343,15353.7
rv0820,913423,2178.4
rv0820,913482,10117.1
rv0820,913503,237.7
rv0821c,913562,272.8
rv0821c,913634,3259.2
rv0821c,913844,152.4
rv0821c,914038,1863.8
rv0821c,914137,1464.2
rv0821c,914167,2196.4
rv0821c,914189,4350.9
rv0824c,917738,537.9
rv0824c,917772,0
rv0824c,917805,0
rv0824c,917904,0
rv0824c,917940,0
rv0824c,917956,0
rv0824c,917996,0
rv0824c,918043,0
rv0824c,918143,0
rv0824c,918210,0
rv0824c,918225,11
rv0824c,918269,11
rv0824c,918302,0
rv0824c,918346,0
rv0824c,918404,0
rv0824c,918509,0
rv0824c,918614,0
rv0824c,918617,0
rv0824c,918644,1.3
rv0824c,918692,0
rv0832,924960,7520.7
rv0832,924980,1511.3
rv0832,925037,178
rv0832,925212,2301.2
rv0833,925732,170.3
rv0833,925759,0
rv0833,925804,0
rv0833,925840,0
rv0833,926008,96.39999999999999
rv0833,926119,408.2
rv0833,926221,205.9
rv0833,927097,152.3
rv0833,927280,291.3
rv0833,927424,0
rv0833,927499,0
rv0833,927611,178.4
rv0834c,927841,349.5
rv0834c,927893,0
rv0834c,927937,869.5
rv0834c,927947,2253.6
rv0834c,927975,5821.8
rv0834c,928007,526.8
rv0834c,928056,733.3000000000001
rv0834c,928097,0
rv0834c,928155,79.9
rv0834c,928362,800.5
rv0834c,928467,175.3
rv0834c,928529,161.5
rv0834c,928784,9.1
rv0834c,928817,20.9
rv0834c,928907,80.9
rv0834c,929093,97.2
rv0834c,929326,762.1
rv0834c,929402,986
rv0834c,929504,361.9
rv0834c,929507,1438.7
rv0834c,929708,245
rv0834c,929745,160.8
rv0834c,929909,36.4
rv0834c,930125,1256.5
rv0834c,930171,4266.4000000000005
rv0834c,930229,4089.9
rv0834c,930239,1710.5
rv0834c,930304,5607.9
rv0835,931107,4177.2
rv0835,931124,5738.6
rv0835,931255,60.2
rv0835,931265,203.3
rv0835,931276,0
rv0835,931321,79.2
rv0835,931332,271
rv0835,931340,354.9
rv0835,931354,615.4
rv0835,931421,3911.9
rv0835,931493,8814.300000000001
rv0835,931512,4873.6
rv0835,931518,2015
rv0835,931537,666.5
rv0835,931598,5081.7
rv0838,934856,816.3
rv0838,934966,182.9
rv0838,935002,1597.7
rv0838,935110,1006.5
rv0838,935185,7110.7
rv0838,935193,3094.5
rv0838,935416,3175
rv0840c,936465,315.7
rv0840c,936800,5239.1
rv0840c,936833,244.60000000000002
rv0840c,936940,2.2
rv0840c,937001,5710.6
rv0840c,937053,18
rv0840c,937117,3264.3
rv0840c,937208,4525.2
rv0840c,937240,4944.4000000000005
rv0844c,940460,3081
rv0844c,940529,2529.3
rv0844c,940552,432
rv0844c,940571,12152.4
rv0844c,940573,6489.9
rv0844c,940817,1771.5
rv0844c,940848,2993.5
rv0844c,940874,2681.5
rv0844c,940925,1104.5
rv0844c,941053,931.3
rv0847,944395,714.4
rv0847,944476,5522.4
rv0847,944480,154.6
rv0847,944590,2616.6
rv0847,944593,3101.6
rv0847,944636,224.6
rv0848,944968,0
rv0848,944989,390.6
rv0848,945039,296.40000000000003
rv0848,945056,215.79999999999998
rv0848,945107,1495.3
rv0848,945129,198.6
rv0848,945151,3603.4
rv0848,945183,2.6
rv0848,945203,90.2
rv0848,945239,54
rv0848,945252,1156.1
rv0848,945259,1498.9
rv0848,945328,919.9000000000001
rv0848,945345,1937.8000000000002
rv0848,945421,494.7
rv0848,945448,873.5
rv0848,945475,122.89999999999999
rv0848,945578,269.9
rv0848,945684,4036.7
rv0848,945688,276.5
rv0848,945706,9937.6
rv0848,945784,385.3
rv0848,945824,157.4
rv0848,945898,1702.3999999999999
rv0848,945913,4101.1
rv0848,945925,2726.7
rv0848,945947,849.1999999999999
rv0848,945992,223.29999999999998
rv0848,946057,2450.8
rv0853c,949572,1541.8
rv0853c,949656,1731.8
rv0853c,949695,3100.6
rv0853c,949804,50.1
rv0853c,949854,27.2
rv0853c,949885,164.8
rv0853c,949926,1312.3999999999999
rv0853c,950060,820
rv0853c,950169,918
rv0853c,950316,1528.7
rv0853c,950538,0
rv0853c,950582,1518.1
rv0853c,950600,22164.4
rv0853c,950602,8508.6
rv0853c,950604,1929.4
rv0853c,950627,193.3
rv0853c,950648,170.8
rv0853c,950656,0
rv0853c,950826,251.6
rv0853c,950879,595.5
rv0853c,950910,0
rv0853c,950925,178.5
rv0853c,951006,3583.8
rv0853c,951062,3101.1
rv0853c,951066,1457.8
rv0853c,951081,1339.8
rv0855,951685,422.7
rv0855,951973,151.8
rv0855,952028,5905.7
rv0855,952064,0
rv0855,952092,336.9
rv0855,952157,2655.7
rv0855,952216,255.3
rv0855,952310,2972.4
rv0855,952319,4187
rv0855,952340,13446.2
rv0855,952442,8.8
rv0855,952454,11021.4
rv0855,952534,4095.2
rv0855,952712,2021.8
rv0860,956395,213.3
rv0860,956462,30.8
rv0860,956546,1421.7
rv0860,956601,500.90000000000003
rv0860,956765,156.7
rv0860,956814,89.3
rv0860,956909,142.2
rv0860,956971,495.4
rv0860,957151,300.3
rv0860,957319,1346.5
rv0860,957340,310
rv0860,957350,724.7
rv0860,957381,4.2
rv0860,957394,490
rv0860,957669,121.2
rv0860,957769,463
rv0860,957897,699.7
rv0860,957925,0
rv0860,957999,205.5
rv0860,958027,596.6
rv0860,958108,530.1
rv0860,958114,92.8
rv0860,958351,611.2
rv0860,958368,20.1
rv0860,958374,90.9
rv0860,958417,133.1
rv0860,958451,997.2
rv0861c,958527,956
rv0861c,958569,1335.7
rv0861c,958575,494.8
rv0861c,958589,87.5
rv0861c,958614,665.8
rv0861c,958650,234.1
rv0861c,958688,37.7
rv0861c,958745,29.4
rv0861c,958783,428.2
rv0861c,958807,679.4
rv0861c,958923,2047.8999999999999
rv0861c,959016,0
rv0861c,959043,4545.5
rv0861c,959142,301.59999999999997
rv0861c,959158,53.6
rv0861c,959286,1963.7
rv0861c,959334,150.29999999999998
rv0861c,959344,475.90000000000003
rv0861c,959367,969.2
rv0861c,959485,82.3
rv0861c,959622,718.8
rv0861c,959682,0
rv0861c,959898,10.1
rv0861c,959949,490
rv0861c,959958,1289.7
rv0861c,960039,1269.8
rv0861c,960142,410.6
rv0865,963450,3112.9
rv0865,963452,1576.6
rv0865,963473,18.1
rv0865,963556,1093.1
rv0865,963611,1178.1
rv0865,963626,560.8
rv0865,963660,8931.2
rv0865,963796,13753
rv0866,964025,3292.5
rv0866,964077,3037.1
rv0866,964270,40.3
rv0866,964295,2084.2
rv0867c,964328,11924.3
rv0867c,964404,4304.2
rv0867c,964406,2088.7
rv0867c,964759,342.9
rv0867c,964927,129.5
rv0867c,965046,36.1
rv0867c,965185,52.5
rv0867c,965348,2932.8
rv0867c,965467,3100.2000000000003
rv0867c,965478,1484.5
rv0867c,965520,7975
rv0867c,965538,33725.2
rv0868c,965987,44.4
rv0868c,966007,12853.1
rv0868c,966010,12815.800000000001
rv0868c,966034,124.8
rv0868c,966077,3993.3
rv0868c,966133,3378.3
rv0868c,966215,1813.5
rv0871,967925,3727.1
rv0871,967979,5859.1
rv0871,968227,632.3
rv0871,968237,0
rv0871,968306,691
rv0872c,968428,249.5
rv0872c,968669,2.8
rv0872c,968753,306.9
rv0872c,968828,1.3
rv0872c,968846,25
rv0872c,968996,26.8
rv0872c,969005,183.5
rv0872c,969098,0
rv0872c,969146,0
rv0872c,969257,734.3000000000001
rv0872c,969264,3544.6
rv0872c,969319,872.3
rv0872c,969449,82
rv0872c,969456,447.1
rv0872c,969491,836.1
rv0872c,969554,418.8
rv0872c,969592,2962.2
rv0872c,969626,227.2
rv0872c,969685,2625
rv0872c,969687,1572.6
rv0872c,969832,2523.4
rv0872c,969866,6.5
rv0872c,969983,481
rv0872c,969988,7187.3
rv0872c,970019,716.7
rv0872c,970063,2698.8
rv0872c,970236,10527.8
rv0872c,970240,27713.899999999998
rv0873,970582,708
rv0873,970626,92.5
rv0873,970635,10399.8
rv0873,970763,3106.8
rv0873,970817,272.3
rv0873,970847,5574.5999999999995
rv0873,970926,2390.2
rv0873,970977,495.3
rv0873,971001,0
rv0873,971013,4345.9000000000005
rv0873,971016,2829.9
rv0873,971090,5377.7
rv0873,971133,579.6
rv0873,971145,3852.2
rv0873,971152,1127.1
rv0873,971163,0
rv0873,971388,26.4
rv0873,971430,1113.7
rv0873,971493,101.1
rv0873,971528,13726.699999999999
rv0873,971611,713
rv0873,971658,7966.8
rv0873,971681,455.2
rv0873,971724,774.6
rv0873,971857,593.4
rv0873,971909,1151.6000000000001
rv0873,971952,3374.3
rv0873,971963,2480.2
rv0873,972041,4278.3
rv0873,972106,116.30000000000001
rv0873,972120,1770.5
rv0873,972194,6057.5
rv0873,972317,4239.6
rv0873,972339,2781.5
rv0873,972458,1363
rv0878c,976890,4198.7
rv0878c,976935,4801.7
rv0878c,976944,2041.3999999999999
rv0878c,977007,8885.2
rv0878c,977055,2153.2999999999997
rv0878c,977087,4382.4
rv0878c,977150,4618.2
rv0878c,977162,4785.0999999999995
rv0878c,977291,4026.5
rv0878c,977498,788.1
rv0878c,977518,3181.6
rv0878c,977737,1387.7
rv0878c,977779,4753.5
rv0878c,977908,9608.6
rv0878c,977910,6826.8
rv0878c,977983,4661.0999999999995
rv0878c,978051,532.3
rv0878c,978160,1921.8
rv0878c,978176,2185.7000000000003
rv0884c,981428,3394.8
rv0884c,981536,0
rv0884c,981561,0
rv0884c,981668,0
rv0884c,981692,0
rv0884c,981747,0
rv0884c,981809,0
rv0884c,981974,11
rv0884c,981977,0
rv0884c,982006,0
rv0884c,982244,0
rv0884c,982324,0
rv0884c,982334,0
rv0886,983816,3351.9
rv0886,983820,1754
rv0886,983923,5101.9
rv0886,983925,2312.7999999999997
rv0886,983963,158.8
rv0886,984046,1455.3
rv0886,984049,344.7
rv0886,984077,884
rv0886,984149,8.3
rv0886,984181,5264.7
rv0886,984250,346.2
rv0886,984311,1652.9
rv0886,984349,1045.6
rv0886,984377,3346.7000000000003
rv0886,984392,850.3
rv0886,984418,1147.2
rv0886,984483,5.7
rv0886,984671,1.3
rv0886,984806,468
rv0886,984928,14
rv0886,985048,0
rv0886,985159,1679.6
rv0886,985221,4639.6
rv0886,985284,1051
rv0886,985455,341.9
rv0886,985517,527.9
rv0889c,988758,919.6
rv0889c,988810,3113.6
rv0889c,988920,0
rv0889c,989041,897.9
rv0889c,989107,463.2
rv0889c,989359,2569.7999999999997
rv0889c,989473,1887.1
rv0889c,989500,2680.9
rv0889c,989575,524.7
rv0889c,989736,2262.3
rv0889c,989764,114.5
rv0889c,989810,1557.8
rv0889c,989864,2104.7
rv0902c,1004505,1700.7
rv0902c,1004867,0
rv0902c,1004883,0
rv0902c,1004929,0
rv0902c,1005254,0
rv0902c,1005326,0
rv0902c,1005382,0
rv0902c,1005425,0
rv0902c,1005438,2.6
rv0902c,1005501,0
rv0902c,1005519,0
rv0902c,1005531,0
rv0902c,1005755,0
rv0902c,1005814,677.3
rv0902c,1005838,2791.1
rv0903c,1005863,1555.5
rv0903c,1005893,0
rv0903c,1005905,2.6
rv0903c,1005940,0
rv0903c,1005985,0
rv0903c,1006243,11
rv0903c,1006302,0
rv0903c,1006338,0
rv0903c,1006455,0
rv0903c,1006476,0
rv0904c,1006697,677.8
rv0904c,1006724,224.3
rv0904c,1006762,1348.8
rv0904c,1006771,187.9
rv0904c,1006810,241.6
rv0904c,1006847,125.89999999999999
rv0904c,1006885,728.3
rv0904c,1007082,75.80000000000001
rv0904c,1007239,0
rv0904c,1007275,297.90000000000003
rv0904c,1007404,1222.4
rv0904c,1007473,3.9
rv0904c,1007554,38.1
rv0904c,1007599,662.7
rv0904c,1007642,778.8
rv0904c,1007654,557.6
rv0904c,1007762,397.5
rv0904c,1007771,386.2
rv0904c,1007884,577.5
rv0904c,1008007,1167.3
rv0904c,1008080,1531.3
rv0904c,1008091,0
rv0904c,1008114,65.3
rv0904c,1008142,1102
rv0904c,1008174,1284.2
rv0905,1008218,1148.7
rv0905,1008280,535.6
rv0905,1008305,4120.7
rv0905,1008420,265.6
rv0905,1008585,607.1
rv0905,1008602,174.6
rv0905,1008782,622.8000000000001
rv0905,1008821,54.3
rv0905,1008845,712.8
rv0905,1008939,848.3
rv0908,1011815,0
rv0908,1011865,1755.5
rv0908,1012229,0
rv0908,1012272,35.1
rv0908,1012302,2433.6
rv0908,1012395,532.9
rv0908,1012428,1186.7
rv0908,1012880,1516.7
rv0908,1013038,0
rv0908,1013094,47
rv0908,1013250,833.1
rv0908,1013321,666
rv0908,1013378,99.6
rv0908,1013501,833.3000000000001
rv0908,1013521,1105.7
rv0908,1013531,1191.9
rv0908,1013541,1699.7
rv0908,1013570,254.8
rv0908,1013581,5598.5
rv0908,1013590,107.2
rv0908,1013660,73.4
rv0908,1013712,383.8
rv0908,1013735,3185.8
rv0908,1013761,706.6999999999999
rv0908,1013790,4807.5999999999995
rv0908,1013802,3138.4
rv0908,1013814,198.3
rv0908,1013881,459.8
rv0908,1013910,4359
rv0908,1013955,6258.8
rv0908,1014126,73.7
rv0915c,1020063,1076.4
rv0915c,1020097,1171.1
rv0915c,1020107,5769.9
rv0915c,1020154,1364.2
rv0915c,1020239,524.2
rv0915c,1020353,2651.9
rv0915c,1020483,1399.4
rv0915c,1020485,817.2
rv0915c,1020558,3083.5
rv0915c,1020584,60
rv0915c,1020602,122.1
rv0915c,1020873,6278.7
rv0915c,1020879,17015.3
rv0915c,1020915,702.2
rv0915c,1020928,118.60000000000001
rv0915c,1021119,2964.6
rv0915c,1021200,1036.2
rv0915c,1021259,275.2
rv0915c,1021287,237
rv0915c,1021316,275.8
rv0916c,1021349,190.3
rv0916c,1021388,1680.7
rv0916c,1021449,1148.8
rv0916c,1021463,591.3000000000001
rv0916c,1021528,3566.4
rv0916c,1021581,9.2
rv0917,1022144,753.1
rv0917,1022211,2642.5
rv0917,1022280,5381.1
rv0917,1022308,977.6999999999999
rv0917,1022319,1624.8
rv0917,1022345,406.40000000000003
rv0917,1022411,3204.6
rv0917,1022420,2727.6
rv0917,1022426,0
rv0917,1022442,2121.4
rv0917,1022469,1101.3
rv0917,1022507,851.9
rv0917,1022522,0
rv0917,1022577,3191.3
rv0917,1022597,540.7
rv0917,1022604,6604.4
rv0917,1022613,1038
rv0917,1022677,2209.3
rv0917,1022759,1434.1000000000001
rv0917,1022787,1367.3
rv0917,1022912,4731.7
rv0917,1023003,7819.5
rv0917,1023077,6316.4
rv0917,1023084,2590.3
rv0917,1023208,670
rv0917,1023215,4170.9
rv0917,1023283,911.8
rv0917,1023326,140.3
rv0917,1023335,1916.5
rv0917,1023338,1784.8
rv0917,1023380,2745.4
rv0917,1023462,697.2
rv0917,1023484,121
rv0917,1023548,208.8
rv0917,1023594,3882.4
rv0917,1023638,1346.1
rv0917,1023698,1707.3999999999999
rv0917,1023743,0
rv0917,1023753,5609.5
rv0917,1023755,10192.8
rv0917,1023757,4071.4
rv0917,1023841,341.8
rv0924c,1030601,5068.5
rv0924c,1030626,3842.3
rv0924c,1030726,946.8
rv0924c,1030740,148.9
rv0924c,1030800,3228
rv0924c,1030804,1060.4
rv0924c,1030831,205.2
rv0924c,1030895,2509.4
rv0924c,1030991,843.1
rv0924c,1031065,204.29999999999998
rv0924c,1031077,388
rv0924c,1031186,1461
rv0924c,1031475,2004.8
rv0924c,1031537,510.7
rv0924c,1031624,4211.1
rv0924c,1031668,2314.8
rv0924c,1031678,808.4
rv0924c,1031732,2145.4
rv0924c,1031768,1493
rv0924c,1031848,109.7
rv0928,1034935,3846
rv0928,1034978,644.9
rv0928,1035147,1080.7
rv0928,1035185,127.8
rv0928,1035220,1820.4
rv0928,1035311,1337
rv0928,1035315,11575.1
rv0928,1035340,167.4
rv0928,1035386,3046.7999999999997
rv0928,1035504,3405.7
rv0928,1035536,2235.9
rv0928,1035587,94.60000000000001
rv0928,1035636,4117.9
rv0928,1035719,5618.6
rv0928,1035722,1558.7
rv0928,1035804,798.4
rv0928,1035828,299.59999999999997
rv0928,1035841,3364
rv0928,1035849,1099.5
rv0928,1035870,450.90000000000003
rv0928,1035920,275.5
rv0928,1035957,10289
rv0929,1036063,459.3
rv0929,1036168,418.7
rv0929,1036229,799.7
rv0929,1036309,48.4
rv0929,1036368,1522.6
rv0929,1036414,5615.3
rv0929,1036529,9878
rv0929,1036607,2900.7
rv0929,1036621,1430.7
rv0929,1036678,122.6
rv0929,1036699,3802.9
rv0929,1036722,941.6
rv0929,1036851,2293.1
rv0929,1036853,3044.1
rv0929,1036917,807
rv0929,1036919,2755.4
rv0929,1036939,188.1
rv0930,1037043,0
rv0930,1037068,1236.6000000000001
rv0930,1037139,1788.2
rv0930,1037258,8794.7
rv0930,1037270,5048.3
rv0930,1037339,2793.2
rv0930,1037343,2250.2
rv0930,1037351,2273.6
rv0930,1037380,4144.9
rv0930,1037416,2816.2
rv0930,1037430,672.3
rv0930,1037460,3856.6
rv0930,1037582,4601.2
rv0930,1037589,397
rv0930,1037720,254.2
rv0930,1037783,5860
rv0930,1037925,779.8
rv0931c,1037970,2203.2
rv0931c,1038029,2889
rv0931c,1038096,10850.2
rv0931c,1038142,1567.4
rv0931c,1038169,210.7
rv0931c,1038185,2487.9
rv0931c,1038222,8674.9
rv0931c,1038348,13499.1
rv0931c,1038350,3622.6
rv0931c,1038364,578.5
rv0931c,1038387,1892.6
rv0931c,1038407,3411
rv0931c,1038437,54.099999999999994
rv0931c,1038471,14283.5
rv0931c,1038473,8259.1
rv0931c,1038513,4037
rv0931c,1038530,2018.5
rv0931c,1038579,8409
rv0931c,1038600,13839.800000000001
rv0931c,1038713,4132.7
rv0931c,1038723,614.1
rv0931c,1038752,3686.2
rv0931c,1039012,32.3
rv0931c,1039132,3442.5
rv0931c,1039208,2553.9
rv0931c,1039238,9768.9
rv0931c,1039278,478.6
rv0931c,1039326,12931.6
rv0931c,1039330,16522
rv0931c,1039341,3088.2
rv0931c,1039380,23532.2
rv0931c,1039386,12789.7
rv0931c,1039444,160
rv0931c,1039461,1274.1
rv0931c,1039502,3313.2000000000003
rv0931c,1039517,401.40000000000003
rv0931c,1039599,7233
rv0931c,1039610,874.4
rv0931c,1039619,722.1
rv0931c,1039677,1003.6
rv0931c,1039770,2247.3
rv0931c,1039830,4517.3
rv0931c,1039868,3363.5
rv0931c,1039875,1591.3
rv0931c,1039895,1182.6
rv0932c,1039948,507.20000000000005
rv0932c,1040007,605.2
rv0932c,1040050,1737.2
rv0932c,1040060,549.3
rv0932c,1040068,1090.1
rv0932c,1040088,623.5
rv0932c,1040109,4367.4
rv0932c,1040130,4238.8
rv0932c,1040154,2990.7
rv0932c,1040174,1719.7
rv0932c,1040296,1551.5
rv0932c,1040322,3201.2
rv0932c,1040351,849.5
rv0932c,1040454,1614.5
rv0932c,1040476,969.9
rv0932c,1040500,2849.1
rv0932c,1040506,2001.2
rv0932c,1040599,364.59999999999997
rv0932c,1040638,15589.4
rv0932c,1040643,8913.8
rv0932c,1040817,2347.2
rv0932c,1040829,1313.7
rv0932c,1040850,5356.7
rv0932c,1040856,8621
rv0932c,1041023,2315.7
rv0933,1041390,1801.7
rv0933,1041444,2128.1
rv0933,1041467,1553
rv0933,1041496,45.3
rv0933,1041502,594
rv0933,1041544,1238.3999999999999
rv0933,1041699,229.79999999999998
rv0933,1041788,3063.4
rv0933,1041795,267.5
rv0933,1041858,1844.6
rv0933,1041927,998.2
rv0933,1042048,2376.5
rv0934,1042136,10698.6
rv0934,1042174,3025
rv0934,1042238,956.5
rv0934,1042250,4244.2
rv0934,1042289,1203.8
rv0934,1042302,989.6
rv0934,1042344,2224.9
rv0934,1042440,2940.6
rv0934,1042457,4421
rv0934,1042492,337.6
rv0934,1042518,2991.3
rv0934,1042578,3379.6
rv0934,1042657,275.7
rv0934,1042710,3920.5
rv0934,1042857,5346.6
rv0934,1042859,475.5
rv0934,1042915,1653.8
rv0934,1042922,4581.9
rv0934,1043043,0
rv0934,1043058,1905
rv0934,1043064,1864.3999999999999
rv0934,1043241,2138.5
rv0935,1043364,6789.3
rv0935,1043492,716
rv0935,1043540,1406.3
rv0935,1043543,4080.6000000000004
rv0935,1043619,6009
rv0935,1043679,4030.4
rv0935,1043813,5013.6
rv0935,1043890,533.5
rv0935,1044036,1420
rv0935,1044072,0
rv0935,1044119,3685.3
rv0935,1044250,2078.2000000000003
rv0936,1044355,283.40000000000003
rv0936,1044385,201.5
rv0936,1044390,691.5
rv0936,1044499,241.70000000000002
rv0936,1044575,44.1
rv0936,1044639,2793.9
rv0936,1044690,619
rv0936,1044707,769.7
rv0936,1044729,1330.8
rv0936,1044738,1294.8
rv0936,1044756,1977.1
rv0936,1044819,7237.7
rv0936,1044867,2.9
rv0936,1044895,192.7
rv0936,1045008,2692
rv0936,1045068,609.2
rv0936,1045077,629.3
rv0936,1045095,1919.5
rv0936,1045131,2176.7
rv0936,1045168,1155.9
rv0946c,1055029,134.1
rv0946c,1055056,0
rv0946c,1055121,50.2
rv0946c,1055186,0
rv0946c,1055224,24
rv0946c,1055309,274.6
rv0946c,1055316,125.6
rv0946c,1055518,114.4
rv0946c,1055641,37.3
rv0946c,1055671,26.7
rv0946c,1055713,138.79999999999998
rv0946c,1055872,65.1
rv0946c,1056093,87.5
rv0946c,1056169,42.9
rv0946c,1056187,625.3
rv0946c,1056324,701.2
rv0946c,1056422,568.8
rv0946c,1056526,145.9
rv0946c,1056535,313.5
rv0946c,1056656,65.39999999999999
rv0949,1058404,50.6
rv0949,1058435,280.2
rv0949,1058552,834.6
rv0949,1058590,219.79999999999998
rv0949,1058645,219.7
rv0949,1058700,349.7
rv0949,1058714,100.2
rv0949,1058734,0
rv0949,1058793,23
rv0949,1058814,735.1999999999999
rv0949,1058837,255.39999999999998
rv0949,1058846,452.3
rv0949,1058942,160.8
rv0949,1058945,183.8
rv0949,1058981,313.8
rv0949,1059005,1677.9
rv0949,1059009,849.4
rv0949,1059049,820.5999999999999
rv0949,1059098,392.6
rv0949,1059149,195.6
rv0949,1059185,2.8
rv0949,1059235,0
rv0949,1059299,373.8
rv0949,1059367,3.9
rv0949,1059380,398
rv0949,1059401,89.7
rv0949,1059454,2.8
rv0949,1059461,33.5
rv0949,1059488,40.1
rv0949,1059521,134.2
rv0949,1059561,12
rv0949,1059574,269.8
rv0949,1059592,0
rv0949,1059626,37.4
rv0949,1059687,265.9
rv0949,1059700,24.1
rv0949,1059812,2.9
rv0949,1059879,6.9
rv0949,1059904,0
rv0949,1060042,35.900000000000006
rv0949,1060178,543.9
rv0949,1060211,303.8
rv0949,1060369,233.1
rv0949,1060457,3131.2
rv0949,1060525,818.2
rv0951,1061983,0
rv0951,1061999,0
rv0951,1062066,0
rv0951,1062148,0
rv0951,1062172,0
rv0951,1062246,0
rv0951,1062252,0
rv0951,1062265,0
rv0951,1062268,0
rv0951,1062272,11
rv0951,1062304,0
rv0951,1062350,0
rv0951,1062413,0
rv0951,1062697,11
rv0951,1062775,0
rv0951,1062822,0
rv0952,1063160,0
rv0952,1063224,0
rv0952,1063308,0
rv0952,1063498,0
rv0952,1063510,0
rv0952,1063566,0
rv0952,1063593,0
rv0952,1063660,0
rv0952,1063737,4.3
rv0952,1063876,0
rv0952,1063890,0
rv0952,1064053,163.60000000000002
rv0956,1067584,0
rv0956,1067611,0
rv0956,1067614,0
rv0956,1067650,0
rv0956,1067673,0
rv0956,1067686,0
rv0956,1067858,0
rv0956,1067895,0
rv0956,1067973,0
rv0956,1067996,0
rv0956,1068010,1.3
rv0956,1068037,0
rv0956,1068127,0
rv0956,1068199,583.4
rv0956,1068205,679.5
rv0957,1068260,0
rv0957,1068279,0
rv0957,1068528,0
rv0957,1068539,0
rv0957,1068601,0
rv0957,1068677,0
rv0957,1068747,5.7
rv0957,1068760,0
rv0957,1068762,0
rv0957,1068770,0
rv0957,1068807,0
rv0957,1068881,0
rv0957,1068914,0
rv0957,1068980,0
rv0957,1069145,11
rv0957,1069168,0
rv0957,1069196,11
rv0957,1069238,0
rv0957,1069293,0
rv0957,1069353,21.1
rv0957,1069494,0
rv0957,1069500,10.1
rv0957,1069746,0
rv0957,1069748,0
rv0962c,1074448,2251.5
rv0962c,1074481,4547.7
rv0962c,1074487,2385.8
rv0962c,1074493,669.7
rv0962c,1074580,9564.5
rv0962c,1074586,16
rv0962c,1074624,2050.1
rv0962c,1074655,3092.5
rv0962c,1074693,114.3
rv0962c,1074738,1469.7
rv0962c,1074795,2864.3
rv0962c,1074901,628.1
rv0962c,1075027,2649.8
rv0962c,1075040,3839.9
rv0962c,1075052,8201.9
rv0969,1078846,229.2
rv0969,1078876,837.9
rv0969,1079033,4535
rv0969,1079192,488.70000000000005
rv0969,1079227,1374.4
rv0969,1079361,815.8000000000001
rv0969,1079380,1337
rv0969,1079389,6193.9000000000005
rv0969,1079958,2087.3
rv0969,1080015,97.4
rv0969,1080293,20.1
rv0969,1080506,0
rv0969,1080566,2068.5
rv0969,1080572,2968.3
rv0969,1080671,11079
rv0969,1080752,3602.9
rv0969,1080786,0
rv0969,1080821,2879.6
rv0969,1080889,4872.1
rv0969,1080916,726.1
rv0969,1081025,626.1
rv0971c,1081780,657.1
rv0971c,1082092,1771.3
rv0971c,1082095,1095.8
rv0971c,1082347,0
rv0971c,1082411,136.1
rv0971c,1082472,2354.8
rv0971c,1082569,289.8
rv0972c,1082592,473.3
rv0972c,1082703,1192.7
rv0972c,1082738,97.9
rv0972c,1082781,565.7
rv0972c,1082832,674.1
rv0972c,1082958,622
rv0972c,1083004,0
rv0972c,1083092,0
rv0972c,1083162,367.1
rv0972c,1083209,224.8
rv0972c,1083280,108.5
rv0972c,1083546,1373.7
rv0972c,1083570,63
rv0972c,1083623,0
rv0972c,1083663,539.8
rv0972c,1083666,249.7
rv0972c,1083678,205.3
rv0972c,1083736,108
rv0973c,1083793,1015.9
rv0973c,1083814,797
rv0973c,1084073,307.8
rv0973c,1084165,179
rv0973c,1084211,93.8
rv0973c,1084247,417.8
rv0973c,1084262,11.1
rv0973c,1084522,27.9
rv0973c,1084571,723.3
rv0973c,1084601,39
rv0973c,1084757,251
rv0973c,1084778,81.3
rv0973c,1084891,163.6
rv0973c,1084916,2644.6
rv0973c,1084979,275.1
rv0973c,1085038,0
rv0973c,1085183,173.4
rv0973c,1085197,0
rv0973c,1085266,17.5
rv0973c,1085461,0
rv0973c,1085516,0
rv0973c,1085582,406.59999999999997
rv0973c,1085657,622.3
rv0973c,1085727,191.20000000000002
rv0973c,1085737,348.5
rv0974c,1085875,2.2
rv0974c,1085901,0
rv0974c,1086069,84.8
rv0974c,1086085,141.5
rv0974c,1086106,77.2
rv0974c,1086121,357.7
rv0974c,1086217,112.5
rv0974c,1086235,258.90000000000003
rv0974c,1086252,693.7
rv0974c,1086364,0
rv0974c,1086406,221.29999999999998
rv0974c,1086507,265.3
rv0974c,1086631,58.4
rv0974c,1086648,0
rv0974c,1086717,11
rv0974c,1086790,710.3
rv0974c,1086987,76.4
rv0974c,1087120,91.8
rv0974c,1087225,1250.3
rv0974c,1087312,40.3
rv0975c,1087362,1341.3
rv0975c,1087394,1172.4
rv0975c,1087417,0
rv0975c,1087440,58.50000000000001
rv0975c,1087470,4364.4
rv0975c,1087493,1575
rv0975c,1087608,4298.6
rv0975c,1087749,61.7
rv0975c,1087834,362.8
rv0975c,1087860,1339
rv0975c,1087876,0
rv0975c,1088004,959
rv0975c,1088031,6450.8
rv0975c,1088055,624.6
rv0975c,1088072,17
rv0975c,1088087,3672.9
rv0975c,1088169,1197
rv0975c,1088213,143.3
rv0975c,1088221,18
rv0975c,1088244,9825.6
rv0977,1090436,399.7
rv0977,1090548,4948.8
rv0977,1090560,3803.8
rv0977,1090635,6604.0999999999995
rv0977,1090814,73.3
rv0977,1091017,354
rv0977,1091219,0
rv0977,1091426,35.7
rv0977,1091501,2.6
rv0977,1091537,2.9
rv0977,1091703,522.6999999999999
rv0977,1092063,317.2
rv0977,1092218,1217.9
rv0977,1092352,219
rv0977,1092371,5537.6
rv0977,1092388,10138.1
rv0977,1092400,2595.5
rv0977,1092516,405.09999999999997
rv0977,1092534,8941.2
rv0977,1092540,11044.5
rv0977,1092549,10244.9
rv0977,1092602,20.8
rv0977,1092719,162.9
rv0977,1092799,1631.9
rv0977,1092809,1014.1
rv0977,1092981,3253.3
rv0977,1093008,14022.8
rv0977,1093014,2948.5
rv0977,1093099,2982.3
rv0977,1093101,42414.799999999996
rv0977,1093110,9322.9
rv0977,1093142,5351.5
rv0978c,1093374,1192.1
rv0978c,1093408,13519
rv0978c,1093666,6952.6
rv0978c,1093784,696.6
rv0978c,1093964,0
rv0978c,1094104,2783.9
rv0978c,1094124,1688.4
rv0978c,1094149,1063.8
rv0978c,1094179,3838.4
rv0978c,1094331,14198.8
rv0979a,1094925,0
rv0979a,1095054,12
rv0980c,1095085,12325.9
rv0980c,1095153,1601.3999999999999
rv0980c,1095161,482.1
rv0980c,1095290,14181.7
rv0980c,1095323,2014.5
rv0980c,1095333,12.1
rv0980c,1095539,11552.1
rv0980c,1095657,530.5
rv0980c,1095769,173.9
rv0980c,1095931,778.6
rv0980c,1096059,0
rv0980c,1096199,1868.9
rv0980c,1096209,2903.1
rv0980c,1096219,2413.8
rv0980c,1096244,1520.8
rv0980c,1096274,3696.4
rv0980c,1096426,13553.3
rv0981,1096898,1927.1000000000001
rv0981,1097117,5917.2
rv0981,1097121,4306.2
rv0981,1097244,2.9
rv0981,1097353,1252.4
rv0981,1097367,4622.3
rv0981,1097411,2031.6
rv0981,1097420,1189.9
rv0981,1097424,2773.3
rv0981,1097486,3987.1
rv0981,1097493,3717.9
rv0982,1097564,2.9
rv0982,1097641,0
rv0982,1097665,0
rv0982,1097742,0
rv0982,1097757,0
rv0982,1097764,0
rv0982,1097809,0
rv0982,1097940,11
rv0982,1098008,0
rv0982,1098194,0
rv0982,1098243,0
rv0982,1098267,0
rv0982,1098275,0
rv0982,1098338,0
rv0982,1098407,0
rv0982,1098522,0
rv0982,1098559,10.1
rv0982,1098567,0
rv0982,1098594,0
rv0982,1098748,0
rv0982,1098886,0
rv0982,1098990,3743
rv0982,1099024,15452.6
rv0983,1099089,1408.1000000000001
rv0983,1099098,4560.5
rv0983,1099101,7259.3
rv0983,1099117,665.3
rv0983,1099142,419.2
rv0983,1099178,1822.5
rv0983,1099202,1044.4
rv0983,1099226,9.1
rv0983,1099259,257.9
rv0983,1099271,1252.8
rv0983,1099288,9.1
rv0983,1099305,1385.5
rv0983,1099395,648.8
rv0983,1099716,431.3
rv0983,1099777,944.4
rv0983,1100014,1032.1
rv0983,1100259,1835.4
rv0983,1100397,103.2
rv0983,1100422,17
rv0984,1100497,1791.6
rv0984,1100499,7373.9
rv0984,1100811,296.5
rv0984,1100929,680.9000000000001
rv0984,1100966,0
rv0985c,1101030,2129.1
rv0985c,1101194,5610.1
rv0985c,1101204,4136.3
rv0985c,1101218,2276.2999999999997
rv0985c,1101225,9040.800000000001
rv0985c,1101304,0
rv0985c,1101367,4488.9
rv0985c,1101419,2384.5
rv0985c,1101445,4251.4
rv0985c,1101448,1941.9
rv0989c,1106410,67.6
rv0989c,1106424,1227.2
rv0989c,1106479,3632
rv0989c,1106509,1963.7
rv0989c,1106517,509
rv0989c,1106538,3522.4
rv0989c,1106653,1257.1
rv0989c,1106700,54.2
rv0989c,1106705,1627.4
rv0989c,1106781,679.5
rv0989c,1106881,6869.5
rv0989c,1106900,1127.5
rv0989c,1107000,2911.3
rv0989c,1107025,185.4
rv0989c,1107074,5638.4
rv0989c,1107227,1315.7
rv0989c,1107275,3154.6
rv0989c,1107302,910.4
rv0989c,1107317,3621.2
rv0993,1109292,0
rv0993,1109295,0
rv0993,1109335,0
rv0993,1109401,0
rv0993,1109470,0
rv0993,1109770,0
rv0993,1109801,0
rv0993,1109840,0
rv0993,1109915,0
rv0993,1109933,0
rv0993,1109940,11
rv0993,1109964,0
rv0993,1110098,0
rv0993,1110140,0
rv0993,1110194,4557.1
rv0994,1110304,0
rv0994,1110319,345.2
rv0994,1110334,321.6
rv0994,1110432,961.1999999999999
rv0994,1110470,384.3
rv0994,1110532,147.9
rv0994,1110714,1562.9
rv0994,1110915,3965.1
rv0994,1110930,3599.6
rv0994,1111001,2050.3
rv0994,1111192,4445.1
rv0994,1111280,653.7
rv0994,1111356,988.3000000000001
rv0994,1111398,524.4
rv0995,1111841,1475.1
rv0995,1111928,110.3
rv0995,1111935,1280.2
rv0995,1112111,3670.5
rv0995,1112174,1413.3999999999999
rv0995,1112225,73.6
rv1001,1117229,771.1
rv1001,1117322,363.9
rv1001,1117418,3477.4
rv1001,1117510,80.60000000000001
rv1001,1117518,570.5
rv1001,1117617,5983
rv1001,1117685,72.6
rv1001,1117724,894.5
rv1001,1117765,8435.4
rv1001,1117804,2813.2000000000003
rv1001,1117890,270.7
rv1001,1117947,204.6
rv1001,1118025,522.6
rv1001,1118038,4449.9
rv1001,1118165,591.4
rv1001,1118172,256.8
rv1001,1118260,553.1
rv1001,1118273,4454.2
rv1001,1118316,8927.1
rv1001,1118340,152.8
rv1001,1118395,3996.3
rv1008,1127143,389.5
rv1008,1127264,9170.4
rv1008,1127387,9741.5
rv1008,1127452,3479.6
rv1008,1127476,697.4
rv1008,1127650,427
rv1008,1127664,879.4
rv1008,1127723,4671.5
rv1008,1127765,3038.6
rv1008,1127777,10008.4
rv1008,1127779,3894.2
rv1008,1127861,2869.2999999999997
rv1008,1127868,575.6
rv1009,1128108,2251.4
rv1009,1128149,1338.4
rv1009,1128281,959.4
rv1009,1128334,821.6
rv1009,1128373,3685.4
rv1009,1128492,221.1
rv1009,1128813,467.8
rv1009,1128913,0
rv1009,1129007,1704.9
rv1009,1129010,4453.9
rv1009,1129064,799.7
rv1009,1129155,2858.4
rv1010,1129421,434.7
rv1010,1129481,446.2
rv1010,1129526,691.6
rv1010,1129564,992.2
rv1010,1129571,842.6
rv1010,1129577,116.39999999999999
rv1010,1129687,306.5
rv1010,1129704,669.6999999999999
rv1010,1129780,531.1
rv1010,1129793,600.1
rv1010,1129807,440.9
rv1010,1129853,70.2
rv1011,1130243,0
rv1011,1130276,0
rv1011,1130295,0
rv1011,1130325,2.8
rv1011,1130335,0
rv1011,1130604,0
rv1011,1130638,0
rv1011,1130682,0
rv1011,1130747,11
rv1011,1130823,0
rv1011,1130863,0
rv1011,1130916,0
rv1011,1131075,0
rv1013,1132027,1806.7
rv1013,1132117,1928.2
rv1013,1132129,3152.8
rv1013,1132160,8404.5
rv1013,1132196,6012
rv1013,1132270,876.1
rv1013,1132361,7543.1
rv1013,1132397,1119.6
rv1013,1132461,3447.6
rv1013,1132568,2721
rv1013,1132693,112.9
rv1013,1132713,5266.8
rv1013,1132734,4127.2
rv1013,1132815,1462.5
rv1013,1132826,1623.8
rv1013,1132834,6807.2
rv1013,1132874,2335.5
rv1013,1132895,1172.5
rv1013,1132923,12665.9
rv1013,1132966,7142.3
rv1013,1132970,3009.5
rv1013,1133261,5478.7
rv1014c,1133338,498.4
rv1014c,1133384,0
rv1014c,1133450,0
rv1014c,1133510,0
rv1014c,1133534,0
rv1014c,1133665,0
rv1014c,1133685,11
rv1014c,1133710,0
rv1014c,1133753,0
rv1014c,1133805,0
rv1014c,1133855,1.3
rv1014c,1133863,0
rv1015c,1133926,0
rv1015c,1133964,0
rv1015c,1134288,24
rv1015c,1134326,351.2
rv1015c,1134359,9.1
rv1015c,1134408,11.3
rv1015c,1134418,18.2
rv1015c,1134466,6.7
rv1015c,1134480,0
rv1015c,1134530,26.5
rv1015c,1134572,902.6
rv1016c,1134790,3552
rv1016c,1134889,4205.3
rv1016c,1134967,6213.2
rv1016c,1135085,10.6
rv1016c,1135132,1240.8
rv1016c,1135282,3482.4
rv1016c,1135410,6456.7
rv1017c,1135506,2546.4
rv1017c,1135532,0
rv1017c,1135862,0
rv1017c,1135910,0
rv1017c,1135940,0
rv1017c,1135986,0
rv1017c,1136001,0
rv1017c,1136029,0
rv1017c,1136181,9.1
rv1017c,1136187,0
rv1017c,1136318,0
rv1017c,1136405,11
rv1017c,1136464,0
rv1018c,1136771,0
rv1018c,1136773,0
rv1018c,1136793,0
rv1018c,1136829,0
rv1018c,1136864,0
rv1018c,1136872,0
rv1018c,1136908,0
rv1018c,1136935,0
rv1018c,1137040,0
rv1018c,1137197,0
rv1018c,1137254,0
rv1018c,1137393,9.2
rv1018c,1137439,0
rv1018c,1137511,0
rv1018c,1137616,0
rv1018c,1137722,0
rv1018c,1137754,0
rv1018c,1137786,0
rv1018c,1137804,0
rv1018c,1137843,0
rv1018c,1137867,0
rv1018c,1137909,0
rv1018c,1137945,0
rv1018c,1138029,0
rv1020,1139000,705.3000000000001
rv1020,1139365,945.5
rv1020,1139496,8276.4
rv1020,1139498,5428.5
rv1020,1139510,3417.1
rv1020,1139638,0
rv1020,1140223,6672.9
rv1020,1140249,251.29999999999998
rv1020,1140615,3288.8
rv1020,1140630,5230.1
rv1020,1140665,680.7
rv1020,1140678,7010.2
rv1020,1140714,1650.9
rv1020,1140828,723.6
rv1020,1141008,301.6
rv1020,1141061,1002.1999999999999
rv1020,1141464,0
rv1020,1141479,2259
rv1020,1141554,2129.6
rv1020,1141781,1031
rv1020,1141845,976.3
rv1020,1141851,3882.2
rv1020,1141860,1594
rv1020,1141893,1714
rv1020,1141963,3240.4
rv1020,1142037,3174.4
rv1020,1142070,1076.9
rv1020,1142082,70.8
rv1020,1142178,3436.8
rv1020,1142211,0
rv1020,1142269,860
rv1020,1142280,360.4
rv1020,1142445,1053.9
rv1020,1142460,1439.3999999999999
rv1020,1142566,362.6
rv1020,1142597,8307.2
rv1020,1142603,8802.5
rv1020,1142605,2730.1
rv1020,1142615,1409.9
rv1020,1142657,2045.4
rv1022,1143777,305.2
rv1022,1143883,42.2
rv1022,1143977,362.9
rv1022,1143983,178.5
rv1022,1144079,478.4
rv1022,1144113,9648.1
rv1022,1144259,654.4
rv1022,1144334,245.6
rv1022,1144338,476.7
rv1022,1144380,1.3
rv1022,1144397,280.3
rv1022,1144411,402.1
rv1022,1144415,2274.1
rv1022,1144448,679.3
rv1022,1144469,734.3
rv1023,1144576,19.400000000000002
rv1023,1144588,0
rv1023,1144648,9.1
rv1023,1144739,0
rv1023,1144854,43.199999999999996
rv1023,1144961,47.8
rv1023,1144995,0
rv1023,1145035,10.1
rv1023,1145120,405.8
rv1023,1145327,22.700000000000003
rv1023,1145350,20.1
rv1023,1145375,15.1
rv1023,1145396,0
rv1023,1145636,0
rv1023,1145762,125.4
rv1023,1145810,0
rv1023,1145855,1227
rv1027c,1148432,7.9
rv1027c,1148447,0
rv1027c,1148525,80
rv1027c,1148537,13
rv1027c,1148555,685.5
rv1027c,1148757,602.2
rv1027c,1148764,2.9
rv1027c,1148819,2034.3
rv1027c,1148868,33.2
rv1027c,1148931,27.2
rv1027c,1149035,133.2
rv1027c,1149057,1426.2
rv1028a,1151929,718.3
rv1028a,1151970,140.2
rv1028a,1151982,474.8
rv1028c,1149167,88.1
rv1028c,1149173,0
rv1028c,1149194,252.89999999999998
rv1028c,1149332,2630
rv1028c,1149391,403.8
rv1028c,1149420,243.9
rv1028c,1149502,239.2
rv1028c,1149562,3622.9
rv1028c,1149683,0
rv1028c,1149809,183.8
rv1028c,1150078,1480.3
rv1028c,1150196,0
rv1028c,1150257,261.8
rv1028c,1150291,494.5
rv1028c,1150312,946.9
rv1028c,1150502,479.4
rv1028c,1150820,10.1
rv1028c,1150969,713
rv1028c,1151053,74.10000000000001
rv1028c,1151089,521.1
rv1028c,1151229,649.1
rv1028c,1151385,1895.2
rv1028c,1151425,72.30000000000001
rv1028c,1151434,1130.9
rv1028c,1151563,1735.6
rv1028c,1151596,1804.8999999999999
rv1028c,1151647,101.9
rv1028c,1151654,728.6
rv1029,1152091,203.3
rv1029,1152106,538.3000000000001
rv1029,1152166,1595.6000000000001
rv1029,1152173,3870.5
rv1029,1152214,5487.9
rv1029,1152243,6281.4
rv1029,1152262,1049.1
rv1029,1152366,969.1
rv1029,1152382,931.2
rv1029,1152533,650.3
rv1029,1152769,8.3
rv1029,1152779,9.1
rv1029,1153052,135.8
rv1029,1153111,5363.9
rv1029,1153199,1345.5
rv1029,1153244,4800.3
rv1029,1153261,1205.7
rv1029,1153309,4700.9
rv1029,1153421,894.5
rv1029,1153423,162.6
rv1029,1153429,1265.1
rv1029,1153482,415.5
rv1029,1153492,1694.5
rv1029,1153527,1144.5
rv1029,1153578,3360
rv1029,1153596,0
rv1029,1153655,2996.5
rv1029,1153718,512.9
rv1030,1153873,368.7
rv1030,1153883,438.3
rv1030,1154511,4688.4
rv1030,1154723,99.2
rv1030,1154954,14.6
rv1030,1155085,1019.9
rv1030,1155107,580.5
rv1030,1155166,4716
rv1030,1155416,1229.3
rv1030,1155567,1550.7
rv1030,1155603,47.5
rv1030,1155731,257.6
rv1030,1155777,4799.5
rv1030,1155806,1137
rv1030,1155815,5333.2
rv1031,1155870,3435.8
rv1031,1155923,291
rv1031,1156049,2920.7
rv1031,1156085,821.1
rv1031,1156169,9.1
rv1031,1156198,850.1
rv1031,1156222,0
rv1031,1156254,2626.8
rv1031,1156306,2573.2
rv1031,1156314,175.6
rv1032c,1156438,2249
rv1032c,1156741,1029.6
rv1032c,1156763,5068.1
rv1032c,1156919,4505
rv1032c,1157013,2541.5
rv1032c,1157030,1285.5
rv1032c,1157041,2579
rv1032c,1157064,1000.8000000000001
rv1032c,1157089,3889.4
rv1032c,1157218,85
rv1032c,1157230,0
rv1032c,1157275,2931.1
rv1032c,1157330,1580.7
rv1032c,1157337,1344.6
rv1032c,1157368,83.5
rv1032c,1157441,1353.7
rv1032c,1157447,2491.3
rv1032c,1157496,908
rv1032c,1157742,1002.8000000000001
rv1032c,1157751,9876.6
rv1032c,1157783,649.5
rv1032c,1157811,3240.4
rv1032c,1157819,2231.7
rv1032c,1157863,380.2
rv1032c,1157900,263.5
rv1033c,1157989,11933.4
rv1033c,1158008,2030.5
rv1033c,1158052,3975.7
rv1033c,1158059,17682.2
rv1033c,1158061,19441.7
rv1033c,1158097,1486.4
rv1033c,1158125,566.4
rv1033c,1158203,805.6
rv1033c,1158216,3452.8
rv1033c,1158242,7877.9
rv1033c,1158355,10485
rv1033c,1158433,17657.4
rv1033c,1158537,973.7
rv1033c,1158583,6809.8
rv1033c,1158721,819
rv1037c,1160549,2793.8
rv1037c,1160639,5355
rv1037c,1160655,1421.7
rv1037c,1160670,626.5
rv1037c,1160819,8620.3
rv1038c,1160902,8292.4
rv1038c,1160994,2133.4
rv1038c,1161140,1743.5
rv1039c,1161344,58.5
rv1039c,1161359,13755.4
rv1039c,1161408,356
rv1039c,1161492,2127.1
rv1039c,1161541,980.5
rv1039c,1161643,7.9
rv1039c,1161673,394.8
rv1039c,1161679,1057.6
rv1039c,1161707,4130.3
rv1039c,1161861,3399.8
rv1039c,1161877,2082
rv1039c,1161976,873.9
rv1039c,1162016,208.4
rv1039c,1162022,14398.8
rv1039c,1162026,5272.7
rv1039c,1162058,4126.8
rv1039c,1162175,3119.2
rv1039c,1162187,943
rv1039c,1162244,2669.6
rv1039c,1162262,7469.5
rv1039c,1162343,3522.1
rv1039c,1162359,1307.1
rv1039c,1162430,7900.6
rv1039c,1162459,3571
rv1040c,1162554,282.9
rv1040c,1162596,554
rv1040c,1162730,548.5
rv1040c,1162948,2659
rv1040c,1163121,5822.6
rv1040c,1163125,1012.8
rv1040c,1163167,1877.8
rv1040c,1163196,10140.6
rv1040c,1163208,2527.5
rv1058,1180692,1052.5
rv1058,1180794,239.8
rv1058,1180805,8401.3
rv1058,1180809,1271.5
rv1058,1180868,5.8
rv1058,1180926,2683.5
rv1058,1180961,2143.5
rv1058,1180998,4250
rv1058,1181093,2277.9
rv1058,1181107,426.4
rv1058,1181170,447.6
rv1058,1181238,491.40000000000003
rv1058,1181249,159.5
rv1058,1181252,40.3
rv1058,1181275,663.9
rv1058,1181277,1042.8999999999999
rv1058,1181330,0
rv1058,1181398,17.6
rv1058,1181403,1663.2
rv1058,1181437,1355.9
rv1058,1181541,11031.4
rv1058,1181545,2630.1
rv1058,1181877,891.4
rv1058,1181880,581.4
rv1058,1182041,360.2
rv1058,1182124,1033.9
rv1058,1182146,2.9
rv1058,1182252,2707.3
rv1058,1182279,26.4
rv1058,1182294,1633.3
rv1064c,1186910,89.5
rv1064c,1187042,2339
rv1064c,1187053,126.5
rv1064c,1187114,1680.8
rv1064c,1187117,5669.6
rv1064c,1187202,2750.4
rv1064c,1187312,691.9
rv1067c,1188427,518.8
rv1067c,1188743,0
rv1067c,1188917,0
rv1067c,1188995,39.1
rv1067c,1189088,88.6
rv1067c,1189095,2028.2
rv1067c,1189165,1496.6
rv1067c,1189226,335.9
rv1067c,1189235,146.8
rv1067c,1189313,713.8
rv1067c,1189873,679.6
rv1067c,1189970,64.2
rv1067c,1190023,3814
rv1067c,1190170,3661.1
rv1067c,1190245,3651.9
rv1067c,1190369,0
rv1068c,1190763,5799.7
rv1068c,1190806,927.4
rv1068c,1190878,0
rv1068c,1190887,5.2
rv1068c,1191040,25
rv1068c,1191235,70.3
rv1068c,1191247,466.5
rv1068c,1191597,671.4
rv1068c,1191694,147.1
rv1068c,1191747,3571.7
rv1068c,1191894,5449
rv1068c,1191969,8063.4000000000005
rv1068c,1191988,1894
rv1068c,1192146,5035.1
rv1070c,1194322,2996.9
rv1070c,1194375,5300.1
rv1070c,1194589,2462.8
rv1070c,1194601,125.5
rv1070c,1194653,1764.3
rv1070c,1194738,1226.4
rv1070c,1195000,3784.5
rv1070c,1195041,2358.7
rv1071c,1195061,2861.4
rv1071c,1195094,1955.3
rv1071c,1195229,1648.5
rv1071c,1195252,9264.3
rv1071c,1195342,4716
rv1071c,1195406,1161.9
rv1071c,1195643,3729.3
rv1071c,1195704,3900.1
rv1071c,1195710,65.4
rv1071c,1195759,4920.4
rv1071c,1195784,2981.1
rv1071c,1195823,2368.6
rv1071c,1195877,499.5
rv1074c,1198240,5908
rv1074c,1198289,725.8
rv1074c,1198305,5247.1
rv1074c,1198473,2660.2
rv1074c,1198542,2276.2
rv1074c,1198669,2955.4
rv1074c,1198676,98.5
rv1074c,1198871,11263.3
rv1074c,1198873,28506.6
rv1074c,1199113,982.8
rv1074c,1199146,3318.8
rv1076,1200791,6.7
rv1076,1200801,118.5
rv1076,1200805,116.9
rv1076,1200881,2992.4
rv1076,1200903,9245.6
rv1076,1200973,1704.3
rv1076,1201041,0
rv1076,1201075,2.9
rv1076,1201132,0
rv1076,1201156,131.3
rv1076,1201178,228.9
rv1076,1201201,52.4
rv1076,1201229,8.8
rv1076,1201259,0
rv1076,1201286,12.7
rv1076,1201377,514.5
rv1076,1201400,877.7
rv1076,1201423,4274
rv1076,1201490,11486.7
rv1076,1201559,271.8
rv1076,1201642,8314.5
rv1076,1201663,48.199999999999996
rv1077,1201739,11482.6
rv1077,1201760,1443.6
rv1077,1201789,220.9
rv1077,1201827,3115.7
rv1077,1201943,2154.7
rv1077,1201983,1376.9
rv1077,1202024,1868.2
rv1077,1202046,136.4
rv1077,1202103,5517.9
rv1077,1202106,7765.8
rv1077,1202135,507.5
rv1077,1202163,3707.1
rv1077,1202193,11179.1
rv1077,1202225,98.80000000000001
rv1077,1202273,394.7
rv1077,1202295,85.5
rv1077,1202323,2474
rv1077,1202358,1086.3
rv1077,1202382,3330.4
rv1077,1202424,2874.4
rv1077,1202622,7474.1
rv1077,1202661,1844.7
rv1077,1202808,980.9
rv1077,1202873,0
rv1077,1202971,2002.6
rv1077,1203065,524.4
rv1077,1203072,655.1
rv1077,1203114,177.1
rv1079,1204138,0
rv1079,1204180,2210.8
rv1079,1204237,1794.5
rv1079,1204364,647.2
rv1079,1204402,153.9
rv1079,1204424,3176.3
rv1079,1204456,1786.3999999999999
rv1079,1204503,595.9
rv1079,1204550,901.9
rv1079,1204566,168.9
rv1079,1204610,203.1
rv1079,1204623,866.6
rv1079,1204689,1507.2
rv1079,1204696,7780.7
rv1079,1204816,1795.8999999999999
rv1079,1204886,0
rv1079,1204930,91.6
rv1079,1205187,0
rv1079,1205236,2494.6
rv1080c,1205310,9303.3
rv1080c,1205319,1181.8999999999999
rv1080c,1205336,113.19999999999999
rv1080c,1205373,71.1
rv1080c,1205436,545.9
rv1080c,1205517,224.6
rv1080c,1205520,325.59999999999997
rv1080c,1205543,36.4
rv1080c,1205655,203.5
rv1080c,1205794,428.3
rv1082,1206603,1208.3
rv1082,1206793,1543.9
rv1082,1206797,5853.7
rv1082,1206808,2551.3
rv1082,1206844,30.2
rv1082,1206915,3560.8
rv1082,1206933,14.4
rv1082,1206981,1612.6
rv1082,1207047,2811.6
rv1082,1207050,5552
rv1082,1207143,946.4
rv1082,1207206,1865.6
rv1082,1207340,439
rv1087,1211575,2217.5
rv1087,1211617,1840.7
rv1087,1211748,5870.7
rv1087,1211823,5227.2
rv1087,1211985,1082.2
rv1087,1212133,59.8
rv1087,1212175,47.3
rv1087,1212390,337.5
rv1087,1212451,89.7
rv1087,1212602,2059.4
rv1087,1212605,1484.5
rv1087,1212610,4709.7
rv1087,1212690,1279.6
rv1087,1212731,27.2
rv1087,1212766,1470.3
rv1087,1212770,1426.8
rv1087,1212775,282.8
rv1087,1213148,579.7
rv1087,1213166,10.1
rv1087,1213568,246.8
rv1087,1213598,1158.2
rv1087,1213866,2407.5
rv1088,1214524,3343.5
rv1088,1214568,105.7
rv1088,1214592,416.5
rv1088,1214673,2579.6
rv1088,1214701,4476.3
rv1088,1214950,164.8
rv1091,1216657,6007.7
rv1091,1216668,109.8
rv1091,1216732,4888.5
rv1091,1216894,1170.9
rv1091,1216920,3358.2999999999997
rv1091,1216923,1595.9
rv1091,1217044,617
rv1091,1217087,66.39999999999999
rv1091,1217142,0
rv1091,1217243,161.7
rv1091,1217304,1347.2
rv1091,1217310,3215.6
rv1091,1217397,30.2
rv1091,1217546,87.9
rv1091,1217556,75.80000000000001
rv1091,1217736,2.9
rv1091,1218151,401.1
rv1091,1218210,9.1
rv1091,1218357,44.9
rv1091,1218375,0
rv1091,1218386,3465.1
rv1091,1218513,315.5
rv1091,1218537,0
rv1091,1218567,568.9
rv1091,1218765,30.2
rv1091,1218790,1844.1
rv1091,1219033,5.5
rv1092c,1219254,6822.8
rv1092c,1219279,0
rv1092c,1219422,0
rv1092c,1219484,0
rv1092c,1219488,0
rv1092c,1219520,0
rv1092c,1219524,0
rv1092c,1219647,0
rv1092c,1219662,0
rv1092c,1219680,0
rv1092c,1219732,0
rv1092c,1219734,0
rv1092c,1219794,0
rv1092c,1219823,0
rv1092c,1220030,0
rv1092c,1220034,0
rv1092c,1220111,0
rv1092c,1220125,0
rv1092c,1220163,0
rv1092c,1220179,126.5
rv1094,1222072,0
rv1094,1222235,0
rv1094,1222312,0
rv1094,1222384,0
rv1094,1222399,0
rv1094,1222423,0
rv1094,1222435,0
rv1094,1222464,0
rv1094,1222563,0
rv1094,1222579,0
rv1094,1222657,0
rv1094,1222712,0
rv1094,1222789,386.5
rv1095,1223010,27.3
rv1095,1223020,3819.6
rv1095,1223117,2847.9
rv1095,1223192,471
rv1095,1223241,935
rv1095,1223397,1152.5
rv1095,1223431,989.8000000000001
rv1095,1223499,9.1
rv1095,1223552,1202.9
rv1095,1223619,1001.5
rv1095,1223842,870
rv1095,1223869,219.9
rv1095,1223880,8.6
rv1099c,1227602,159.4
rv1099c,1227614,862.1
rv1099c,1227653,567.1
rv1099c,1227680,468.2
rv1099c,1227752,96
rv1099c,1227755,908.8
rv1099c,1227860,111.80000000000001
rv1099c,1227871,668
rv1099c,1227988,468.9
rv1099c,1228200,223.7
rv1099c,1228247,2170.2
rv1099c,1228288,0
rv1099c,1228406,543.8
rv1099c,1228534,1.3
rv1107c,1233972,2836.2999999999997
rv1107c,1234031,2837.4
rv1107c,1234158,6286.6
rv1108c,1234254,259.5
rv1108c,1234371,2765
rv1108c,1234378,1827.8
rv1108c,1234559,542.1
rv1108c,1234772,855.1
rv1108c,1234991,1498.2
rv1108c,1235050,349.7
rv1108c,1235194,286.5
rv1108c,1235220,2243.3
rv1108c,1235316,2604.8
rv1121,1243762,429
rv1121,1243802,810.7
rv1121,1243909,1268.3
rv1121,1243961,1686.4
rv1121,1243994,863.3
rv1121,1244039,2670.5
rv1121,1244042,1572.6
rv1121,1244258,1071.3
rv1121,1244283,0
rv1121,1244369,650.3000000000001
rv1121,1244543,474.20000000000005
rv1121,1244552,35.1
rv1121,1244571,142.8
rv1121,1244597,242.4
rv1121,1244694,549.3
rv1121,1244700,586.7
rv1121,1244706,24.099999999999998
rv1121,1244776,41.6
rv1121,1244794,225.5
rv1121,1244839,405.5
rv1121,1244883,293
rv1121,1244891,782.6
rv1121,1244906,434.5
rv1121,1245014,313.09999999999997
rv1122,1245141,10.1
rv1122,1245175,0
rv1122,1245218,0
rv1122,1245425,11
rv1122,1245428,0
rv1122,1245480,0
rv1122,1245527,0
rv1122,1245662,0
rv1122,1245725,0
rv1122,1245839,0
rv1122,1245845,0
rv1122,1245876,0
rv1122,1245951,0
rv1122,1246150,28.200000000000003
rv1122,1246154,3223.7999999999997
rv1123c,1246501,101.1
rv1123c,1246574,162.9
rv1123c,1246597,871.6
rv1123c,1246620,1760.2
rv1123c,1246734,5854.1
rv1123c,1246765,1304.3999999999999
rv1123c,1246958,919.6
rv1123c,1247028,1646.7
rv1124,1247287,2.9
rv1124,1247294,19.2
rv1124,1247366,46.300000000000004
rv1124,1247399,1581.3
rv1124,1247503,0
rv1124,1247651,3024.5
rv1124,1247660,938.5
rv1124,1247738,94.2
rv1124,1247816,0
rv1124,1247855,2354.2
rv1124,1247906,296.5
rv1124,1247994,7.9
rv1127c,1250043,34.6
rv1127c,1250131,0
rv1127c,1250286,40.5
rv1127c,1250300,0
rv1127c,1250378,354.7
rv1127c,1250604,321.8
rv1127c,1250690,17.9
rv1127c,1250780,383.4
rv1127c,1250806,0
rv1127c,1250841,101.9
rv1127c,1250876,328.20000000000005
rv1127c,1250907,674.9
rv1127c,1250920,61.7
rv1127c,1250952,958.8
rv1127c,1251014,774.2
rv1127c,1251219,648.5
rv1127c,1251241,1345.3
rv1127c,1251327,951
rv1127c,1251400,644.5
rv1133c,1259073,315.5
rv1133c,1259262,0
rv1133c,1259403,0
rv1133c,1259468,0
rv1133c,1259484,0
rv1133c,1259617,0
rv1133c,1259718,0
rv1133c,1259766,0
rv1133c,1259799,0
rv1133c,1259824,0
rv1133c,1259856,0
rv1133c,1259921,0
rv1133c,1259964,0
rv1133c,1260033,0
rv1133c,1260170,0
rv1133c,1260351,0
rv1133c,1260394,0
rv1133c,1260509,0
rv1133c,1260587,0
rv1133c,1260612,0
rv1133c,1260624,0
rv1133c,1260663,0
rv1133c,1260777,0
rv1133c,1260896,0
rv1133c,1260968,0
rv1133c,1260975,0
rv1133c,1260981,0
rv1133c,1261050,0
rv1133c,1261114,0
rv1133c,1261131,0
rv1133c,1261134,0
rv1133c,1261202,0
rv1133c,1261240,0
rv1133c,1261254,0
rv1133c,1261321,0
rv1133c,1261337,0
rv1135c,1262278,139.89999999999998
rv1135c,1262306,4523.9000000000005
rv1135c,1262435,1708.2
rv1135c,1262561,3644.7
rv1135c,1262678,1318.8999999999999
rv1135c,1262702,592.6999999999999
rv1135c,1262732,1969.6
rv1135c,1262767,8412
rv1135c,1263092,0
rv1135c,1263293,662.6
rv1135c,1263311,1182
rv1135c,1263362,8.8
rv1135c,1263413,797.8
rv1135c,1263456,2050.9
rv1135c,1263473,147.8
rv1135c,1263486,4034.4
rv1135c,1263493,6147.1
rv1135c,1263545,120.4
rv1135c,1263673,1726.4
rv1135c,1263715,3704.7
rv1135c,1263768,1145.7
rv1135c,1263844,4138.7
rv1135c,1263882,47.2
rv1135c,1263906,713.1
rv1135c,1263919,1600.8
rv1135c,1264020,802.7
rv1141c,1268443,1034.5
rv1141c,1268445,3607.9
rv1141c,1268547,831.4
rv1141c,1268580,2076.8
rv1141c,1268612,1088.3
rv1141c,1268625,3300.4
rv1141c,1268646,383.5
rv1141c,1268688,4113.4
rv1141c,1268703,30.2
rv1141c,1268721,779.7
rv1141c,1268789,9125.7
rv1141c,1268826,433.5
rv1141c,1268921,2366.2
rv1141c,1268988,418.2
rv1142c,1269225,1314.7
rv1142c,1269321,99.2
rv1142c,1269392,1279.8
rv1142c,1269459,9554.7
rv1142c,1269574,2987.1
rv1142c,1269652,1936.9
rv1142c,1269702,110.9
rv1142c,1269953,444
rv1143,1270198,993.5
rv1143,1270222,460.1
rv1143,1270231,1136.2
rv1143,1270316,827.8
rv1143,1270388,2659.6
rv1143,1270426,1225.6
rv1143,1270454,21057.2
rv1143,1270581,347.8
rv1143,1270733,4515.8
rv1143,1270736,5241.9
rv1143,1270745,11581.9
rv1143,1270766,1933.9
rv1143,1270799,6775.1
rv1143,1270827,2491.4
rv1143,1271024,4890.2
rv1143,1271147,1217.6
rv1153c,1280063,577.4
rv1153c,1280076,51.7
rv1153c,1280095,2430.3
rv1153c,1280161,1436.3
rv1153c,1280165,4207.8
rv1153c,1280220,3621
rv1153c,1280237,276.4
rv1153c,1280327,131.5
rv1153c,1280351,11386.1
rv1153c,1280355,19948.9
rv1153c,1280363,2028
rv1153c,1280421,2193.2000000000003
rv1153c,1280483,1503.8
rv1153c,1280619,6561.4
rv1153c,1280654,761.5
rv1153c,1280674,454.3
rv1153c,1280720,339
rv1153c,1280740,116.8
rv1153c,1280839,1964.7
rv1159,1285041,329.6
rv1159,1285055,6917.5
rv1159,1285136,3266.1
rv1159,1285174,2516.8
rv1159,1285216,1376.9
rv1159,1285258,4270
rv1159,1285264,822.3
rv1159,1285270,1410.7
rv1159,1285309,1489
rv1159,1285336,1392.1
rv1159,1285385,3476.4
rv1159,1285405,923.6
rv1159,1285475,1732.4
rv1159,1285525,810.9
rv1159,1285573,3244.5
rv1159,1285592,0
rv1159,1285644,272.1
rv1159,1285654,2242.7
rv1159,1285730,772.9
rv1159,1285756,2047.1
rv1159,1285759,4619.4000000000005
rv1159,1285899,673.4
rv1159,1285907,345.9
rv1159,1285961,2412.5
rv1159,1286027,736.9
rv1159,1286182,765.1
rv1159,1286206,2585.2
rv1159,1286257,1816
rv1159,1286290,1677.8
rv1160,1286710,251.70000000000002
rv1160,1286818,2410.1
rv1160,1286852,422.09999999999997
rv1160,1286946,1368.2
rv1160,1287023,2213.9
rv1161,1287341,4324.2
rv1161,1287433,500.5
rv1161,1287468,683.7
rv1161,1287549,2676.8
rv1161,1287594,231.20000000000002
rv1161,1287624,2372.5
rv1161,1287666,4862.9000000000005
rv1161,1287672,4572
rv1161,1287693,472.7
rv1161,1287699,2638.8
rv1161,1287726,2478.7
rv1161,1287807,241
rv1161,1287903,4573.1
rv1161,1288014,2317.4
rv1161,1288023,2068.5
rv1161,1288107,2425.8
rv1161,1288179,0
rv1161,1288190,988.4
rv1161,1288215,1142.5
rv1161,1288265,0
rv1161,1288271,0
rv1161,1288317,1265.6
rv1161,1288325,2.9
rv1161,1288350,3483.6
rv1161,1288362,133.5
rv1161,1288496,1541.8
rv1161,1288502,706.9
rv1161,1288597,2243.8
rv1161,1288649,1437.1000000000001
rv1161,1288767,863.3
rv1161,1288812,337.5
rv1161,1288989,2716.9
rv1161,1289058,1125.9
rv1161,1289157,1915.2
rv1161,1289163,3066.4
rv1161,1289187,505.4
rv1161,1289196,9.2
rv1161,1289301,699.3
rv1161,1289373,11552.6
rv1161,1289417,269.5
rv1161,1289429,24.8
rv1161,1289505,832.9
rv1161,1289542,236.9
rv1161,1289626,315
rv1161,1289697,197.2
rv1161,1289720,108.6
rv1161,1289726,2176.1
rv1161,1289736,1267.5
rv1161,1289907,895.3
rv1161,1290000,1133.7
rv1161,1290012,616
rv1161,1290072,609.7
rv1161,1290074,6868.1
rv1161,1290170,154.4
rv1161,1290257,665.7
rv1161,1290312,1070.2
rv1161,1290320,0
rv1161,1290390,386
rv1161,1290422,4869.8
rv1161,1290449,4399
rv1161,1290459,1807.3
rv1161,1290507,297.5
rv1161,1290591,470.9
rv1161,1290630,650.9
rv1161,1290643,4483.4
rv1161,1290645,5036
rv1161,1290733,61.699999999999996
rv1161,1290759,4395.7
rv1161,1290813,2811
rv1161,1290881,531.7
rv1161,1290898,410
rv1161,1290930,307.3
rv1161,1290957,4220.5
rv1161,1290974,110
rv1161,1291026,440.5
rv1162,1291129,11713.1
rv1162,1291181,2401.2
rv1162,1291223,9.8
rv1162,1291235,4047.7000000000003
rv1162,1291318,1057.6000000000001
rv1162,1291357,394.59999999999997
rv1162,1291367,1816.4
rv1162,1291370,3403
rv1162,1291385,11486.8
rv1162,1291391,2785.3
rv1162,1291545,3213.8
rv1162,1291607,236.7
rv1162,1291676,4936
rv1162,1291757,5928.3
rv1162,1291769,6741.3
rv1162,1291814,592
rv1162,1291877,1338.3
rv1162,1291895,7651
rv1162,1291949,4752.2
rv1162,1292063,4435.6
rv1162,1292081,5278.2
rv1162,1292100,1513.4
rv1162,1292111,1148.4
rv1162,1292135,5191.6
rv1162,1292246,1210.6
rv1162,1292324,5395.5999999999995
rv1162,1292402,2792.9
rv1162,1292411,2025.8
rv1162,1292435,655.8
rv1162,1292447,1873.6
rv1162,1292465,78.7
rv1162,1292503,537.6
rv1162,1292543,2833.7
rv1162,1292575,2759.8
rv1162,1292626,0
rv1163,1292822,614.6999999999999
rv1163,1292833,107.2
rv1163,1292915,212.6
rv1163,1292927,181.6
rv1163,1292971,1423.4
rv1163,1292988,1459.9
rv1163,1293010,10001.4
rv1163,1293019,2984
rv1163,1293079,237.6
rv1163,1293108,1.3
rv1163,1293124,1035.9
rv1163,1293247,4800.5
rv1163,1293253,5177.4
rv1163,1293323,853.0999999999999
rv1163,1293369,1097.3
rv1164,1293456,2754.9
rv1164,1293498,0
rv1164,1293504,448.7
rv1164,1293543,1147.4
rv1164,1293675,4767.3
rv1164,1293731,0
rv1164,1293747,738.2
rv1164,1293782,1450.1000000000001
rv1164,1293807,5684.6
rv1164,1293878,3743.3
rv1164,1293888,410.9
rv1164,1293931,4058.7000000000003
rv1164,1293969,4289.2
rv1164,1293972,5105.6
rv1164,1294022,541.9
rv1164,1294059,1999.8
rv1164,1294074,9748.300000000001
rv1164,1294083,2047.5
rv1164,1294149,9236
rv1165,1294387,4126.9000000000005
rv1165,1294399,6095.1
rv1165,1294523,650.9
rv1165,1294627,5222.4
rv1165,1294698,2349.4
rv1165,1294902,1013.3000000000001
rv1165,1295048,68.39999999999999
rv1165,1295132,353.9
rv1165,1295308,1767.8
rv1165,1295384,621.6
rv1165,1295466,5741.3
rv1165,1295649,156.9
rv1165,1295698,219.8
rv1165,1295787,5762.2
rv1165,1295944,6154.5
rv1165,1296057,1314.2
rv1166,1296222,0
rv1166,1296276,0
rv1166,1296312,0
rv1166,1296532,0
rv1166,1296595,0
rv1166,1296646,0
rv1166,1296684,0
rv1166,1296699,0
rv1166,1296715,0
rv1166,1296773,1.3
rv1166,1296889,0
rv1166,1296965,0
rv1166,1296969,0
rv1166,1297160,0
rv1166,1297240,0
rv1166,1297430,0
rv1166,1297538,0
rv1166,1297555,0
rv1166,1297583,0
rv1166,1297645,0
rv1166,1297725,0
rv1166,1297802,0
rv1166,1297926,0
rv1166,1298062,1099.9
rv1168c,1298770,0
rv1168c,1298793,3933.8
rv1168c,1298927,1792
rv1168c,1298978,767.5
rv1168c,1299027,1225
rv1168c,1299127,7225.9
rv1168c,1299138,69.6
rv1168c,1299169,5825.5
rv1168c,1299271,3712
rv1168c,1299358,2022.6
rv1168c,1299391,1184.9
rv1168c,1299400,20255.1
rv1168c,1299529,2396.3
rv1168c,1299697,1861.1000000000001
rv1168c,1299738,1895.8
rv1168c,1299741,1877
rv1168c,1299758,1402.3
rv1170,1300390,10157.4
rv1170,1300507,8.8
rv1170,1300564,3839.3
rv1170,1300714,3497.7
rv1170,1300732,567.2
rv1170,1300770,143.8
rv1170,1300806,339
rv1170,1300849,2183.8
rv1170,1300960,48.4
rv1170,1300974,78.9
rv1170,1301125,6976.5
rv1170,1301218,5872.6
rv1172c,1301761,867.2
rv1172c,1301820,106.7
rv1172c,1301879,46.3
rv1172c,1301886,757.5
rv1172c,1301968,1001.2
rv1172c,1301971,6741.3
rv1172c,1301997,2258.4
rv1172c,1302007,2130.1
rv1172c,1302049,846.7
rv1172c,1302076,4816
rv1172c,1302245,431.3
rv1172c,1302338,184.5
rv1172c,1302424,5750.4
rv1172c,1302502,1376.3
rv1172c,1302611,441.3
rv1172c,1302626,21
rv1173,1302949,535.1
rv1173,1302985,1113.3
rv1173,1303021,506.3
rv1173,1303072,381.5
rv1173,1303191,391.4
rv1173,1303208,109.2
rv1173,1303225,8.5
rv1173,1303245,1256.3
rv1173,1303276,89.8
rv1173,1303299,3347.5
rv1173,1303301,729.1
rv1173,1303366,0
rv1173,1303434,420.3
rv1173,1303452,129
rv1173,1303626,204.29999999999998
rv1173,1303700,49.3
rv1173,1303735,0
rv1173,1303751,95.10000000000001
rv1173,1303756,202.7
rv1173,1303793,11.200000000000001
rv1173,1303875,844.3000000000001
rv1173,1304091,161
rv1173,1304127,1444.5
rv1173,1304131,452.6
rv1173,1304312,238.4
rv1173,1304475,64.60000000000001
rv1173,1304585,245.9
rv1173,1304610,989.7
rv1173,1304664,1025.1
rv1173,1304731,1917.2
rv1173,1304747,0
rv1173,1304761,579.1999999999999
rv1173,1304775,10.1
rv1173,1304921,552.1
rv1173,1304933,0
rv1173,1305063,4109.9
rv1173,1305104,1810.4
rv1173,1305119,74.4
rv1173,1305131,49
rv1173,1305189,998.2
rv1173,1305241,3615.8
rv1173,1305479,307.8
rv1173,1305486,6560.3
rv1173,1305504,662.4
rv1174c,1305675,5729.9
rv1174c,1305678,16890.1
rv1174c,1305720,5442.8
rv1174c,1305804,2594.6
rv1174c,1305872,4722.7
rv1174c,1305875,8678.1
rv1174c,1305885,997.2
rv1174c,1305901,2190
rv1174c,1305971,1751.3
rv1175c,1306208,6899.6
rv1175c,1306210,2963.3
rv1175c,1306299,1920.7
rv1175c,1306363,7722.1
rv1175c,1306420,3452.4
rv1175c,1306445,2057.2
rv1175c,1306555,6638.8
rv1175c,1306559,5818.8
rv1175c,1306775,1195.8
rv1175c,1306780,2827.6
rv1175c,1306856,15.8
rv1175c,1306934,401.9
rv1175c,1307001,1164
rv1175c,1307302,2861.2
rv1175c,1307382,2517.5
rv1175c,1307448,497.7
rv1175c,1307564,327.3
rv1175c,1307585,0
rv1175c,1307726,3386.8
rv1175c,1307759,18.1
rv1175c,1307830,2.2
rv1175c,1307897,1091.3
rv1175c,1307903,3433.2000000000003
rv1175c,1308047,134.1
rv1175c,1308098,542.1
rv1175c,1308117,156.6
rv1175c,1308159,111.2
rv1175c,1308183,48.9
rv1175c,1308218,1590.2
rv1177,1309016,0
rv1177,1309088,11
rv1177,1309109,0
rv1177,1309111,0
rv1177,1309171,0
rv1177,1309178,0
rv1177,1309211,0
rv1180,1313763,16.7
rv1180,1313828,68.10000000000001
rv1180,1313884,835.1
rv1180,1313887,1065.8
rv1180,1313921,90.19999999999999
rv1180,1314048,0
rv1180,1314107,2183.2
rv1180,1314127,82.89999999999999
rv1180,1314169,1463.4
rv1180,1314189,1225.9
rv1180,1314217,864.6
rv1180,1314356,211
rv1180,1314405,176.6
rv1180,1314488,0
rv1180,1314570,10.100000000000001
rv1180,1314607,1664.2
rv1180,1314703,453.8
rv1180,1314724,216.6
rv1180,1314921,613.1
rv1180,1314973,836
rv1180,1314987,108.3
rv1180,1315022,70.5
rv1180,1315095,47.1
rv1180,1315112,991.6
rv1180,1315176,994.1999999999999
rv1180,1315195,349.6
rv1181,1315306,2.9
rv1181,1315400,2.2
rv1181,1315452,0
rv1181,1315509,898.2
rv1181,1315573,591.7
rv1181,1315580,1280.8
rv1181,1315710,5.6
rv1181,1315847,1155.6
rv1181,1315898,724.5
rv1181,1315920,640.4
rv1181,1315999,471.6
rv1181,1316002,1202.3
rv1181,1316053,1002.7
rv1181,1316074,357
rv1181,1316099,203
rv1181,1316122,0
rv1181,1316164,788.3
rv1181,1316311,382.5
rv1181,1316528,322.8
rv1181,1316560,2154
rv1181,1316702,1727.5
rv1181,1316797,4.3
rv1181,1316865,0
rv1181,1316873,443.2
rv1181,1316877,162.7
rv1181,1316884,5.2
rv1181,1316906,143
rv1181,1316995,1006.8
rv1181,1317102,360.5
rv1181,1317115,2346.7
rv1181,1317139,624.6999999999999
rv1181,1317221,116.39999999999999
rv1181,1317242,2278.6
rv1181,1317447,267.2
rv1181,1317565,1049.3
rv1181,1317585,552.5
rv1181,1317803,936.1999999999999
rv1181,1317853,50.5
rv1181,1317881,0
rv1181,1317916,250
rv1181,1317930,602.8
rv1181,1318078,18.1
rv1181,1318096,0
rv1181,1318286,238.8
rv1181,1318312,810
rv1181,1318492,2916.7
rv1181,1318546,1383.9
rv1181,1318562,502.3
rv1181,1318654,1501.6000000000001
rv1181,1318705,1499.3
rv1181,1318774,2129
rv1181,1318822,1181.7
rv1181,1318905,53.7
rv1181,1318969,3087.5
rv1181,1319121,720.2
rv1181,1319244,1855.6
rv1181,1319271,2487.1
rv1181,1319297,252.29999999999998
rv1181,1319404,658.3
rv1181,1319469,20.1
rv1181,1319511,10.1
rv1181,1319587,17
rv1181,1319599,653.3
rv1181,1319608,181.4
rv1181,1319625,425.8
rv1181,1319655,589.6
rv1181,1319774,105.69999999999999
rv1181,1319836,85.5
rv1181,1319895,307.7
rv1181,1319897,2884.7000000000003
rv1182,1320066,983.8
rv1182,1320179,6380.6
rv1182,1320181,1547.3
rv1182,1320196,2051
rv1182,1320206,94.2
rv1182,1320236,40.3
rv1182,1320283,0
rv1182,1320299,1992.2
rv1182,1320331,3031.8
rv1182,1320335,4953.3
rv1182,1320353,714.6
rv1182,1320372,173.7
rv1182,1320382,184
rv1182,1320414,109.39999999999999
rv1182,1320611,880.5
rv1182,1320648,0
rv1182,1320665,819.6
rv1182,1320757,1380.8
rv1182,1320760,165.3
rv1182,1320766,556.3
rv1182,1320823,523.6
rv1182,1320912,328.40000000000003
rv1182,1320915,1226.6
rv1182,1320952,0
rv1182,1320962,609
rv1182,1320965,126.8
rv1182,1320972,2.6
rv1182,1321035,244.10000000000002
rv1182,1321131,398.8
rv1182,1321136,1259.1
rv1182,1321167,301.7
rv1182,1321233,100.7
rv1182,1321251,176.8
rv1182,1321258,0
rv1182,1321266,2959
rv1182,1321274,591.2
rv1182,1321289,296.4
rv1182,1321295,865.1
rv1182,1321310,1642.6
rv1182,1321391,26.6
rv1183,1321557,785.6999999999999
rv1183,1321690,1503.7
rv1183,1321698,2089
rv1183,1321748,63.3
rv1183,1321783,2153.6
rv1183,1321816,8328.7
rv1183,1321843,199.2
rv1183,1321846,3140.2999999999997
rv1183,1321897,965.5
rv1183,1321910,295.3
rv1183,1321919,1216.8
rv1183,1322070,656.8
rv1183,1322090,449.79999999999995
rv1183,1322104,504.8
rv1183,1322190,10.8
rv1183,1322196,66.5
rv1183,1322252,348.4
rv1183,1322265,7.9
rv1183,1322276,0
rv1183,1322285,439.3
rv1183,1322577,114.8
rv1183,1322597,1109.6
rv1183,1322601,900.2
rv1183,1322663,970.3000000000001
rv1183,1322711,124.7
rv1183,1322749,94.69999999999999
rv1183,1322759,655.8
rv1183,1322915,918.9
rv1183,1323095,1079
rv1183,1323166,79.3
rv1183,1323195,0
rv1183,1323208,0
rv1183,1323256,0
rv1183,1323283,1456.3
rv1183,1323444,0
rv1183,1323523,920
rv1183,1323748,785.8
rv1183,1323758,287.7
rv1183,1323850,1337.1
rv1183,1323873,51
rv1183,1323887,50.3
rv1183,1323917,754.2
rv1183,1323920,956.9
rv1183,1323931,168.7
rv1183,1323999,728.8000000000001
rv1183,1324013,1038.3
rv1183,1324040,5665.5
rv1183,1324119,1326.9
rv1183,1324154,1103.1000000000001
rv1183,1324266,543.7
rv1183,1324353,1956.8
rv1183,1324500,1496.1
rv1183,1324532,214.5
rv1185c,1325816,116.7
rv1185c,1325824,2136.8
rv1185c,1325923,116.8
rv1185c,1326016,1128.3
rv1185c,1326104,131.4
rv1185c,1326119,882.1
rv1185c,1326121,983.6
rv1185c,1326141,582.6
rv1185c,1326216,3039.6
rv1185c,1326281,683.6
rv1185c,1326395,1328.7
rv1185c,1326470,45.3
rv1185c,1326512,821.9
rv1185c,1326536,693.2
rv1185c,1326547,417.3
rv1185c,1326569,640.4
rv1185c,1326594,984.3
rv1185c,1326667,4127.1
rv1185c,1326757,1866.1
rv1185c,1326795,1059.3000000000002
rv1185c,1326812,54.3
rv1185c,1326863,640.5
rv1185c,1326888,5171.8
rv1185c,1326926,849.7
rv1185c,1327013,4460.7
rv1185c,1327022,569.8
rv1185c,1327105,3048.1
rv1185c,1327255,41.1
rv1185c,1327279,654.5
rv1185c,1327295,2702.4
rv1185c,1327436,1174
rv1185c,1327445,2654.3
rv1187,1329447,570.9
rv1187,1329798,149.6
rv1187,1329921,0
rv1187,1329945,29.099999999999998
rv1187,1330059,538.5
rv1187,1330199,0
rv1187,1330213,725.6
rv1187,1330229,496.2
rv1187,1330235,2994.6
rv1187,1330245,0
rv1187,1330250,919.2
rv1187,1330254,24.9
rv1187,1330359,391.1
rv1187,1330397,124.9
rv1187,1330461,0
rv1187,1330488,792.9
rv1187,1330590,0
rv1187,1330608,0
rv1187,1330671,135.9
rv1187,1330701,137.7
rv1187,1330716,5.9
rv1187,1330755,117.7
rv1187,1330842,951.3
rv1187,1331004,2244.2000000000003
rv1189,1332117,720.8
rv1189,1332146,275.1
rv1189,1332169,110.9
rv1189,1332174,2100
rv1189,1332506,99
rv1189,1332807,611.4
rv1189,1332918,1097.4
rv1189,1332945,2.9
rv1189,1332968,742.4
rv1193,1335844,50.3
rv1193,1335886,80.8
rv1193,1336026,38.2
rv1193,1336166,18.1
rv1193,1336205,1390.3
rv1193,1336337,227.6
rv1193,1336408,121.7
rv1193,1336427,29.2
rv1193,1336442,1807.3999999999999
rv1193,1336563,43.7
rv1193,1336622,550.7
rv1193,1336650,133.5
rv1193,1336808,174.3
rv1193,1336859,97.39999999999999
rv1193,1336949,0
rv1193,1337040,1906.5
rv1193,1337060,623.8
rv1193,1337064,293.1
rv1193,1337098,225.20000000000002
rv1193,1337152,47.2
rv1193,1337157,144.4
rv1195,1339027,2886.1
rv1195,1339077,4264
rv1195,1339089,1555.2
rv1195,1339192,17380
rv1195,1339267,4704.2
rv1195,1339306,3526.6
rv1196,1339374,1467.4
rv1196,1339403,5010.5
rv1196,1339530,3690.4
rv1196,1339571,8666.2
rv1196,1339646,454.4
rv1196,1339658,2814.9
rv1196,1339719,1662.9
rv1196,1339775,709.2
rv1196,1339817,468.6
rv1196,1340498,10263.2
rv1196,1340528,454.40000000000003
rv1197,1340679,3839.1
rv1197,1340825,1366.3
rv1197,1340917,3954.7000000000003
rv1197,1340959,1782.7
rv1198,1341024,6847.1
rv1198,1341173,1470.5
rv1198,1341188,841.3
rv1198,1341204,4312
rv1202,1345430,0
rv1202,1345505,0
rv1202,1345589,0
rv1202,1345615,0
rv1202,1345629,0
rv1202,1345666,0
rv1202,1345699,0
rv1202,1345711,0
rv1202,1345875,0
rv1202,1345911,0
rv1202,1345939,0
rv1202,1345995,0
rv1202,1346172,0
rv1202,1346212,0
rv1202,1346226,0
rv1202,1346316,0
rv1202,1346328,30.599999999999998
rv1206,1349347,3379.9
rv1206,1349350,818.4
rv1206,1349515,594.5
rv1206,1349560,1805.1000000000001
rv1206,1349571,410.8
rv1206,1349590,247
rv1206,1349652,1802.7
rv1206,1349703,48.099999999999994
rv1206,1349722,1416.7
rv1206,1349777,1765.2
rv1206,1349840,284.29999999999995
rv1206,1349947,1995.8
rv1206,1350070,3294.1
rv1206,1350088,1735.4
rv1206,1350104,6.9
rv1206,1350156,2400.7
rv1206,1350220,1554.1
rv1206,1350241,935.4
rv1206,1350303,70.4
rv1206,1350373,2335.5
rv1206,1350402,1800.6
rv1206,1350437,169.4
rv1206,1350466,586.4
rv1206,1350521,0
rv1206,1350549,40.9
rv1206,1350583,141.8
rv1206,1350805,1312.7
rv1206,1350907,2751.2
rv1206,1350925,502.59999999999997
rv1206,1350950,261.9
rv1206,1351015,1488.1
rv1206,1351042,3636.8
rv1206,1351046,4063.7
rv1206,1351069,7250.3
rv1206,1351078,1607.3
rv1206,1351081,1630.5
rv1206,1351090,1087.4
rv1206,1351129,138.7
rv1207,1351246,9.1
rv1207,1351273,0
rv1207,1351362,1024.6
rv1207,1351539,389.90000000000003
rv1207,1351740,4119.6
rv1207,1351745,740.5
rv1207,1351751,41.4
rv1207,1351778,507.8
rv1207,1351891,738.4
rv1207,1351916,1164.6
rv1210,1353594,1963.6000000000001
rv1210,1353603,639.2
rv1210,1353633,1677.2
rv1210,1353700,4821.3
rv1210,1353768,1859.5
rv1210,1353776,17.1
rv1210,1353793,271.2
rv1210,1353889,3812
rv1210,1353980,5684.1
rv1210,1354035,3018.6
rv1210,1354073,8688.2
rv1213,1355870,3070
rv1213,1355876,534.9
rv1213,1355902,167.7
rv1213,1355953,1645.1000000000001
rv1213,1355972,530.5
rv1213,1355998,18.7
rv1213,1356025,3370.5
rv1213,1356051,1056
rv1213,1356091,8306.8
rv1213,1356136,2878.3
rv1213,1356138,1607.7
rv1213,1356160,884.1
rv1213,1356181,531.6
rv1213,1356199,3514
rv1213,1356203,2115.8
rv1213,1356229,952.1
rv1213,1356234,810.4
rv1213,1356299,1142.2
rv1213,1356336,1802.3
rv1213,1356360,381.5
rv1213,1356442,6969.6
rv1213,1356465,4055.5
rv1213,1356552,532.8000000000001
rv1213,1356565,2456.7
rv1213,1356579,126.7
rv1213,1356616,4350
rv1213,1356649,1822.3
rv1213,1356660,16661.899999999998
rv1213,1356697,3392.9
rv1213,1356822,1859.3999999999999
rv1213,1357054,431.1
rv1214c,1357399,864.4
rv1214c,1357428,1460.2
rv1214c,1357463,2180.9
rv1214c,1357474,3409.7000000000003
rv1214c,1357518,406.1
rv1221,1364451,626.7
rv1221,1364497,5636.4
rv1221,1364526,268.09999999999997
rv1221,1364630,175.3
rv1221,1364704,101.6
rv1221,1364716,66.7
rv1221,1364769,139.5
rv1221,1364797,114.3
rv1221,1364825,180.70000000000002
rv1221,1364894,9.1
rv1221,1364905,340.3
rv1221,1364947,147.8
rv1221,1365049,114.3
rv1221,1365092,314.9
rv1221,1365096,104
rv1221,1365104,194.1
rv1221,1365133,217.1
rv1223,1365886,3818.3
rv1223,1365889,7776.6
rv1223,1365925,244.89999999999998
rv1223,1366115,0
rv1223,1366329,0
rv1223,1366412,0
rv1223,1366438,0
rv1223,1366494,2.9
rv1223,1366670,0
rv1223,1366866,0
rv1223,1366918,2.8
rv1223,1366947,0
rv1223,1367035,0
rv1223,1367052,0
rv1223,1367095,0
rv1223,1367110,0
rv1223,1367226,0
rv1223,1367265,2.9
rv1223,1367329,0
rv1223,1367383,0
rv1223,1367403,0
rv1223,1367458,0
rv1223,1367465,32
rv1224,1367595,0
rv1224,1367620,22.2
rv1224,1367683,8.8
rv1224,1367722,20.8
rv1224,1367813,5.6
rv1224,1367862,3888.2000000000003
rv1228,1371026,1439.7
rv1228,1371045,7084.2
rv1228,1371077,6059.3
rv1228,1371157,10511.4
rv1228,1371179,356.9
rv1228,1371231,1341.8
rv1228,1371237,1238.4
rv1228,1371429,1188.8
rv1228,1371477,4418.7
rv1229c,1371784,2641.8999999999996
rv1229c,1371860,0
rv1229c,1371909,0
rv1229c,1372270,0
rv1229c,1372356,0
rv1229c,1372415,0
rv1229c,1372448,0
rv1229c,1372463,0
rv1229c,1372553,0
rv1229c,1372570,0
rv1229c,1372622,0
rv1229c,1372640,0
rv1229c,1372777,0
rv1229c,1372869,0
rv1229c,1372890,0
rv1229c,1372941,958.2
rv1229c,1372955,341.7
rv1235,1377552,84.7
rv1235,1377573,690.3
rv1235,1377616,2.6
rv1235,1377641,2156.2
rv1235,1377762,359.1
rv1235,1377787,0
rv1235,1377913,385.4
rv1235,1377959,111.69999999999999
rv1235,1377979,159.6
rv1235,1377982,88.3
rv1235,1377998,0
rv1235,1378014,240
rv1235,1378018,18
rv1235,1378084,2372.1
rv1235,1378098,578.6
rv1235,1378122,2710.9
rv1235,1378204,1930.9
rv1235,1378225,101.7
rv1235,1378239,456.1
rv1235,1378261,2079.6
rv1235,1378413,779
rv1235,1378420,28
rv1235,1378499,1529.2
rv1235,1378535,82.8
rv1235,1378545,654.4
rv1235,1378670,2097.7
rv1235,1378715,478.2
rv1235,1378742,1036.6
rv1235,1378759,1719
rv1235,1378808,1203.1000000000001
rv1236,1378977,10.1
rv1236,1379059,433.7
rv1236,1379071,231.3
rv1236,1379085,940.6
rv1236,1379146,3920.7
rv1236,1379170,275.40000000000003
rv1236,1379243,97.5
rv1236,1379258,2417.3
rv1236,1379314,24.400000000000002
rv1236,1379341,1240.6
rv1236,1379343,2158.9
rv1236,1379350,1328.2
rv1236,1379353,4994.9
rv1236,1379377,48.800000000000004
rv1236,1379398,87.2
rv1236,1379478,1822.6000000000001
rv1236,1379528,866.9
rv1236,1379662,5377.4
rv1236,1379713,923.4000000000001
rv1237,1379882,1788.2
rv1237,1379915,10.1
rv1237,1380017,1605.7
rv1237,1380125,736.6999999999999
rv1237,1380165,350.1
rv1237,1380281,1899.1000000000001
rv1237,1380311,965.8
rv1237,1380411,1139.4
rv1237,1380502,11.600000000000001
rv1237,1380517,128.5
rv1237,1380604,632.8000000000001
rv1237,1380630,52.7
rv1237,1380683,0
rv1238,1380726,631.1
rv1238,1380796,110.7
rv1238,1380833,491.1
rv1238,1380854,28.200000000000003
rv1238,1380892,0
rv1238,1380942,37.4
rv1238,1380951,123.89999999999999
rv1238,1380959,418.8
rv1238,1381244,751.1999999999999
rv1238,1381257,1977.2
rv1238,1381306,1189.9
rv1238,1381314,5113.8
rv1238,1381356,1317.6
rv1238,1381391,491.9
rv1238,1381528,2186.1
rv1238,1381547,810.8000000000001
rv1238,1381575,863.1
rv1238,1381630,438.1
rv1238,1381644,2319.7
rv1238,1381650,871.6
rv1238,1381658,13
rv1238,1381708,50.5
rv1238,1381726,0
rv1238,1381771,109.8
rv1238,1381805,0
rv1238,1381869,148.6
rv1239c,1381949,665.7
rv1239c,1381979,774.4
rv1239c,1381995,1823.9
rv1239c,1382024,0
rv1239c,1382072,3891.9
rv1239c,1382106,782.5
rv1239c,1382122,190.2
rv1239c,1382201,333.9
rv1239c,1382255,316
rv1239c,1382320,45.3
rv1239c,1382369,1565.3
rv1239c,1382410,1041.9
rv1239c,1382430,0
rv1239c,1382462,871.6
rv1239c,1382477,1151
rv1239c,1382504,1189.9
rv1239c,1382547,525.2
rv1239c,1382560,0
rv1239c,1382653,162.1
rv1239c,1382675,927
rv1239c,1382714,343.59999999999997
rv1239c,1382764,0
rv1239c,1382791,1162.3
rv1239c,1382894,1622.3
rv1239c,1382900,1760.3
rv1239c,1382930,1278.9
rv1240,1383227,0
rv1240,1383248,0
rv1240,1383273,0
rv1240,1383795,0
rv1240,1384038,0
rv1243c,1385030,0
rv1243c,1385042,359.59999999999997
rv1243c,1385391,448.09999999999997
rv1243c,1385513,1891.1
rv1243c,1385564,45.8
rv1243c,1385598,2109.5
rv1243c,1385738,1.3
rv1243c,1385838,1322.3
rv1243c,1385921,34
rv1243c,1386033,469.3
rv1243c,1386124,1294.7
rv1243c,1386126,2010.7
rv1243c,1386245,2826.4
rv1243c,1386274,921.4
rv1243c,1386424,1776.2
rv1243c,1386499,2891.1
rv1243c,1386543,2961.6
rv1243c,1386599,3315
rv1243c,1386676,3961.1
rv1244,1387013,2986.2
rv1244,1387034,1605
rv1244,1387107,545.7
rv1244,1387176,2612.9
rv1244,1387178,1887.1
rv1244,1387212,494.1
rv1244,1387226,2275.1
rv1244,1387559,1145.2
rv1252c,1399303,331.59999999999997
rv1252c,1399390,5680
rv1252c,1399447,5009.1
rv1252c,1399451,1680.4
rv1252c,1399470,4218.8
rv1252c,1399474,7484.7
rv1252c,1399570,1948.6
rv1252c,1399799,2069.5
rv1253,1399991,817.4
rv1253,1400072,165.7
rv1253,1400089,27.400000000000002
rv1253,1400101,721.5
rv1253,1400285,11.1
rv1253,1400294,4976.1
rv1253,1400324,1568.2
rv1253,1400339,2123.9
rv1253,1400401,2707.2
rv1253,1400406,7853.8
rv1253,1400454,515.4
rv1253,1400534,649.3
rv1253,1400597,180.6
rv1253,1400626,10.1
rv1253,1400653,0
rv1253,1400666,23.5
rv1253,1400676,365.90000000000003
rv1253,1400881,11.4
rv1253,1400931,0
rv1253,1400944,1530.9
rv1253,1400948,916.7
rv1253,1400975,4218.3
rv1253,1400979,900.2
rv1253,1401030,506.5
rv1253,1401079,2.9
rv1253,1401094,1148.8
rv1253,1401218,1888.8
rv1253,1401370,1359.3
rv1253,1401389,576.2
rv1253,1401493,0
rv1253,1401513,0
rv1253,1401516,688.6
rv1253,1401571,14.6
rv1253,1401602,0
rv1253,1401631,125.5
rv1256c,1403435,3287.9
rv1256c,1403627,118.4
rv1256c,1403657,265.7
rv1256c,1403854,2683.4
rv1256c,1403911,2214
rv1256c,1403959,418.6
rv1256c,1404023,3140.4
rv1256c,1404146,1654.6
rv1256c,1404181,2097
rv1256c,1404386,2827.2999999999997
rv1256c,1404390,1422.9
rv1256c,1404470,6338.3
rv1256c,1404473,4143.1
rv1256c,1404479,1029.2
rv1256c,1404539,555.2
rv1256c,1404598,140
rv1263,1410445,783.2
rv1263,1410530,1499.5
rv1263,1410572,293.1
rv1263,1410713,3034.8
rv1263,1410924,9.1
rv1263,1410979,1667.7
rv1263,1410988,484.3
rv1263,1411098,67.4
rv1263,1411116,1524.2
rv1263,1411234,678.3000000000001
rv1263,1411284,979
rv1263,1411325,122
rv1263,1411340,3857
rv1263,1411349,2169.8
rv1263,1411372,411.7
rv1263,1411423,2726.1
rv1263,1411434,269.2
rv1263,1411443,1114.5
rv1263,1411539,3532.2000000000003
rv1263,1411586,217.8
rv1263,1411640,176.1
rv1263,1411742,5900.5
rv1266c,1414030,375.8
rv1266c,1414119,4330.4
rv1266c,1414171,2420
rv1266c,1414184,1880.1000000000001
rv1266c,1414306,7188.6
rv1266c,1414351,5004.2
rv1266c,1414366,4282.3
rv1266c,1414385,3552
rv1266c,1414387,4242.8
rv1266c,1414512,904.2
rv1266c,1414520,560.1
rv1266c,1414554,603.3
rv1266c,1414635,706.4
rv1266c,1414720,2081.9
rv1266c,1414723,3931.2
rv1266c,1414766,729.7
rv1266c,1414840,3307.1
rv1266c,1414946,1754.2
rv1266c,1415062,87.4
rv1266c,1415203,0
rv1266c,1415251,1868.3
rv1266c,1415266,2309.9
rv1266c,1415271,3894.9
rv1266c,1415305,4029.4
rv1266c,1415331,1759.5
rv1266c,1415386,2375.3
rv1266c,1415602,1233.1
rv1266c,1415755,1683.8999999999999
rv1266c,1415800,470.5
rv1267c,1416188,255.70000000000002
rv1267c,1416338,6316.6
rv1267c,1416394,58.9
rv1267c,1416452,0
rv1267c,1416482,1830.1
rv1267c,1416671,41.9
rv1267c,1416707,4912
rv1267c,1416710,2849.4
rv1267c,1416746,473.40000000000003
rv1267c,1416831,330.3
rv1267c,1416853,2057.1
rv1267c,1417052,18.3
rv1267c,1417113,1600.7
rv1267c,1417122,1862.5
rv1267c,1417130,9088.9
rv1267c,1417140,1420.9
rv1267c,1417189,459
rv1267c,1417204,4262.4
rv1267c,1417237,1892.5
rv1267c,1417287,572.3
rv1267c,1417344,358.3
rv1270c,1419021,1145.2
rv1270c,1419049,588.6
rv1270c,1419292,0
rv1270c,1419345,764.6
rv1270c,1419375,1507.6
rv1270c,1419392,51.6
rv1270c,1419402,972.5
rv1270c,1419420,2356.9
rv1270c,1419469,52.9
rv1270c,1419502,414.9
rv1270c,1419608,1450.8
rv1270c,1419710,169.6
rv1274,1424211,741.4
rv1274,1424469,120.8
rv1274,1424500,10.1
rv1274,1424604,0
rv1275,1424837,0
rv1275,1424879,699.5
rv1275,1424895,52
rv1275,1425038,81.5
rv1275,1425105,69
rv1275,1425239,105.60000000000001
rv1275,1425297,651.2
rv1280c,1431699,1881
rv1280c,1431775,568.1
rv1280c,1431895,30.099999999999998
rv1280c,1431933,1093.5
rv1280c,1432014,1491.3
rv1280c,1432125,3266.8
rv1280c,1432230,1451.6
rv1280c,1432257,1331.9
rv1280c,1432320,557.7
rv1280c,1432344,1980.2
rv1280c,1432428,1294.6
rv1280c,1432572,3180.8
rv1280c,1432618,317
rv1280c,1432708,410.2
rv1280c,1432735,2307
rv1280c,1432771,149.3
rv1280c,1432788,441
rv1280c,1432838,509.3
rv1280c,1432867,2471.1
rv1280c,1432980,3694.2000000000003
rv1280c,1433028,4207.6
rv1280c,1433278,0
rv1280c,1433308,606.3
rv1280c,1433327,1153.9
rv1280c,1433330,121.3
rv1280c,1433346,74.8
rv1281c,1433469,0
rv1281c,1433494,1932.7
rv1281c,1433549,0
rv1281c,1433616,496.09999999999997
rv1281c,1433620,314.2
rv1281c,1433791,50.3
rv1281c,1433825,100.3
rv1281c,1433925,146.7
rv1281c,1434104,140.2
rv1281c,1434202,26.3
rv1281c,1434213,303.8
rv1281c,1434222,765
rv1281c,1434283,629.2
rv1281c,1434347,0
rv1281c,1434377,0
rv1281c,1434396,56.300000000000004
rv1281c,1434462,0
rv1281c,1434513,95.4
rv1281c,1434529,1345.7
rv1281c,1434550,51.599999999999994
rv1281c,1434592,1321
rv1281c,1434857,79.5
rv1281c,1434961,246.1
rv1281c,1435061,80.5
rv1281c,1435068,0
rv1281c,1435096,417.20000000000005
rv1281c,1435139,1317.5
rv1281c,1435192,46.3
rv1282c,1435372,272.90000000000003
rv1282c,1435465,736.8
rv1282c,1435600,1495
rv1282c,1435602,326.5
rv1282c,1435741,0
rv1282c,1435772,237
rv1282c,1435775,1686.9
rv1282c,1435827,3.9
rv1282c,1435858,791.3
rv1282c,1435951,558.8
rv1282c,1436013,1538.3
rv1282c,1436019,1217.6
rv1282c,1436027,843.5
rv1282c,1436043,1388.2
rv1282c,1436102,2516.1
rv1282c,1436120,2326.6
rv1283c,1436158,510.2
rv1283c,1436180,980.1
rv1283c,1436235,1319.9
rv1283c,1436271,52.599999999999994
rv1283c,1436357,250.79999999999998
rv1283c,1436380,750.6
rv1283c,1436383,585.5
rv1283c,1436410,553.4
rv1283c,1436495,187.7
rv1283c,1436569,383.2
rv1283c,1436618,814.3
rv1283c,1436750,596.6
rv1283c,1436803,149.2
rv1283c,1436859,0
rv1283c,1436914,0
rv1283c,1436927,126
rv1283c,1436938,978.1999999999999
rv1283c,1436979,67.89999999999999
rv1283c,1437053,3383.4
rv1283c,1437089,2315
rv1283c,1437113,910.6
rv1285,1437922,20.1
rv1285,1437928,141.6
rv1285,1437932,218.1
rv1285,1437944,0
rv1285,1437953,522.1
rv1285,1437960,222.9
rv1285,1438023,89.5
rv1285,1438229,238.1
rv1285,1438235,0
rv1285,1438298,2.9
rv1285,1438345,16.9
rv1285,1438515,138.7
rv1285,1438593,0
rv1285,1438629,66.3
rv1285,1438757,237.1
rv1285,1438905,214.2
rv1292,1446517,0
rv1292,1446525,4.3
rv1292,1446615,0
rv1292,1446648,0
rv1292,1446681,0
rv1292,1446690,0
rv1292,1446699,0
rv1292,1446718,0
rv1292,1446804,0
rv1292,1446877,0
rv1292,1446880,0
rv1292,1446967,0
rv1292,1446979,0
rv1292,1447122,0
rv1292,1447138,0
rv1292,1447216,0
rv1292,1447306,0
rv1292,1447308,0
rv1292,1447327,0
rv1292,1447330,0
rv1292,1447369,0
rv1292,1447396,0
rv1292,1447409,0
rv1292,1447579,0
rv1292,1447631,0
rv1292,1447663,0
rv1292,1447666,0
rv1292,1447675,0
rv1292,1447737,0
rv1292,1447758,0
rv1292,1447858,0
rv1292,1447882,0
rv1292,1447894,0
rv1292,1447958,0
rv1293,1448053,0
rv1293,1448078,0
rv1293,1448081,0
rv1293,1448145,0
rv1293,1448238,0
rv1293,1448269,0
rv1293,1448345,0
rv1293,1448366,0
rv1293,1448432,0
rv1293,1448587,0
rv1293,1448662,0
rv1293,1448737,0
rv1293,1448820,0
rv1293,1448848,0
rv1293,1448873,0
rv1293,1448973,0
rv1293,1448990,0
rv1293,1449027,0
rv1293,1449075,0
rv1293,1449087,11
rv1293,1449130,0
rv1293,1449170,0
rv1293,1449203,0
rv1293,1449246,0
rv1293,1449252,0
rv1293,1449270,0
rv1293,1449298,0
rv1294,1449409,0
rv1294,1449415,0
rv1294,1449608,0
rv1294,1449689,0
rv1294,1449706,0
rv1294,1449765,0
rv1294,1449876,0
rv1294,1449912,0
rv1294,1449948,0
rv1294,1449984,0
rv1294,1450056,0
rv1294,1450150,0
rv1294,1450177,0
rv1294,1450191,0
rv1294,1450204,0
rv1294,1450290,0
rv1294,1450342,0
rv1294,1450366,0
rv1294,1450394,11
rv1294,1450398,0
rv1294,1450443,0
rv1294,1450446,0
rv1294,1450681,0
rv1294,1450702,0
rv1295,1450757,0
rv1295,1450816,0
rv1295,1450837,0
rv1295,1450987,0
rv1295,1451009,5.7
rv1295,1451046,0
rv1295,1451122,0
rv1295,1451196,0
rv1295,1451253,0
rv1295,1451257,0
rv1295,1451312,0
rv1295,1451324,0
rv1295,1451333,0
rv1295,1451541,0
rv1295,1451552,2.8
rv1295,1451580,0
rv1295,1451676,0
rv1295,1451692,0
rv1295,1451754,0
rv1295,1451772,29.9
rv1295,1451783,2.8
rv1296,1452114,0
rv1296,1452163,0
rv1296,1452235,2.6
rv1296,1452350,0
rv1296,1452364,0
rv1296,1452507,0
rv1296,1452517,0
rv1296,1452539,8.8
rv1296,1452598,0
rv1296,1452614,0
rv1296,1452759,10.1
rv1296,1452782,0
rv1296,1452833,0
rv1296,1452893,5.7
rv1296,1452937,0
rv1296,1452951,102.19999999999999
rv1297,1453218,0
rv1297,1453230,0
rv1297,1453245,0
rv1297,1453356,160.60000000000002
rv1297,1453386,0
rv1297,1453886,0
rv1297,1453895,0
rv1297,1453915,0
rv1297,1453939,0
rv1297,1453943,0
rv1297,1453963,0
rv1297,1454161,0
rv1297,1454193,0
rv1297,1454388,0
rv1297,1454543,0
rv1297,1454554,0
rv1297,1454617,0
rv1297,1454843,0
rv1297,1454868,0
rv1297,1454894,0
rv1297,1454946,0
rv1297,1454962,0
rv1298,1455193,14.299999999999999
rv1298,1455228,44.7
rv1298,1455243,20.2
rv1298,1455264,70.8
rv1298,1455301,9.4
rv1298,1455361,2.9
rv1298,1455409,1850.6
rv1299,1455891,0
rv1299,1455893,0
rv1299,1455900,0
rv1299,1455963,0
rv1299,1456054,0
rv1299,1456094,0
rv1299,1456119,0
rv1299,1456172,0
rv1299,1456217,0
rv1299,1456238,0
rv1299,1456388,0
rv1299,1456412,0
rv1299,1456431,0
rv1299,1456473,0
rv1300,1456671,48.5
rv1300,1456731,37
rv1300,1456750,0
rv1300,1456755,10.1
rv1300,1456796,0
rv1300,1456902,22.3
rv1300,1457040,21.1
rv1300,1457087,5.8
rv1300,1457110,0
rv1300,1457118,0
rv1300,1457204,0
rv1300,1457238,0
rv1300,1457295,0
rv1300,1457421,17
rv1302,1458307,2274.7
rv1302,1458367,11
rv1302,1458433,0
rv1302,1458487,0
rv1302,1458519,0
rv1302,1458613,0
rv1302,1458772,0
rv1302,1458831,1.3
rv1302,1458914,0
rv1302,1458979,0
rv1302,1458982,0
rv1302,1459150,0
rv1302,1459166,0
rv1302,1459235,0
rv1302,1459275,0
rv1302,1459351,0
rv1302,1459401,0
rv1302,1459492,7941.2
rv1302,1459495,9380.2
rv1302,1459513,2100.1
rv1304,1460315,0
rv1304,1460385,11
rv1304,1460580,0
rv1304,1460588,0
rv1304,1460640,0
rv1304,1460676,0
rv1304,1460690,0
rv1304,1460705,11
rv1304,1460868,0
rv1304,1460961,0
rv1304,1461000,757.6
rv1305,1461062,0
rv1305,1461125,0
rv1305,1461146,0
rv1305,1461155,0
rv1305,1461240,0
rv1305,1461260,11
rv1305,1461281,0
rv1305,1461294,19.6
rv1306,1461512,0
rv1306,1461579,0
rv1306,1461650,1.3
rv1306,1461840,0
rv1307,1461860,0
rv1307,1461894,0
rv1307,1461911,0
rv1307,1461925,0
rv1307,1462108,0
rv1307,1462246,0
rv1307,1462328,0
rv1307,1462344,0
rv1307,1462387,1.3
rv1307,1462474,0
rv1307,1462512,0
rv1307,1462618,0
rv1307,1462687,0
rv1307,1462735,0
rv1307,1462856,0
rv1307,1463048,0
rv1307,1463052,0
rv1307,1463081,0
rv1307,1463141,0
rv1307,1463158,30.599999999999998
rv1308,1463285,0
rv1308,1463289,0
rv1308,1463314,0
rv1308,1463329,0
rv1308,1463526,0
rv1308,1463566,0
rv1308,1463614,0
rv1308,1463847,0
rv1308,1463849,0
rv1308,1463875,0
rv1308,1463889,0
rv1308,1463924,11
rv1308,1463984,0
rv1308,1464017,0
rv1308,1464058,0
rv1308,1464074,0
rv1308,1464122,0
rv1308,1464140,0
rv1308,1464204,0
rv1308,1464251,0
rv1308,1464388,0
rv1308,1464431,0
rv1308,1464441,11
rv1308,1464645,0
rv1308,1464826,1052.1
rv1308,1464881,2.2
rv1309,1464912,0
rv1309,1465025,0
rv1309,1465051,0
rv1309,1465163,2.9
rv1309,1465174,0
rv1309,1465238,0
rv1309,1465252,0
rv1309,1465265,0
rv1309,1465268,0
rv1309,1465328,0
rv1309,1465359,0
rv1309,1465445,0
rv1309,1465514,0
rv1309,1465547,0
rv1309,1465598,0
rv1309,1465606,0
rv1309,1465616,0
rv1309,1465762,0
rv1309,1465805,148.7
rv1310,1465852,0
rv1310,1465917,0
rv1310,1466210,0
rv1310,1466327,0
rv1310,1466416,0
rv1310,1466428,0
rv1310,1466526,0
rv1310,1466560,0
rv1310,1466625,0
rv1310,1466714,0
rv1310,1466804,0
rv1310,1466822,0
rv1310,1466877,0
rv1310,1466975,0
rv1310,1467014,0
rv1310,1467034,0
rv1310,1467049,0
rv1310,1467100,0
rv1310,1467114,0
rv1310,1467228,0
rv1311,1467374,0
rv1311,1467684,36.199999999999996
rv1315,1470364,10.5
rv1315,1470496,0
rv1315,1470570,0
rv1315,1470701,0
rv1315,1470718,0
rv1315,1470763,0
rv1315,1470872,0
rv1315,1471025,0
rv1315,1471073,2.2
rv1315,1471075,11
rv1315,1471090,0
rv1315,1471182,11
rv1315,1471256,0
rv1315,1471501,0
rv1315,1471521,0
rv1315,1471573,0
rv1315,1471581,110.8
rv1316c,1477222,399.7
rv1316c,1477354,1452.7
rv1316c,1477372,368.4
rv1316c,1477398,2111.2
rv1316c,1477468,6255.9
rv1316c,1477540,13975
rv1316c,1477596,1492
rv1316c,1477613,323.6
rv1316c,1477627,720.2
rv1317c,1477667,1170.9
rv1317c,1477707,7819.4
rv1317c,1477886,1560.2
rv1317c,1477970,3075
rv1317c,1478088,1387.2
rv1317c,1478135,2451.3
rv1317c,1478408,2050.8
rv1317c,1478421,919.3
rv1317c,1478513,19.1
rv1317c,1478790,866.9
rv1317c,1478878,2627.8
rv1317c,1479027,2411.1
rv1317c,1479099,776.1
rv1323,1485888,1982.3999999999999
rv1323,1485957,1679
rv1323,1486003,9338.9
rv1323,1486236,1083.3999999999999
rv1323,1486249,3629.8
rv1323,1486255,5493.4000000000005
rv1323,1486266,228.6
rv1323,1486288,1340.6
rv1323,1486387,1621.8
rv1323,1486436,2949.7000000000003
rv1323,1486673,4.3
rv1323,1486838,304.1
rv1323,1486934,3033.6
rv1323,1487021,2866.7
rv1323,1487035,0
rv1325c,1488161,114.9
rv1325c,1488222,195.9
rv1325c,1488657,0
rv1325c,1488690,0
rv1325c,1488993,10.1
rv1325c,1489486,157.5
rv1325c,1489556,408.1
rv1325c,1489712,312.2
rv1325c,1489731,953.9
rv1325c,1489787,1686.8
rv1325c,1489960,1491.1
rv1326c,1490124,314.2
rv1326c,1490247,0
rv1326c,1490263,0
rv1326c,1490310,2.8
rv1326c,1490373,0
rv1326c,1490380,0
rv1326c,1490427,11
rv1326c,1490447,0
rv1326c,1490475,0
rv1326c,1490634,8.8
rv1326c,1490647,0
rv1326c,1490745,0
rv1326c,1490763,0
rv1326c,1490796,0
rv1326c,1490805,0
rv1326c,1490826,0
rv1326c,1491057,0
rv1326c,1491062,0
rv1326c,1491066,0
rv1326c,1491119,0
rv1326c,1491126,0
rv1326c,1491140,0
rv1326c,1491183,0
rv1326c,1491231,0
rv1326c,1491384,0
rv1326c,1491387,0
rv1326c,1491402,1.3
rv1326c,1491457,0
rv1326c,1491477,0
rv1326c,1491507,0
rv1326c,1491546,0
rv1326c,1491618,0
rv1326c,1491694,1.3
rv1326c,1491729,0
rv1326c,1491770,10.1
rv1326c,1491907,0
rv1326c,1492008,0
rv1326c,1492044,0
rv1326c,1492062,0
rv1326c,1492138,0
rv1326c,1492192,0
rv1326c,1492203,0
rv1326c,1492243,0
rv1327c,1492360,0
rv1327c,1492420,0
rv1327c,1492441,0
rv1327c,1492455,0
rv1327c,1492483,0
rv1327c,1492523,0
rv1327c,1492600,0
rv1327c,1492643,0
rv1327c,1492680,0
rv1327c,1492682,0
rv1327c,1492715,0
rv1327c,1492759,0
rv1327c,1492777,0
rv1327c,1492822,0
rv1327c,1492831,0
rv1327c,1492957,0
rv1327c,1492974,0
rv1327c,1493026,0
rv1327c,1493032,0
rv1327c,1493065,0
rv1327c,1493207,0
rv1327c,1493242,0
rv1327c,1493278,0
rv1327c,1493290,0
rv1327c,1493314,0
rv1327c,1493486,0
rv1327c,1493507,0
rv1327c,1493608,0
rv1327c,1493676,0
rv1327c,1493728,0
rv1327c,1493809,0
rv1327c,1493916,0
rv1327c,1493964,0
rv1327c,1494009,21.1
rv1327c,1494018,0
rv1327c,1494226,0
rv1327c,1494241,0
rv1327c,1494337,0
rv1327c,1494339,0
rv1328,1494590,399.9
rv1328,1494607,429.8
rv1328,1494641,182.5
rv1328,1494834,295.9
rv1328,1494855,308.59999999999997
rv1328,1494880,97.8
rv1328,1494912,599.2
rv1328,1494934,0
rv1328,1494950,1574.9
rv1328,1494954,840.8
rv1328,1495038,2854.2
rv1328,1495041,486.90000000000003
rv1328,1495053,58.6
rv1328,1495070,35.9
rv1328,1495098,818
rv1328,1495216,36.2
rv1328,1495229,1795.2
rv1328,1495259,85.89999999999999
rv1328,1495305,691.7
rv1328,1495380,727.3000000000001
rv1328,1495544,2341.4
rv1328,1495596,1017.6999999999999
rv1328,1496130,1814.5
rv1328,1496212,771.2
rv1328,1496325,652.1
rv1328,1496352,621.1
rv1328,1496395,109
rv1328,1496408,117.60000000000001
rv1328,1496432,2.2
rv1328,1496481,232.7
rv1328,1496506,364
rv1328,1496568,2566.5
rv1328,1496604,172.5
rv1328,1496641,120.8
rv1328,1496657,928.1
rv1328,1496662,1230.2
rv1328,1496709,585.9
rv1328,1496721,890.5
rv1328,1496724,1311.1
rv1328,1496796,72.8
rv1328,1496867,402.7
rv1328,1496983,1136.7
rv1328,1497014,255.79999999999998
rv1328,1497036,131.9
rv1328,1497087,333.8
rv1329c,1497202,7.9
rv1329c,1497310,2675.8
rv1329c,1497320,39.4
rv1329c,1497372,756.6999999999999
rv1329c,1497629,3940.6
rv1329c,1497826,2485.9
rv1329c,1497960,4117.1
rv1329c,1498011,177.1
rv1329c,1498094,488.7
rv1329c,1498130,172.4
rv1329c,1498137,1132.6
rv1329c,1498149,238.20000000000002
rv1329c,1498199,20.1
rv1329c,1498249,2708.8
rv1329c,1498319,1303
rv1329c,1498388,465.6
rv1329c,1498422,0
rv1329c,1498488,496.6
rv1329c,1498676,6050.8
rv1329c,1498722,18.1
rv1329c,1498843,785.9
rv1329c,1498908,664.1
rv1329c,1499020,2985
rv1329c,1499091,64.9
rv1329c,1499181,23
rv1336,1503409,7004
rv1336,1503682,793.1
rv1336,1503745,255.4
rv1336,1503759,4735.6
rv1336,1503847,5406.6
rv1336,1503853,2292.7
rv1336,1503883,1040.6000000000001
rv1336,1503947,2245.5
rv1336,1504033,125.6
rv1336,1504046,3293
rv1336,1504048,9452
rv1336,1504090,7170.3
rv1336,1504103,2948.1
rv1336,1504117,1708.2
rv1336,1504208,1800.4
rv1336,1504297,10465.6
rv1336,1504315,968.1
rv1336,1504323,123.6
rv1336,1504361,7086.9000000000005
rv1338,1505183,0
rv1338,1505200,0
rv1338,1505210,0
rv1338,1505348,0
rv1338,1505373,0
rv1338,1505427,0
rv1338,1505462,0
rv1338,1505585,0
rv1338,1505622,0
rv1338,1505635,0
rv1338,1505642,0
rv1338,1505719,0
rv1338,1505754,0
rv1338,1505790,0
rv1338,1505800,0
rv1338,1505821,0
rv1338,1505894,4682.4
rv1343c,1508591,282
rv1343c,1508600,1.3
rv1343c,1508604,14.7
rv1343c,1508613,64.3
rv1343c,1508621,12
rv1343c,1508624,0
rv1343c,1508684,0
rv1343c,1508733,2.9
rv1343c,1508751,0
rv1343c,1508757,9.2
rv1343c,1508796,0
rv1343c,1508920,649.3
rv1355c,1521892,1390.9
rv1355c,1521909,239.89999999999998
rv1355c,1521921,44.8
rv1355c,1521935,232.1
rv1355c,1522093,2024
rv1355c,1522119,685.9
rv1355c,1522210,345
rv1355c,1522290,0
rv1355c,1522322,89
rv1355c,1522431,633.7
rv1355c,1522447,0
rv1355c,1522470,0
rv1355c,1522518,9.1
rv1355c,1522551,41.9
rv1355c,1522589,914
rv1355c,1522630,150.4
rv1355c,1522716,212.2
rv1355c,1522760,325.7
rv1355c,1522790,0
rv1355c,1522805,22.2
rv1355c,1522833,0
rv1355c,1523025,48.4
rv1355c,1523049,12.9
rv1355c,1523091,0
rv1355c,1523103,204.3
rv1355c,1523126,278.6
rv1355c,1523289,684.1
rv1355c,1523326,44.7
rv1355c,1523370,134.3
rv1355c,1523406,290.6
rv1355c,1523417,18.1
rv1355c,1523441,0
rv1355c,1523498,1311.3
rv1355c,1523518,279.1
rv1355c,1523674,2805.2999999999997
rv1355c,1523718,9.1
rv1355c,1523833,1326.9
rv1355c,1523836,3302.1
rv1355c,1523859,314.40000000000003
rv1355c,1523904,1329.7
rv1355c,1523952,823.4
rv1361c,1532450,0
rv1361c,1532476,12855.9
rv1361c,1532480,2249.5
rv1361c,1532511,1532.2
rv1361c,1532535,411.4
rv1361c,1532557,36.4
rv1361c,1533176,880.8
rv1361c,1533218,980.3
rv1361c,1533274,3932.1000000000004
rv1361c,1533335,3714.8
rv1361c,1533347,740.6
rv1361c,1533422,6276.7
rv1361c,1533463,2961.9
rv1361c,1533590,9760.2
rv1361c,1533619,1083.4
rv1365c,1537790,9221.4
rv1365c,1537825,1593.8
rv1365c,1537844,409.1
rv1365c,1537888,2065.5
rv1365c,1538088,2076
rv1365c,1538145,1349.8
rv1368,1541267,568.6
rv1368,1541422,10264.1
rv1368,1541443,7436.9
rv1368,1541473,6621.2
rv1368,1541636,6741.9
rv1368,1541640,7890.1
rv1368,1541663,41
rv1368,1541809,152.2
rv1379,1552758,12.1
rv1379,1552775,1.3
rv1379,1552866,183.3
rv1379,1552876,16.9
rv1379,1552921,0
rv1379,1553026,9.6
rv1379,1553146,1341.8
rv1380,1553391,0
rv1380,1553428,0
rv1380,1553435,0
rv1380,1553485,0
rv1380,1553510,0
rv1380,1553830,0
rv1380,1553905,11
rv1380,1553920,0
rv1380,1553959,0
rv1380,1553967,0
rv1380,1553979,0
rv1380,1553986,0
rv1380,1554179,0
rv1381,1554224,0
rv1381,1554249,0
rv1381,1554279,0
rv1381,1554304,0
rv1381,1554392,0
rv1381,1554440,0
rv1381,1554692,0
rv1381,1554925,0
rv1381,1554937,0
rv1381,1555001,0
rv1381,1555237,0
rv1383,1555990,18
rv1383,1556088,0
rv1383,1556115,0
rv1383,1556217,0
rv1383,1556484,0
rv1383,1556539,0
rv1383,1556549,0
rv1383,1556570,0
rv1383,1556711,0
rv1383,1556799,0
rv1383,1557021,0
rv1383,1557060,0
rv1383,1557105,0
rv1384,1557188,0
rv1384,1557253,1.3
rv1384,1557299,0
rv1384,1557303,0
rv1384,1557337,0
rv1384,1557428,0
rv1384,1557452,0
rv1384,1557663,0
rv1384,1557668,0
rv1384,1557752,0
rv1384,1557902,2.9
rv1384,1558109,0
rv1384,1558178,0
rv1384,1558421,0
rv1384,1558596,0
rv1384,1558686,0
rv1384,1558688,0
rv1384,1558736,0
rv1384,1558742,0
rv1384,1558751,0
rv1384,1558849,0
rv1384,1558862,0
rv1384,1558872,0
rv1384,1558952,0
rv1384,1558973,0
rv1384,1559012,0
rv1384,1559035,0
rv1384,1559222,0
rv1384,1559276,0
rv1384,1559300,0
rv1384,1559333,0
rv1384,1559357,0
rv1384,1559379,0
rv1384,1559468,0
rv1384,1559470,0
rv1384,1559578,0
rv1384,1559636,0
rv1384,1559660,0
rv1384,1559692,0
rv1384,1559706,0
rv1384,1559910,0
rv1384,1559999,0
rv1384,1560148,0
rv1384,1560263,0
rv1384,1560293,0
rv1384,1560375,0
rv1385,1560596,0
rv1385,1560652,0
rv1385,1560766,0
rv1385,1560826,0
rv1385,1560857,0
rv1385,1561258,16.7
rv1385,1561273,889.9
rv1386,1561571,616
rv1386,1561643,1625.6
rv1386,1561725,8324.2
rv1386,1561733,976.6999999999999
rv1386,1561758,6982.7
rv1386,1561774,2835.6
rv1387,1561791,2172.9
rv1387,1561829,7358.7
rv1387,1561892,5623.9
rv1387,1561985,9536.6
rv1387,1562069,6891.7
rv1387,1562082,2878.4
rv1387,1562095,6227.8
rv1387,1562142,1840.5
rv1387,1562198,5519.9
rv1387,1562240,8055.9
rv1387,1562404,2199
rv1387,1562489,1235.4
rv1387,1562498,14080.1
rv1387,1562504,1067.3
rv1387,1562618,2739.9
rv1387,1562649,4565.4
rv1387,1562662,1463.8999999999999
rv1387,1562678,564.7
rv1387,1562733,6148.4
rv1387,1562751,298.4
rv1387,1562784,148.7
rv1387,1562796,410.7
rv1387,1562830,3030
rv1387,1562972,976
rv1387,1563000,2183.6
rv1387,1563241,319.8
rv1388,1563704,0
rv1388,1563714,9.1
rv1388,1563810,298.1
rv1388,1563854,162.6
rv1388,1563877,331.6
rv1388,1563901,0
rv1388,1563932,74.4
rv1388,1564270,0
rv1389,1564611,0
rv1389,1564757,0
rv1389,1564835,11
rv1389,1564892,0
rv1389,1564972,0
rv1389,1564996,0
rv1390,1565104,0
rv1390,1565183,0
rv1390,1565249,11
rv1390,1565264,0
rv1390,1565297,0
rv1390,1565300,0
rv1390,1565330,0
rv1390,1565429,0
rv1391,1565458,530.8
rv1391,1565478,11
rv1391,1565481,0
rv1391,1565510,0
rv1391,1565706,0
rv1391,1565917,0
rv1391,1566011,0
rv1391,1566040,0
rv1391,1566082,0
rv1391,1566113,0
rv1391,1566154,0
rv1391,1566172,0
rv1391,1566273,0
rv1391,1566505,0
rv1391,1566534,1.3
rv1391,1566573,0
rv1391,1566594,0
rv1391,1566610,0
rv1391,1566658,0
rv1391,1566694,1370.5
rv1391,1566701,928.3
rv1392,1566854,0
rv1392,1566931,0
rv1392,1567019,0
rv1392,1567077,0
rv1392,1567251,0
rv1392,1567353,0
rv1392,1567385,0
rv1392,1567392,0
rv1392,1567421,0
rv1392,1567454,0
rv1392,1567644,0
rv1392,1567719,0
rv1392,1567791,0
rv1392,1567802,0
rv1392,1567841,0
rv1392,1567888,0
rv1392,1567944,0
rv1392,1567962,0
rv1392,1567993,11
rv1392,1568040,2421.4
rv1394c,1569614,7278.2
rv1394c,1569663,967.4
rv1394c,1569780,2991.5
rv1394c,1569835,860.4
rv1394c,1569956,141.29999999999998
rv1394c,1569975,4816.5
rv1394c,1570113,3744.5
rv1394c,1570184,780.5
rv1394c,1570249,397.29999999999995
rv1394c,1570356,4286.7
rv1394c,1570360,8319.1
rv1394c,1570380,1508.6000000000001
rv1394c,1570514,1468.3
rv1394c,1570652,334.90000000000003
rv1394c,1570702,727
rv1394c,1570731,2146.4
rv1394c,1570749,2012.8999999999999
rv1394c,1570785,2179
rv1394c,1570853,49.699999999999996
rv1396c,1572134,80.6
rv1396c,1572292,32.800000000000004
rv1396c,1572339,0
rv1396c,1572509,1176.8
rv1396c,1572765,411.6
rv1396c,1572837,466.2
rv1396c,1572894,0
rv1396c,1572924,502.1
rv1396c,1573128,6.5
rv1396c,1573454,14125.300000000001
rv1396c,1573604,1971.8999999999999
rv1396c,1573679,6297.1
rv1396c,1573698,743.8
rv1400c,1575841,1736.1000000000001
rv1400c,1575849,1028.8
rv1400c,1575861,5.9
rv1400c,1575916,227.5
rv1400c,1575925,1121
rv1400c,1575994,45.3
rv1400c,1576024,15.5
rv1400c,1576042,571.5
rv1400c,1576126,984
rv1400c,1576225,1079.3999999999999
rv1400c,1576262,108.6
rv1400c,1576411,209
rv1400c,1576435,0
rv1400c,1576537,881.6
rv1400c,1576585,23
rv1400c,1576668,823.5
rv1400c,1576716,0
rv1400c,1576740,3217.2999999999997
rv1400c,1576802,420.9
rv1402,1577655,0
rv1402,1577704,0
rv1402,1577746,0
rv1402,1577865,0
rv1402,1577887,2.2
rv1402,1577962,0
rv1402,1577994,0
rv1402,1578064,0
rv1402,1578115,0
rv1402,1578133,0
rv1402,1578214,0
rv1402,1578249,1.3
rv1402,1578393,0
rv1402,1578462,0
rv1402,1578497,0
rv1402,1578582,0
rv1402,1578622,0
rv1402,1578702,2.9
rv1402,1578769,0
rv1402,1578802,0
rv1402,1578926,0
rv1402,1578938,13.9
rv1402,1579032,0
rv1402,1579055,0
rv1402,1579544,0
rv1402,1579558,0
rv1402,1579577,0
rv1402,1579584,694.5
rv1406,1582433,2.9
rv1406,1582614,25.599999999999998
rv1406,1582616,204.5
rv1406,1582665,50.900000000000006
rv1406,1582669,54.8
rv1406,1582683,5.699999999999999
rv1406,1582701,0
rv1406,1582791,16
rv1406,1582893,39.5
rv1407,1583115,1271.9
rv1407,1583187,935.1
rv1407,1583203,314.2
rv1407,1583244,8.8
rv1407,1583284,3605.5
rv1407,1583372,910.3
rv1407,1583395,948.1
rv1407,1583501,384.9
rv1407,1583504,357.1
rv1407,1583773,299.1
rv1407,1583791,1471.8
rv1407,1583870,773.7
rv1407,1583910,0
rv1407,1584035,1199.6
rv1407,1584155,1197
rv1407,1584200,2106.3
rv1407,1584218,2565.6
rv1407,1584277,3525.2
rv1407,1584332,97.89999999999999
rv1407,1584360,177
rv1407,1584438,372.40000000000003
rv1408,1584522,69.1
rv1408,1584542,9
rv1408,1584557,18.6
rv1408,1584623,64.5
rv1408,1584722,9.1
rv1408,1584757,0
rv1408,1584775,0
rv1408,1584831,0
rv1408,1584892,8.3
rv1408,1584938,0
rv1408,1585123,12.4
rv1408,1585160,0
rv1408,1585199,1679.9
rv1409,1585235,0
rv1409,1585260,2.6
rv1409,1585281,0
rv1409,1585445,0
rv1409,1585452,0
rv1409,1585512,0
rv1409,1585576,0
rv1409,1585677,0
rv1409,1585903,0
rv1409,1585967,0
rv1409,1586044,0
rv1409,1586076,0
rv1409,1586108,2.9
rv1409,1586217,1077.5
rv1411c,1587949,1123.9
rv1411c,1587973,367.1
rv1411c,1588014,726.3
rv1411c,1588071,0
rv1411c,1588100,8905.800000000001
rv1411c,1588154,1632.1
rv1411c,1588191,462.5
rv1411c,1588437,475.2
rv1411c,1588488,2023.3
rv1412,1588665,0
rv1412,1588730,11
rv1412,1588799,0
rv1412,1588966,15.8
rv1412,1589135,0
rv1412,1589146,0
rv1412,1589159,450.9
rv1415,1590453,0
rv1415,1590556,0
rv1415,1590568,0
rv1415,1590625,0
rv1415,1590658,0
rv1415,1590720,0
rv1415,1591087,0
rv1415,1591099,0
rv1415,1591294,0
rv1415,1591348,0
rv1415,1591403,0
rv1415,1591423,0
rv1415,1591460,0
rv1415,1591516,0
rv1415,1591579,2.2
rv1416,1591950,10.1
rv1416,1591966,0
rv1416,1591987,0
rv1416,1592068,0
rv1418,1592671,257.40000000000003
rv1418,1592739,0
rv1418,1592761,694.7
rv1418,1592856,1031.5
rv1418,1592882,1426.7
rv1418,1592981,2524.9
rv1418,1592983,4600.4
rv1418,1593005,464.6
rv1418,1593026,2917.7
rv1418,1593146,2284.9
rv1418,1593154,553
rv1418,1593177,1679.8
rv1418,1593212,316.6
rv1418,1593249,699.9
rv1418,1593329,4421
rv1420,1594066,4811.8
rv1420,1594108,690.5
rv1420,1594141,3241.9
rv1420,1594167,327.8
rv1420,1594183,329.8
rv1420,1594205,493
rv1420,1594294,3607.6
rv1420,1594336,0
rv1420,1594354,2541.8
rv1420,1594405,1257.2
rv1420,1594435,961.2
rv1420,1594447,935.3
rv1420,1594530,945.8
rv1420,1594570,106.2
rv1420,1594596,696.6999999999999
rv1420,1594978,72.89999999999999
rv1420,1595380,234.8
rv1420,1595439,84.2
rv1420,1595526,158.79999999999998
rv1420,1595536,0
rv1420,1595551,849.4
rv1420,1595597,0
rv1420,1595616,10.1
rv1420,1595660,841.6
rv1420,1595688,204.1
rv1420,1595716,685
rv1420,1595757,128.1
rv1420,1595764,469.2
rv1420,1595919,0
rv1423,1598064,0
rv1423,1598082,0
rv1423,1598101,0
rv1423,1598107,0
rv1423,1598161,0
rv1423,1598670,0
rv1423,1598780,0
rv1423,1598790,0
rv1423,1598820,0
rv1423,1598847,0
rv1423,1598858,69.60000000000001
rv1423,1598887,40.3
rv1426c,1601066,2166.1
rv1426c,1601090,1462.1000000000001
rv1426c,1601189,190.4
rv1426c,1601424,1038.7
rv1426c,1601435,84.1
rv1426c,1601444,175.8
rv1426c,1601446,622.6
rv1426c,1601591,0
rv1426c,1601678,679.4
rv1426c,1601695,287.9
rv1426c,1601732,217
rv1426c,1601758,185.2
rv1426c,1601782,521.2
rv1426c,1601855,127
rv1426c,1601864,536.6
rv1426c,1601891,74.1
rv1426c,1601913,39.5
rv1426c,1601940,666.6999999999999
rv1426c,1601964,70.5
rv1426c,1601976,87.9
rv1426c,1601981,362.1
rv1426c,1602047,0
rv1426c,1602085,25.2
rv1426c,1602166,962.1
rv1426c,1602170,2143.4
rv1426c,1602227,929.2
rv1426c,1602234,0
rv1426c,1602250,162.8
rv1426c,1602292,30.700000000000003
rv1427c,1602328,632
rv1427c,1602374,72.2
rv1427c,1602417,332.6
rv1427c,1602424,2229.8
rv1427c,1602520,898.3
rv1427c,1602601,620.9
rv1427c,1602676,332.5
rv1427c,1602734,11635.7
rv1427c,1602736,833.3
rv1427c,1602766,1326.1
rv1427c,1602919,1810.9
rv1427c,1602928,892.6
rv1427c,1603024,67.2
rv1427c,1603398,191.1
rv1427c,1603448,105.19999999999999
rv1427c,1603510,781.9
rv1427c,1603538,0
rv1427c,1603811,116.3
rv1427c,1603855,393.90000000000003
rv1427c,1603928,1081.7
rv1430,1606490,795
rv1430,1606507,3007.2999999999997
rv1430,1606630,1072.3
rv1430,1606650,4135
rv1430,1606779,2351.4
rv1430,1606794,3713.1
rv1430,1606803,2135.7
rv1430,1606818,1596.4
rv1430,1606827,1021.4
rv1430,1606845,1806.5
rv1430,1606893,1374.9
rv1430,1606923,236.29999999999998
rv1430,1607077,313.2
rv1430,1607136,1449.7
rv1430,1607187,235.5
rv1430,1607202,1765.5
rv1430,1607214,1815.8
rv1430,1607241,105.8
rv1430,1607282,696.3
rv1430,1607286,1280.4
rv1430,1607289,730.6
rv1430,1607304,6026.9
rv1430,1607307,415.2
rv1430,1607339,466.5
rv1430,1607379,4816.3
rv1430,1607381,2875.4
rv1430,1607429,1393.4
rv1430,1607493,42.1
rv1430,1607508,0
rv1430,1607578,552.6
rv1430,1607659,691.5
rv1430,1607673,1659.9
rv1430,1607712,54.9
rv1430,1607747,330
rv1430,1607814,3159.2
rv1430,1607891,736.9
rv1430,1607899,6688.4
rv1430,1607954,180.5
rv1430,1607974,211.9
rv1430,1607976,4900.1
rv1436,1613326,47.3
rv1436,1613364,17.7
rv1436,1613374,9.1
rv1436,1613735,10.1
rv1436,1613748,261.5
rv1436,1613871,43.199999999999996
rv1436,1613998,64.6
rv1436,1614018,0
rv1436,1614062,5.9
rv1436,1614073,2.9
rv1436,1614153,14.7
rv1436,1614156,53.199999999999996
rv1436,1614264,20.400000000000002
rv1436,1614282,23.5
rv1436,1614330,20.200000000000003
rv1437,1614360,8.7
rv1437,1614439,5.9
rv1437,1614836,123.19999999999999
rv1437,1614863,36.2
rv1437,1614897,0
rv1437,1614932,65.4
rv1437,1614939,26.3
rv1437,1615124,27.2
rv1437,1615155,10.1
rv1437,1615240,0
rv1437,1615320,115.5
rv1437,1615337,27.2
rv1437,1615399,56.5
rv1437,1615473,79.4
rv1437,1615502,73.5
rv1437,1615536,59.3
rv1440,1617898,0
rv1440,1617901,0
rv1440,1617931,0
rv1440,1618019,0
rv1440,1618068,1424.6
rv1440,1618074,180.9
rv1441c,1618370,28.8
rv1441c,1618469,472.7
rv1441c,1618471,875.1
rv1441c,1618592,0
rv1441c,1618706,161.5
rv1441c,1618755,27.9
rv1441c,1618895,612.5
rv1441c,1619000,41.8
rv1441c,1619063,69.2
rv1441c,1619097,39.2
rv1441c,1619164,70.8
rv1441c,1619189,27.2
rv1441c,1619431,3594.1
rv1441c,1619451,282.2
rv1441c,1619506,1899.2
rv1441c,1619518,1031.3
rv1441c,1619615,356
rv1441c,1619673,8148.2
rv1442,1619806,6085.3
rv1442,1619808,10820.800000000001
rv1442,1619930,2365.1
rv1442,1619963,30.1
rv1442,1620078,730.7
rv1442,1620091,2.6
rv1442,1620109,6740.6
rv1442,1620121,2046
rv1442,1620196,1450.3
rv1442,1620217,11362.2
rv1442,1620252,3769.7
rv1442,1620381,346
rv1442,1620406,2568.7
rv1442,1620418,2.6
rv1442,1620458,2179.8
rv1442,1620559,6113.1
rv1442,1620607,5279.4
rv1442,1620619,710.4
rv1442,1620637,830.2
rv1442,1620776,1493.6000000000001
rv1442,1620785,637.8
rv1442,1620824,17.9
rv1442,1620877,720.8
rv1442,1621015,5888.6
rv1442,1621057,669.5
rv1442,1621127,542.1
rv1442,1621142,578.8
rv1442,1621153,4344.5999999999995
rv1442,1621279,1401.2
rv1442,1621300,1241.7
rv1442,1621390,3862.1
rv1442,1621466,116.5
rv1442,1621615,5320.3
rv1442,1621634,221.20000000000002
rv1442,1621657,167.5
rv1442,1621797,569.6
rv1442,1621871,284.5
rv1442,1622095,93.19999999999999
rv1445c,1623721,55.099999999999994
rv1445c,1623798,0
rv1445c,1623848,0
rv1445c,1624004,748.2
rv1445c,1624096,495.59999999999997
rv1445c,1624243,965.4000000000001
rv1445c,1624309,212.20000000000002
rv1445c,1624406,75.2
rv1445c,1624433,0
rv1445c,1624454,899.7
rv1446c,1624467,61.699999999999996
rv1446c,1624503,74.8
rv1446c,1624541,30.099999999999998
rv1446c,1624556,29.2
rv1446c,1624637,1586
rv1446c,1624721,51
rv1446c,1624733,168.10000000000002
rv1446c,1624836,1278.7
rv1446c,1624878,0
rv1446c,1624886,0
rv1446c,1624952,2.9
rv1446c,1625041,52.4
rv1446c,1625157,619.2
rv1446c,1625177,260.4
rv1446c,1625276,600.1
rv1447c,1625425,215.79999999999998
rv1447c,1625489,1757.8
rv1447c,1625500,619.7
rv1447c,1625632,367.3
rv1447c,1625668,978.8
rv1447c,1625887,588.3
rv1447c,1625915,55.5
rv1447c,1625933,214.2
rv1447c,1626025,436.3
rv1447c,1626205,2510.7
rv1447c,1626208,394.7
rv1447c,1626255,1551.7
rv1447c,1626268,2302.8
rv1447c,1626349,414.5
rv1447c,1626447,210.1
rv1447c,1626547,652.2
rv1447c,1626724,1524.3
rv1447c,1626820,894
rv1447c,1626903,117.3
rv1447c,1626927,178.5
rv1448c,1627007,154.3
rv1448c,1627195,964.1999999999999
rv1448c,1627233,787.4
rv1448c,1627248,9.2
rv1448c,1627323,105.2
rv1448c,1627353,267.3
rv1448c,1627362,484.9
rv1448c,1627542,149.5
rv1448c,1627563,0
rv1448c,1627588,350.2
rv1448c,1627645,127.8
rv1448c,1627902,1208.8
rv1448c,1628039,0
rv1449c,1628108,363.8
rv1449c,1628158,0
rv1449c,1628197,0
rv1449c,1628314,0
rv1449c,1628320,0
rv1449c,1628494,0
rv1449c,1628614,0
rv1449c,1628746,0
rv1449c,1628797,0
rv1449c,1628827,0
rv1449c,1628914,0
rv1449c,1628929,0
rv1449c,1628976,0
rv1449c,1629394,0
rv1449c,1629517,0
rv1449c,1629526,0
rv1449c,1629595,9.1
rv1449c,1629691,2.9
rv1449c,1629697,5.7
rv1449c,1629754,0
rv1449c,1629922,0
rv1449c,1629934,0
rv1449c,1630036,0
rv1449c,1630110,0
rv1449c,1630153,0
rv1449c,1630175,2.9
rv1450c,1630645,2271
rv1450c,1630706,1453.6
rv1450c,1630730,71.7
rv1450c,1631009,762.1
rv1450c,1631465,0
rv1450c,1631474,7.9
rv1450c,1631769,598.8
rv1450c,1631933,0
rv1450c,1631990,108.2
rv1450c,1632221,755.2
rv1450c,1632239,0
rv1450c,1632266,269.8
rv1450c,1632275,7.7
rv1450c,1632293,527.2
rv1450c,1632449,0
rv1450c,1632710,87
rv1450c,1632896,47.3
rv1450c,1632938,20.1
rv1450c,1633055,426.7
rv1450c,1633148,172.4
rv1450c,1633193,653
rv1450c,1633250,196.7
rv1450c,1633286,157.8
rv1450c,1633388,0
rv1450c,1633547,7.7
rv1450c,1633706,1269
rv1450c,1633882,230.9
rv1450c,1633916,9.1
rv1450c,1634075,10.8
rv1450c,1634374,7494.8
rv1450c,1634394,2954.5
rv1450c,1634449,3571.9
rv1450c,1634586,23543.7
rv1452c,1636124,2272.1
rv1452c,1636136,4054
rv1452c,1636291,0
rv1452c,1636495,2115.9
rv1452c,1636552,897.6
rv1452c,1636663,464.7
rv1452c,1637131,74.7
rv1452c,1637149,16
rv1452c,1637308,1740.6
rv1452c,1637484,214.20000000000002
rv1452c,1637518,0
rv1452c,1637677,2.9
rv1452c,1637976,6712.5
rv1452c,1637996,5657.7
rv1452c,1638051,5168.7
rv1452c,1638155,5210.1
rv1452c,1638218,2037.2
rv1454c,1639681,794.5
rv1454c,1639759,384.3
rv1454c,1639879,6399.9000000000005
rv1454c,1639953,16953.100000000002
rv1454c,1639980,1369.4
rv1454c,1640017,478.09999999999997
rv1454c,1640089,226.7
rv1454c,1640257,594.5
rv1454c,1640271,4425.7
rv1454c,1640275,13128.9
rv1454c,1640313,1250.7
rv1454c,1640380,283.8
rv1454c,1640444,163.4
rv1454c,1640478,5277.6
rv1454c,1640515,1645.3999999999999
rv1454c,1640533,14715.699999999999
rv1454c,1640622,10703.6
rv1464,1651617,0
rv1464,1651746,0
rv1464,1651774,0
rv1464,1651845,1.3
rv1464,1651980,0
rv1464,1652022,6.7
rv1464,1652219,4.5
rv1464,1652253,0
rv1464,1652272,0
rv1464,1652340,2.6
rv1464,1652372,0
rv1464,1652418,0
rv1464,1652470,0
rv1464,1652599,0
rv1464,1652703,0
rv1467c,1653803,1078.2
rv1467c,1653911,1965
rv1467c,1653938,9317.2
rv1467c,1653974,468.3
rv1467c,1654045,153.2
rv1467c,1654172,291.6
rv1467c,1654202,2098.3
rv1467c,1654217,135.6
rv1467c,1654274,0
rv1467c,1654397,999.3
rv1467c,1654403,873.8000000000001
rv1467c,1654427,189.1
rv1467c,1654497,744.4
rv1467c,1654562,1215.1
rv1467c,1654590,822.6
rv1467c,1654667,991.4
rv1467c,1654726,575.3
rv1467c,1654757,344.8
rv1467c,1654788,286.3
rv1467c,1654805,2639.8
rv1467c,1654817,4067.1
rv1467c,1654896,271
rv1467c,1655093,3857
rv1467c,1655153,1762.9
rv1467c,1655333,162
rv1467c,1655420,954.4
rv1467c,1655448,386.8
rv1467c,1655498,4314.3
rv1468c,1655616,3296.4
rv1468c,1655713,0
rv1468c,1655874,2200.3
rv1468c,1655908,68.7
rv1468c,1655918,93.4
rv1468c,1656145,98.7
rv1468c,1656425,468.9
rv1468c,1656468,971.6
rv1468c,1656543,3164.6
rv1468c,1656652,644.8
rv1468c,1656706,166
rv1469,1656991,3242
rv1469,1657072,655.1
rv1469,1657123,1654.3
rv1469,1657170,1396.7
rv1469,1657182,2337.1
rv1469,1657510,91.5
rv1469,1657541,742.5
rv1469,1657639,4766.6
rv1469,1657681,151.5
rv1469,1657764,1235.8
rv1469,1657805,1418.4
rv1469,1657988,224.8
rv1469,1658018,724.4
rv1469,1658174,184.5
rv1469,1658182,240.6
rv1469,1658274,280.6
rv1469,1658290,110.5
rv1469,1658671,4387.1
rv1469,1658695,2135.7
rv1469,1658896,723.3
rv1469,1658940,443.59999999999997
rv1470,1659013,1229.7
rv1470,1659055,1730.9
rv1470,1659103,4383.9
rv1470,1659301,10165.4
rv1470,1659330,2453.3
rv1471,1659381,621
rv1471,1659448,1810.9
rv1471,1659691,2256.8
rv1472,1659805,4.3
rv1472,1659864,4781.9
rv1472,1659932,677.1999999999999
rv1472,1659946,1410.1
rv1472,1660063,4044.7000000000003
rv1472,1660103,5608.9000000000005
rv1472,1660209,426
rv1472,1660216,3657
rv1472,1660233,2248
rv1472,1660273,5577
rv1472,1660370,1354.4
rv1472,1660382,197.9
rv1472,1660400,4684.2
rv1472,1660411,1623.3
rv1472,1660470,8220.9
rv1472,1660624,8446.9
rv1475c,1663236,2175.1
rv1475c,1663252,0
rv1475c,1663276,0
rv1475c,1663279,0
rv1475c,1663388,0
rv1475c,1663400,0
rv1475c,1663424,0
rv1475c,1663551,0
rv1475c,1663597,0
rv1475c,1663642,0
rv1475c,1663660,0
rv1475c,1663703,2.9
rv1475c,1663705,0
rv1475c,1663725,0
rv1475c,1663736,0
rv1475c,1663810,0
rv1475c,1663843,0
rv1475c,1663984,0
rv1475c,1664002,0
rv1475c,1664089,11
rv1475c,1664162,0
rv1475c,1664183,0
rv1475c,1664248,0
rv1475c,1664278,0
rv1475c,1664303,0
rv1475c,1664334,0
rv1475c,1664363,0
rv1475c,1664425,0
rv1475c,1664437,10.1
rv1475c,1664458,0
rv1475c,1664482,0
rv1475c,1664485,0
rv1475c,1664592,0
rv1475c,1664814,0
rv1475c,1664872,0
rv1475c,1664878,0
rv1475c,1664970,0
rv1475c,1664986,0
rv1475c,1665043,0
rv1475c,1665083,0
rv1475c,1665094,0
rv1475c,1665208,0
rv1475c,1665345,0
rv1475c,1665460,0
rv1475c,1665499,0
rv1475c,1665506,0
rv1475c,1665589,0
rv1475c,1665610,0
rv1475c,1665777,0
rv1475c,1665817,0
rv1475c,1665845,0
rv1475c,1665940,0
rv1475c,1665956,0
rv1475c,1665979,0
rv1475c,1665988,0
rv1475c,1666046,0
rv1479,1669328,0
rv1479,1669447,0
rv1479,1669643,0
rv1479,1669789,0
rv1479,1669859,0
rv1479,1669866,1.3
rv1479,1669913,0
rv1479,1669946,0
rv1479,1669951,0
rv1479,1669960,0
rv1479,1670019,0
rv1479,1670057,0
rv1479,1670207,0
rv1479,1670273,0
rv1483,1673486,0
rv1483,1673505,0
rv1483,1673669,0
rv1483,1673717,11
rv1483,1673852,0
rv1483,1673858,0
rv1483,1673902,0
rv1483,1673998,0
rv1483,1674012,10.1
rv1483,1674060,0
rv1483,1674136,0
rv1483,1674138,0
rv1483,1674177,0
rv1484,1674243,1.3
rv1484,1674290,0
rv1484,1674544,0
rv1484,1674580,0
rv1484,1674586,0
rv1484,1674679,0
rv1484,1674751,0
rv1484,1674786,0
rv1484,1674982,0
rv1484,1675015,0
rv1492,1682176,417.3
rv1492,1682194,1101.4
rv1492,1682255,149.1
rv1492,1682300,41.1
rv1492,1682337,3031.1
rv1492,1682586,3713.8
rv1492,1682628,63
rv1492,1682898,2321.1
rv1492,1683013,5630.9
rv1492,1683094,2.9
rv1492,1683283,1311.1
rv1492,1683513,497.90000000000003
rv1492,1683573,1142.3
rv1492,1683619,1858.3
rv1492,1683831,0
rv1492,1683891,3319.1
rv1492,1684008,404.2
rv1493,1684061,833.4
rv1493,1684137,549.5
rv1493,1684192,385.1
rv1493,1684194,3374.1
rv1493,1684233,14.4
rv1493,1684281,0
rv1493,1684293,4203.9000000000005
rv1493,1684323,254.1
rv1493,1684362,357.8
rv1493,1684431,16.700000000000003
rv1493,1684590,2512.7
rv1493,1684686,5790.1
rv1493,1684692,2317.3
rv1493,1684737,733.4
rv1493,1684785,171.10000000000002
rv1493,1684830,875.1999999999999
rv1493,1684854,944.6999999999999
rv1493,1684909,0
rv1493,1684943,149.4
rv1493,1685036,704.8
rv1493,1685277,20304.8
rv1493,1685280,5326.7
rv1493,1685466,2454.5
rv1493,1685581,0
rv1493,1685654,1464.8
rv1493,1685733,4315.2
rv1493,1685759,2343.3
rv1493,1685775,874.7
rv1493,1685824,3479.3
rv1493,1686156,2106.4
rv1493,1686249,888.4
rv1493,1686261,860
rv1497,1688112,3939.6
rv1497,1688271,2209.3
rv1497,1688292,1512.9
rv1497,1688469,460.5
rv1497,1688648,3547.7
rv1497,1688724,3641
rv1497,1688782,829.4
rv1497,1688829,3106.3
rv1497,1688866,4317.9
rv1497,1688938,20.1
rv1497,1688950,0
rv1497,1688967,18.1
rv1497,1688975,1596.7
rv1497,1689132,9706.9
rv1497,1689177,1246.6
rv1497,1689207,1392.5
rv1497,1689234,388.9
rv1511,1703125,2575.4
rv1511,1703155,2447.7
rv1511,1703218,4400.9
rv1511,1703260,6491.2
rv1511,1703326,7148.2
rv1511,1703455,4597.2
rv1511,1703521,868.2
rv1511,1703536,2382.3
rv1511,1703554,7757.7
rv1511,1703560,1039.6
rv1511,1703578,965.7
rv1511,1703590,789.7
rv1511,1703607,0
rv1511,1703700,0
rv1511,1703716,11372
rv1511,1703718,2807.1
rv1511,1703752,1498.4
rv1511,1703764,2408.1
rv1511,1703896,2233.3
rv1511,1703917,3670
rv1512,1704147,1328.7
rv1512,1704187,411.8
rv1512,1704351,2051.5
rv1512,1704459,245.5
rv1512,1704534,387.9
rv1512,1704627,577.2
rv1512,1704690,831.1999999999999
rv1512,1704795,1542.2
rv1512,1704892,0
rv1512,1704897,253.60000000000002
rv1512,1704899,65.8
rv1512,1704970,14.4
rv1512,1705035,0
rv1521,1712388,1118.6000000000001
rv1521,1712395,8.8
rv1521,1712444,751.3
rv1521,1712446,279.2
rv1521,1712460,315.5
rv1521,1712477,1283.5
rv1521,1712510,19.299999999999997
rv1521,1712536,387.7
rv1521,1712544,0
rv1521,1712550,402.8
rv1521,1712643,54.3
rv1521,1712698,1336.4
rv1521,1712811,406.9
rv1521,1712818,558.2
rv1521,1712827,1286.7
rv1521,1712874,92.3
rv1521,1712904,1717.5
rv1521,1712914,1333.9
rv1521,1712917,4576.5
rv1521,1712926,2096.7000000000003
rv1521,1712977,968
rv1521,1713008,4668.5
rv1521,1713083,2656.7
rv1521,1713114,4.3
rv1521,1713153,1903.2
rv1521,1713197,3536.8
rv1521,1713293,3728.4
rv1521,1713304,2572.6
rv1521,1713326,4827.8
rv1521,1713328,13576.9
rv1521,1713365,3310.5
rv1521,1713445,1518.3999999999999
rv1521,1713559,1118.3
rv1521,1713594,248.20000000000002
rv1521,1713721,1289.3
rv1521,1713747,60.4
rv1521,1713834,1233.2
rv1521,1714024,1580.2
rv1521,1714057,8892.9
rv1522c,1714237,1046.5
rv1522c,1714260,3153.5
rv1522c,1714268,714.5
rv1522c,1714307,3311.8
rv1522c,1714327,2083.3
rv1522c,1714380,4231.7
rv1522c,1714398,1031.2
rv1522c,1714443,5730.7
rv1522c,1714463,1785.2
rv1522c,1714834,3764.6
rv1522c,1714877,3526.7000000000003
rv1522c,1714879,2841.1
rv1522c,1714926,1727.3
rv1522c,1714949,471.8
rv1522c,1714952,255.3
rv1522c,1714997,5.7
rv1522c,1715021,227.2
rv1522c,1715027,321.6
rv1522c,1715040,0
rv1522c,1715060,0
rv1522c,1715067,126.8
rv1522c,1715069,104.5
rv1522c,1715114,0
rv1522c,1715119,0
rv1522c,1715149,127.30000000000001
rv1522c,1715160,669
rv1522c,1715163,464
rv1522c,1715173,30.2
rv1522c,1715207,1860.3
rv1522c,1715230,10.1
rv1522c,1715263,343.3
rv1522c,1715322,528.3
rv1522c,1715591,1313.4
rv1522c,1715673,3873.9
rv1522c,1715702,91.7
rv1522c,1715794,2393.8
rv1522c,1715827,3879.2
rv1522c,1715910,12053.6
rv1522c,1715987,4451.9
rv1522c,1716029,6694
rv1522c,1716230,2626.9
rv1522c,1716354,1957.1
rv1522c,1716402,3165
rv1522c,1716780,13517.699999999999
rv1522c,1716789,1739.9
rv1522c,1716797,2858.1
rv1522c,1716813,852.1
rv1522c,1716847,1742.3
rv1522c,1716972,734.8000000000001
rv1522c,1717268,826.2
rv1522c,1717314,3534.2000000000003
rv1522c,1717573,515.7
rv1525,1720026,640.4
rv1525,1720052,1027.6
rv1525,1720080,686.6999999999999
rv1525,1720125,46.699999999999996
rv1525,1720152,392.5
rv1525,1720157,864
rv1525,1720198,1368.6
rv1525,1720251,592.1
rv1525,1720327,0
rv1525,1720384,11.899999999999999
rv1525,1720413,403.3
rv1525,1720431,0
rv1525,1720527,0
rv1525,1720558,0
rv1525,1720578,0
rv1525,1720587,456.79999999999995
rv1525,1720605,882.5
rv1525,1720637,107.3
rv1525,1720659,87.3
rv1525,1720724,41.6
rv1525,1720730,85.3
rv1525,1720763,16.6
rv1525,1720806,156.1
rv1527c,1722249,479.3
rv1527c,1722287,591.6999999999999
rv1527c,1722293,287.5
rv1527c,1722314,92.39999999999999
rv1527c,1722477,1275.9
rv1527c,1722486,159.4
rv1527c,1722522,213.79999999999998
rv1527c,1722623,2320.7999999999997
rv1527c,1722681,208.10000000000002
rv1527c,1722786,2651.1
rv1527c,1722943,211.2
rv1527c,1722962,1541.1
rv1527c,1723082,3318.4
rv1527c,1723116,7253.4000000000005
rv1527c,1723263,145.9
rv1527c,1723311,961.5
rv1527c,1723373,118
rv1527c,1723380,4970.2
rv1527c,1723423,179.1
rv1527c,1723431,1322.9
rv1527c,1723478,682.7
rv1527c,1723539,882.3000000000001
rv1527c,1723593,866.9
rv1527c,1723656,1057.8
rv1527c,1723773,999.7
rv1527c,1724007,489.5
rv1527c,1724137,1518.8
rv1527c,1724147,1146.3
rv1527c,1724232,3786.8
rv1527c,1724331,9990.5
rv1527c,1724451,13224.3
rv1527c,1724497,634.7
rv1527c,1724582,3629
rv1527c,1724728,68.60000000000001
rv1527c,1724866,0
rv1527c,1724973,1476.7
rv1527c,1724997,2195
rv1527c,1725049,1110.4
rv1527c,1725117,787.8000000000001
rv1527c,1725149,388.6
rv1527c,1725195,6376.1
rv1527c,1725227,549.9
rv1527c,1725387,7700.0999999999995
rv1527c,1725391,5482
rv1527c,1725410,1659.7
rv1527c,1725440,4040.6
rv1527c,1725564,782.6
rv1527c,1725704,2221.7000000000003
rv1527c,1725715,1357.2
rv1527c,1725810,644.4
rv1527c,1725846,623.7
rv1527c,1725999,27.2
rv1527c,1726040,4768.7
rv1527c,1726068,1777.8
rv1527c,1726071,1753.7
rv1527c,1726083,1880.7
rv1527c,1726119,1441.7
rv1527c,1726122,2070
rv1527c,1726211,1646.5
rv1527c,1726274,237.4
rv1527c,1726420,0
rv1527c,1726541,159.29999999999998
rv1527c,1726548,1597
rv1527c,1726709,276.6
rv1527c,1726815,165.1
rv1527c,1726880,166
rv1527c,1726926,2048
rv1527c,1727050,0
rv1527c,1727148,1235.9
rv1527c,1727203,10.1
rv1527c,1727400,10680.4
rv1527c,1727402,3065.2
rv1527c,1727421,660.4
rv1527c,1727479,107.3
rv1527c,1727517,70.5
rv1527c,1727554,23.900000000000002
rv1527c,1727597,410.40000000000003
rv1527c,1727778,1285.9
rv1527c,1727792,0
rv1527c,1727824,324.7
rv1527c,1727842,0
rv1527c,1727869,2514
rv1527c,1727873,2413.5
rv1527c,1727907,968.9
rv1527c,1727955,97.30000000000001
rv1527c,1727987,1088.2
rv1527c,1727993,2004.4
rv1527c,1727997,147.1
rv1527c,1728004,49.400000000000006
rv1527c,1728056,69.2
rv1527c,1728122,0
rv1527c,1728175,88.2
rv1527c,1728183,838
rv1527c,1728234,2741.1
rv1527c,1728237,2077.6
rv1527c,1728352,2448.8
rv1527c,1728365,1897
rv1527c,1728373,1641.4
rv1527c,1728385,746.3
rv1527c,1728409,240.7
rv1528c,1729029,1210.6000000000001
rv1528c,1729084,130.7
rv1528c,1729172,63.8
rv1528c,1729199,4299.4
rv1528c,1729271,2486.3
rv1528c,1729291,3803.9
rv1528c,1729370,8772.9
rv1529,1729580,3884.4
rv1529,1729589,1299.8
rv1529,1729640,598.3
rv1529,1729707,2546.7000000000003
rv1529,1729730,2193.8
rv1529,1729768,797
rv1529,1729816,73.8
rv1529,1729830,1363.5
rv1529,1729953,202.6
rv1529,1730005,0
rv1529,1730021,40
rv1529,1730030,230.6
rv1529,1730032,45.7
rv1529,1730050,10.1
rv1529,1730180,187.5
rv1529,1730199,2423.2
rv1529,1730202,436.8
rv1529,1730232,3939.3
rv1529,1730286,1723.5
rv1529,1730302,282
rv1529,1730356,1871.3
rv1529,1730430,136.5
rv1529,1730476,45.1
rv1529,1730507,18.1
rv1529,1730531,1313.1000000000001
rv1529,1730535,1690
rv1529,1730545,200.5
rv1529,1730648,346.90000000000003
rv1529,1730670,682.1
rv1529,1730698,1429.2
rv1529,1730762,389.2
rv1529,1730924,3131.8
rv1529,1730973,1335.6
rv1529,1731037,0
rv1529,1731120,390.2
rv1529,1731227,251
rv1529,1731252,9.1
rv1530,1731398,1753.8999999999999
rv1530,1731410,670.1
rv1530,1731445,103.5
rv1530,1731479,424.3
rv1530,1731488,12.899999999999999
rv1530,1731526,1834.9
rv1530,1731560,1037.3999999999999
rv1530,1731644,102.7
rv1530,1731656,472.2
rv1530,1731681,1580.3
rv1530,1731700,232.79999999999998
rv1530,1731713,253.70000000000002
rv1530,1731736,2427.5
rv1530,1731781,81.3
rv1530,1731790,1561.6
rv1530,1731796,615.3
rv1530,1731884,860.4
rv1530,1731896,77.9
rv1530,1732187,8.8
rv1530,1732193,0
rv1530,1732313,202.8
rv1530,1732327,181.8
rv1530,1732363,1311.6
rv1530,1732425,390.2
rv1530,1732458,32.3
rv1536,1736533,0
rv1536,1736540,0
rv1536,1736600,0
rv1536,1736660,0
rv1536,1736669,0
rv1536,1736705,0
rv1536,1736726,0
rv1536,1736750,0
rv1536,1736758,0
rv1536,1736768,0
rv1536,1736875,0
rv1536,1736918,0
rv1536,1736939,11
rv1536,1736943,22
rv1536,1736981,0
rv1536,1737002,0
rv1536,1737056,0
rv1536,1737065,0
rv1536,1737080,0
rv1536,1737140,0
rv1536,1737165,0
rv1536,1737210,0
rv1536,1737221,0
rv1536,1737279,0
rv1536,1737296,0
rv1536,1737300,0
rv1536,1737330,0
rv1536,1737356,0
rv1536,1737398,0
rv1536,1737428,0
rv1536,1737446,0
rv1536,1737480,0
rv1536,1737495,0
rv1536,1737526,0
rv1536,1737539,0
rv1536,1737577,0
rv1536,1737635,0
rv1536,1737743,0
rv1536,1737755,0
rv1536,1737778,0
rv1536,1737791,0
rv1536,1737852,0
rv1536,1737872,0
rv1536,1737950,0
rv1536,1737958,0
rv1536,1737972,0
rv1536,1737995,0
rv1536,1738013,0
rv1536,1738050,0
rv1536,1738076,0
rv1536,1738123,0
rv1536,1738184,0
rv1536,1738199,0
rv1536,1738235,0
rv1536,1738259,0
rv1536,1738286,0
rv1536,1738403,0
rv1536,1738413,1.3
rv1536,1738559,0
rv1536,1738577,0
rv1536,1738594,0
rv1536,1738631,0
rv1536,1738633,10.1
rv1536,1738688,0
rv1536,1738693,0
rv1536,1738741,0
rv1536,1738748,0
rv1536,1738806,0
rv1536,1738869,0
rv1536,1739022,0
rv1536,1739040,0
rv1536,1739113,0
rv1536,1739153,0
rv1536,1739187,0
rv1536,1739256,0
rv1536,1739309,0
rv1536,1739458,0
rv1536,1739572,0
rv1536,1739631,0
rv1537,1739985,1024.1
rv1537,1740000,2893.7
rv1537,1740087,1670.2
rv1537,1740109,491.5
rv1537,1740343,152.4
rv1537,1740388,543.6999999999999
rv1537,1740499,2081.1
rv1537,1740721,648.5
rv1537,1740745,267.4
rv1537,1740768,95
rv1537,1740797,2022.6
rv1537,1740942,1521.2
rv1537,1741179,2175.1
rv1537,1741192,421
rv1538c,1741275,928.6
rv1538c,1741311,268.59999999999997
rv1538c,1741354,1884.3
rv1538c,1741388,728.9
rv1538c,1741549,306.9
rv1538c,1741603,1024.7
rv1538c,1741716,783.7
rv1538c,1741865,6.5
rv1538c,1741873,2704.9
rv1538c,1741910,475.4
rv1538c,1741977,360.1
rv1538c,1742034,2443.2
rv1538c,1742097,1672.7
rv1538c,1742141,999.5
rv1539,1742321,1854.8
rv1539,1742407,468.09999999999997
rv1539,1742447,13.100000000000001
rv1539,1742480,246.10000000000002
rv1539,1742514,65.89999999999999
rv1539,1742584,0
rv1539,1742743,0
rv1539,1742803,284.2
rv1539,1742833,128.9
rv1541c,1743851,2247.5
rv1541c,1743872,159.1
rv1541c,1743962,5920.2
rv1541c,1744004,2465.6
rv1541c,1744070,953.4
rv1541c,1744089,6584.4
rv1541c,1744190,2694.7
rv1541c,1744255,1805.5
rv1541c,1744311,201.7
rv1542c,1744584,3699.1
rv1542c,1744626,1019.2
rv1542c,1744628,1708.2
rv1542c,1744698,343.4
rv1542c,1744717,3056
rv1542c,1744745,7581.2
rv1542c,1744796,1541.6
rv1542c,1744834,2234.6
rv1548c,1751304,465.3
rv1548c,1751343,273.5
rv1548c,1751452,70.2
rv1548c,1751468,0
rv1548c,1751523,4112.4
rv1548c,1751551,254.10000000000002
rv1548c,1751590,246.9
rv1548c,1751620,90.7
rv1548c,1751625,1712.9
rv1548c,1751669,827.9
rv1548c,1751754,661.7
rv1548c,1751815,4720.9000000000005
rv1548c,1751827,2465.3
rv1548c,1751839,1772
rv1548c,1751923,963.1
rv1548c,1752007,179.2
rv1548c,1752013,900
rv1548c,1752121,6046
rv1548c,1752145,2518.6
rv1548c,1752148,1879.7
rv1548c,1752184,92.19999999999999
rv1548c,1752209,1525
rv1548c,1752217,207.4
rv1548c,1752274,5894.5
rv1548c,1752301,816
rv1548c,1752355,8.8
rv1548c,1752370,8.8
rv1548c,1752439,400.5
rv1548c,1752466,54
rv1548c,1752475,522.2
rv1548c,1752484,5279.5
rv1548c,1752486,6260.9
rv1548c,1752514,2182.5
rv1548c,1752516,6123.6
rv1548c,1752535,192.29999999999998
rv1548c,1752606,4240.4
rv1548c,1752616,910
rv1548c,1752646,2822.3
rv1548c,1752685,0
rv1548c,1752879,797.8
rv1548c,1752921,7606.5
rv1548c,1753058,1.3
rv1548c,1753125,3686.4
rv1550,1754052,686.3
rv1550,1754104,2691.2999999999997
rv1550,1754133,9718.4
rv1550,1754202,2681.6
rv1550,1754295,1894.5
rv1550,1754417,815.5
rv1550,1754534,5607.5
rv1550,1754681,607.8
rv1550,1754782,1173.5
rv1550,1754823,3968
rv1550,1754856,64.6
rv1550,1754908,2109.5
rv1550,1754930,0
rv1550,1754946,2382.2
rv1550,1755087,8990.1
rv1550,1755089,3841.7999999999997
rv1550,1755132,851.9
rv1550,1755235,296.9
rv1550,1755268,2923.9
rv1550,1755304,4266
rv1550,1755348,587.2
rv1550,1755372,2134.1
rv1550,1755399,440.40000000000003
rv1551,1755507,90.30000000000001
rv1551,1755533,0
rv1551,1755555,47.2
rv1551,1755580,850.9
rv1551,1755655,1072.9
rv1551,1755736,1622.8
rv1551,1755743,1372.3
rv1551,1755826,942.5
rv1551,1755939,428.1
rv1551,1755948,185
rv1551,1755975,280.7
rv1551,1755985,675.1999999999999
rv1551,1755995,534.6
rv1551,1755998,124.5
rv1551,1756006,1235.8
rv1551,1756082,2996.4
rv1551,1756111,3333.6
rv1551,1756153,1016.5
rv1551,1756177,454.5
rv1551,1756219,577.8
rv1551,1756300,534.7
rv1551,1756434,4.2
rv1551,1756528,2044.7
rv1551,1756532,7218.8
rv1551,1756636,805.1
rv1551,1756699,766.5
rv1551,1756719,922.8
rv1551,1756898,7373.3
rv1551,1757020,4102
rv1551,1757096,4763.5
rv1551,1757130,1947.2
rv1551,1757261,1954.8
rv1551,1757282,84.4
rv1552,1757713,89.4
rv1552,1757754,19.6
rv1552,1757801,958.9
rv1552,1757895,232.5
rv1552,1758001,576.1
rv1552,1758122,990.2
rv1552,1758140,588
rv1552,1758157,235.7
rv1552,1758186,5335.9
rv1552,1758202,0
rv1552,1758279,1022.1
rv1552,1758354,521.1
rv1552,1758377,4502.1
rv1552,1758464,93.5
rv1552,1758470,465.1
rv1552,1758482,1246.1
rv1552,1758523,1819
rv1552,1758564,718.6
rv1552,1758602,156.5
rv1552,1758617,870.5
rv1552,1758621,2271.7000000000003
rv1552,1758672,1016
rv1552,1758692,874.3
rv1552,1758729,0
rv1552,1758738,8.8
rv1552,1758746,281.1
rv1552,1758772,265
rv1552,1758801,820.3
rv1552,1758803,572.7
rv1552,1758835,1234
rv1552,1758917,301.5
rv1552,1758990,891.7
rv1552,1758996,387.9
rv1552,1759045,259
rv1552,1759087,751.2
rv1552,1759091,1122.3
rv1552,1759351,582.2
rv1552,1759382,374.40000000000003
rv1552,1759396,1435.1
rv1552,1759427,3143.4
rv1552,1759436,2778.2
rv1553,1759474,0
rv1553,1759513,1734.8
rv1553,1759561,6988
rv1553,1759617,4167.8
rv1553,1759629,748.4
rv1553,1759635,4092.8
rv1553,1759687,2205.1
rv1553,1759691,842
rv1553,1759837,127
rv1553,1759887,2903.4
rv1553,1759906,164.79999999999998
rv1553,1759924,1748.3
rv1553,1759978,3868.2
rv1553,1760122,1353.9
rv1554,1760190,178.4
rv1554,1760211,2737.6
rv1554,1760235,3149.7
rv1554,1760292,1858.1
rv1554,1760305,1727.1
rv1554,1760337,729
rv1554,1760377,1445.5
rv1554,1760423,5586.9
rv1554,1760479,10.1
rv1554,1760508,1577.2
rv1555,1760730,6927.7
rv1555,1760784,2150.7999999999997
rv1555,1760879,942.8
rv1555,1760929,5164.5
rv1555,1760933,6944.7
rv1557,1761824,417
rv1557,1761862,1423.9
rv1557,1761910,1120
rv1557,1761959,3728.3999999999996
rv1557,1761963,4848.8
rv1557,1761984,14586.9
rv1557,1762065,5562.2
rv1557,1762136,1062.6
rv1557,1762199,1070.6
rv1557,1762266,2716.4
rv1557,1762317,6621.9000000000005
rv1557,1762339,253.8
rv1557,1762379,51
rv1557,1762481,0
rv1557,1762491,1876.8999999999999
rv1557,1762545,2338.1
rv1557,1762547,8056.4
rv1557,1762670,8221.4
rv1557,1762860,299.5
rv1557,1762931,23.7
rv1557,1762941,2722
rv1559,1763483,0
rv1559,1763528,0
rv1559,1763553,0
rv1559,1763590,0
rv1559,1763626,0
rv1559,1763628,0
rv1559,1763633,0
rv1559,1763644,0
rv1559,1763731,0
rv1559,1763767,0
rv1559,1763771,0
rv1559,1763812,0
rv1559,1763857,11
rv1559,1763915,0
rv1559,1763960,0
rv1559,1764052,0
rv1559,1764211,11
rv1559,1764221,0
rv1559,1764295,0
rv1559,1764424,0
rv1559,1764472,0
rv1559,1764565,0
rv1559,1764609,0
rv1559,1764635,0
rv1559,1764706,0
rv1559,1764712,0
rv1559,1764721,1882.3
rv1562c,1765430,1260.8
rv1562c,1765443,1392.9
rv1562c,1765451,1513.5
rv1562c,1765465,826.3000000000001
rv1562c,1765474,98.6
rv1562c,1765599,183.8
rv1562c,1765609,2619.2
rv1562c,1765674,307.3
rv1562c,1765825,763.6999999999999
rv1562c,1765912,0
rv1562c,1765914,0
rv1562c,1765968,314.59999999999997
rv1562c,1766025,456.59999999999997
rv1562c,1766100,3415
rv1562c,1766118,337
rv1562c,1766136,315.2
rv1562c,1766169,1135.3
rv1562c,1766172,1379.8999999999999
rv1562c,1766192,5.6
rv1562c,1766200,0
rv1562c,1766247,110.7
rv1562c,1766467,2549.4
rv1562c,1766469,1306
rv1562c,1766503,281.6
rv1562c,1766544,873.1
rv1562c,1766565,1135.1000000000001
rv1562c,1766670,90.8
rv1562c,1766688,607.3
rv1562c,1766706,460.4
rv1562c,1766781,238
rv1562c,1766847,151.1
rv1562c,1766981,137.5
rv1562c,1767005,1518.2
rv1562c,1767009,911.8
rv1562c,1767015,0
rv1562c,1767083,682
rv1562c,1767131,528.2
rv1563c,1767255,382.7
rv1563c,1767264,125.9
rv1563c,1767391,873.3
rv1563c,1767461,0
rv1563c,1767502,0
rv1563c,1767565,103.5
rv1563c,1767576,32.3
rv1563c,1767605,153.2
rv1563c,1767784,903.5
rv1563c,1768129,2458.2000000000003
rv1563c,1768136,2790.8
rv1563c,1768188,29
rv1563c,1768287,136.8
rv1563c,1768309,20.1
rv1563c,1768321,0
rv1563c,1768433,2002.3
rv1563c,1768486,286.1
rv1563c,1768557,39.300000000000004
rv1563c,1768576,192.9
rv1563c,1768611,1051.6
rv1563c,1768690,223.60000000000002
rv1563c,1768707,6.5
rv1563c,1768849,38.2
rv1563c,1768885,89.6
rv1563c,1769016,413.79999999999995
rv1563c,1769043,803.1
rv1563c,1769074,195.29999999999998
rv1563c,1769202,0
rv1563c,1769211,297
rv1563c,1769266,202.6
rv1563c,1769311,620.8
rv1563c,1769322,0
rv1563c,1769341,780.6
rv1563c,1769413,0
rv1563c,1769423,0
rv1563c,1769438,0
rv1564c,1769453,9.1
rv1564c,1769481,51
rv1564c,1769505,0
rv1564c,1769540,14.6
rv1564c,1769569,51.6
rv1564c,1769643,1134.6
rv1564c,1769672,77.2
rv1564c,1769771,0
rv1564c,1769877,19.9
rv1564c,1769922,470.8
rv1564c,1769941,65.9
rv1564c,1769959,54.3
rv1564c,1770017,1131.6
rv1564c,1770115,647.8
rv1564c,1770169,274.3
rv1564c,1770221,30.2
rv1564c,1770253,134.7
rv1564c,1770294,38
rv1564c,1770319,487.1
rv1564c,1770340,259.59999999999997
rv1564c,1770388,80.3
rv1564c,1770562,25.900000000000002
rv1564c,1770626,0
rv1564c,1770643,1324.6
rv1564c,1770673,1281.9
rv1564c,1770676,2320.8
rv1564c,1770745,2390.3
rv1564c,1770813,237.8
rv1564c,1770844,2797.6
rv1564c,1770880,729.6
rv1564c,1770889,357
rv1564c,1770927,488.70000000000005
rv1564c,1771015,593.6
rv1564c,1771040,172.5
rv1564c,1771081,317.5
rv1564c,1771086,889.2
rv1564c,1771099,126.5
rv1564c,1771123,4167.5999999999995
rv1564c,1771163,2798.1
rv1564c,1771225,1457.7
rv1564c,1771231,6896
rv1564c,1771276,700.6
rv1564c,1771354,7.9
rv1564c,1771384,5772.1
rv1564c,1771399,4232
rv1564c,1771458,8250.9
rv1564c,1771516,2429
rv1564c,1771534,176.79999999999998
rv1564c,1771560,1046.6
rv1568,1775470,6640.1
rv1568,1775636,28.4
rv1568,1775809,2687.5
rv1568,1775866,306
rv1568,1775889,1401.3
rv1568,1775980,2072.8
rv1568,1775992,834.6
rv1568,1776081,437
rv1568,1776103,619.2
rv1568,1776136,210.5
rv1568,1776262,461.3
rv1568,1776468,78.5
rv1568,1776616,6110.9000000000005
rv1568,1776631,5872.1
rv1568,1776633,9048.5
rv1568,1776695,2244.6
rv1569,1776855,1664.8
rv1569,1776947,81.60000000000001
rv1569,1777035,1016
rv1569,1777368,2142
rv1569,1777375,4123.6
rv1569,1777381,625.3
rv1569,1777766,673
rv1570,1778066,267.6
rv1570,1778434,2501.4
rv1589,1790433,481.7
rv1589,1790616,4701.6
rv1589,1790778,628.3000000000001
rv1589,1790834,1950.9
rv1589,1790916,1460.9
rv1589,1791067,9.1
rv1589,1791090,3704.6
rv1589,1791141,233.6
rv1589,1791248,5735.5
rv1589,1791303,7447.8
rv1589,1791338,5095
rv1594,1794835,0
rv1594,1794922,0
rv1594,1794977,0
rv1594,1795180,0
rv1594,1795370,0
rv1594,1795472,0
rv1594,1795474,11
rv1594,1795511,0
rv1594,1795666,11
rv1594,1795709,0
rv1595,1795962,0
rv1595,1795976,0
rv1595,1796053,0
rv1595,1796073,0
rv1595,1796094,0
rv1595,1796105,0
rv1595,1796270,0
rv1595,1796312,0
rv1595,1796329,0
rv1595,1796332,0
rv1595,1796360,0
rv1595,1796409,1.3
rv1595,1796614,0
rv1595,1796712,0
rv1595,1796832,0
rv1595,1796848,0
rv1595,1796862,0
rv1595,1796889,0
rv1595,1796956,0
rv1595,1797066,0
rv1595,1797123,0
rv1595,1797163,0
rv1595,1797297,13.1
rv1595,1797379,29.4
rv1596,1797402,0
rv1596,1797467,0
rv1596,1797608,0
rv1596,1797664,12
rv1596,1797805,0
rv1596,1797811,0
rv1596,1797845,0
rv1596,1797856,0
rv1596,1797903,0
rv1596,1797942,0
rv1596,1797951,0
rv1596,1798169,0
rv1596,1798190,21.1
rv1596,1798246,5985.2
rv1596,1798250,3504.1
rv1599,1799595,0
rv1599,1799601,0
rv1599,1799693,0
rv1599,1799966,0
rv1599,1799974,0
rv1599,1799998,0
rv1599,1800062,0
rv1599,1800187,0
rv1599,1800256,0
rv1599,1800330,0
rv1599,1800381,0
rv1599,1800483,11
rv1599,1800583,0
rv1599,1800697,0
rv1599,1800719,0
rv1599,1800799,1.3
rv1599,1800884,0
rv1600,1800926,0
rv1600,1800965,0
rv1600,1800975,0
rv1600,1800991,0
rv1600,1801003,0
rv1600,1801037,0
rv1600,1801101,0
rv1600,1801146,0
rv1600,1801189,0
rv1600,1801231,0
rv1600,1801256,0
rv1600,1801273,0
rv1600,1801281,0
rv1600,1801418,0
rv1600,1801424,0
rv1600,1801453,0
rv1600,1801466,0
rv1600,1801512,0
rv1600,1801560,0
rv1600,1801629,0
rv1600,1801640,0
rv1600,1801683,0
rv1600,1801786,0
rv1600,1801887,0
rv1600,1801932,0
rv1600,1802032,170.7
rv1601,1802068,0
rv1601,1802083,0
rv1601,1802095,0
rv1601,1802110,0
rv1601,1802137,0
rv1601,1802174,1.3
rv1601,1802313,0
rv1601,1802394,0
rv1601,1802408,0
rv1601,1802419,0
rv1601,1802452,0
rv1601,1802474,0
rv1601,1802552,0
rv1601,1802572,2.9
rv1601,1802588,0
rv1602,1802690,0
rv1602,1802701,0
rv1602,1802747,0
rv1602,1802765,0
rv1602,1802775,0
rv1602,1802925,0
rv1602,1803103,0
rv1602,1803118,2.9
rv1602,1803172,0
rv1602,1803263,0
rv1602,1803289,293
rv1603,1803314,1.3
rv1603,1803391,0
rv1603,1803527,0
rv1603,1803539,0
rv1603,1803549,0
rv1603,1803767,0
rv1603,1803776,0
rv1603,1803813,0
rv1603,1803988,0
rv1603,1804036,227.20000000000002
rv1604,1804162,221
rv1604,1804188,692
rv1604,1804293,214.2
rv1604,1804322,3568.4
rv1604,1804421,1526.8
rv1604,1804423,1037.5
rv1604,1804461,409.6
rv1604,1804556,36.2
rv1604,1804653,0
rv1604,1804668,2099.9
rv1604,1804716,559.4
rv1604,1804836,1769.6
rv1604,1804853,383.3
rv1605,1804863,0
rv1605,1804903,0
rv1605,1805007,0
rv1605,1805140,11
rv1605,1805170,1.3
rv1605,1805363,0
rv1605,1805506,0
rv1606,1805698,0
rv1606,1805716,0
rv1606,1805791,0
rv1606,1805816,20.1
rv1606,1805819,0
rv1606,1805916,11
rv1606,1805953,0
rv1606,1805991,0
rv1606,1806005,1095.3
rv1607,1806246,696.3
rv1607,1806288,490.1
rv1607,1806303,176.2
rv1607,1806545,526
rv1607,1806663,1243
rv1607,1806710,2776
rv1607,1806759,136.2
rv1607,1807040,3679
rv1607,1807060,1171.9
rv1607,1807244,3658.2
rv1608c,1807306,18.7
rv1608c,1807335,1424.1000000000001
rv1608c,1807394,4664.6
rv1608c,1807510,408.4
rv1608c,1807663,2482.7
rv1608c,1807692,287
rv1608c,1807703,1599.4
rv1608c,1807749,40.3
rv1608c,1807769,2655.6
rv1609,1808030,0
rv1609,1808059,0
rv1609,1808113,0
rv1609,1808163,0
rv1609,1808245,0
rv1609,1808312,0
rv1609,1808492,0
rv1609,1808547,0
rv1609,1808615,0
rv1609,1808633,0
rv1609,1808726,0
rv1609,1808742,0
rv1609,1808759,0
rv1609,1808765,0
rv1609,1808769,0
rv1609,1808785,0
rv1609,1808838,0
rv1609,1809038,11
rv1609,1809056,0
rv1609,1809224,0
rv1609,1809242,0
rv1609,1809301,0
rv1609,1809314,0
rv1609,1809359,0
rv1609,1809365,0
rv1609,1809458,1671.3
rv1611,1810386,0
rv1611,1810429,0
rv1611,1810487,0
rv1611,1810622,0
rv1611,1810732,0
rv1611,1810756,0
rv1611,1810810,10.1
rv1611,1810863,0
rv1611,1810937,0
rv1611,1810968,11
rv1611,1811023,0
rv1611,1811063,0
rv1612,1811218,0
rv1612,1811266,0
rv1612,1811306,0
rv1612,1811326,0
rv1612,1811350,0
rv1612,1811421,0
rv1612,1811572,0
rv1612,1811606,0
rv1612,1811728,0
rv1612,1811731,0
rv1612,1811742,0
rv1612,1811892,0
rv1612,1811924,0
rv1612,1812028,0
rv1612,1812091,0
rv1612,1812145,10.1
rv1612,1812219,0
rv1612,1812257,0
rv1613,1812395,0
rv1613,1812453,0
rv1613,1812468,0
rv1613,1812508,0
rv1613,1812530,0
rv1613,1812549,0
rv1613,1812629,0
rv1613,1812634,0
rv1613,1812656,0
rv1613,1812676,0
rv1613,1812687,0
rv1613,1812708,0
rv1613,1812906,0
rv1613,1813000,0
rv1613,1813059,0
rv1613,1813102,0
rv1613,1813118,0
rv1613,1813156,98.5
rv1613,1813162,36.2
rv1614,1813196,1.3
rv1614,1813198,41
rv1614,1813226,0
rv1614,1813239,0
rv1614,1813253,0
rv1614,1813267,0
rv1614,1813343,0
rv1614,1813394,0
rv1614,1813405,0
rv1614,1813421,0
rv1614,1813497,0
rv1614,1813600,0
rv1614,1813619,0
rv1614,1813637,0
rv1614,1813654,0
rv1614,1813679,0
rv1614,1813772,0
rv1614,1813797,0
rv1614,1813814,0
rv1614,1813862,0
rv1614,1813874,0
rv1614,1813927,0
rv1614,1813972,0
rv1614,1813988,0
rv1614,1814045,6567.8
rv1614,1814232,1072.8
rv1614,1814287,0
rv1617,1816316,36.5
rv1617,1816337,20.9
rv1617,1816353,0
rv1617,1816520,56.6
rv1617,1816530,0
rv1617,1816929,65.2
rv1617,1816965,19.5
rv1617,1817139,0
rv1617,1817147,38.3
rv1617,1817261,0
rv1617,1817329,28.3
rv1617,1817356,2.2
rv1617,1817510,34.9
rv1617,1817612,859.2
rv1618,1817633,5606.5999999999995
rv1618,1817659,3473
rv1618,1817668,1431.7
rv1618,1817788,240
rv1618,1817803,2547.3
rv1618,1817875,3037.5
rv1618,1817923,756.6999999999999
rv1618,1817961,9148
rv1618,1818023,2437
rv1618,1818057,511.99999999999994
rv1618,1818111,509.5
rv1618,1818133,1081
rv1618,1818162,3837
rv1618,1818187,1836.1999999999998
rv1618,1818234,8789.1
rv1618,1818269,2719.7
rv1618,1818372,2696.7
rv1618,1818483,2498.9
rv1618,1818522,932.9
rv1620c,1820045,591.8000000000001
rv1620c,1820093,88.9
rv1620c,1820110,191.1
rv1620c,1820413,0
rv1620c,1820422,66.2
rv1620c,1820459,235.70000000000002
rv1620c,1820488,22.900000000000002
rv1620c,1820606,189.9
rv1620c,1820666,0
rv1620c,1820677,118.7
rv1620c,1820681,156.79999999999998
rv1620c,1820798,62.6
rv1620c,1821026,1915.6000000000001
rv1620c,1821188,1943.6
rv1620c,1821236,23.4
rv1620c,1821260,0
rv1620c,1821384,3539.5
rv1620c,1821388,5121.6
rv1620c,1821450,1123
rv1621c,1821934,1452.2
rv1621c,1821963,99.69999999999999
rv1621c,1821988,844.9
rv1621c,1821991,1384
rv1621c,1822212,5847.8
rv1621c,1822286,4514.1
rv1621c,1822475,14243.699999999999
rv1621c,1822492,1918.2
rv1621c,1822543,182.29999999999998
rv1621c,1822735,2825.7
rv1621c,1822788,781.5
rv1621c,1822794,1092.8
rv1621c,1822825,968.5
rv1621c,1822871,2437.3
rv1621c,1822934,712.4
rv1621c,1822946,600.5
rv1621c,1822974,200
rv1621c,1823032,0
rv1621c,1823104,500.2
rv1621c,1823161,223.7
rv1622c,1823403,828.3
rv1622c,1823440,98.6
rv1622c,1823455,196.6
rv1622c,1823512,449.59999999999997
rv1622c,1823531,0
rv1622c,1823541,958
rv1622c,1823584,1887.5
rv1622c,1823625,1195.8
rv1622c,1823673,2710.3
rv1622c,1823740,380.90000000000003
rv1622c,1823802,22.099999999999998
rv1622c,1823815,312.59999999999997
rv1622c,1823869,368.2
rv1622c,1823914,1204.3
rv1622c,1823964,104.10000000000001
rv1622c,1824116,648.8
rv1622c,1824145,3289.8
rv1622c,1824169,1038.5
rv1622c,1824192,1190.7
rv1622c,1824290,495.29999999999995
rv1622c,1824345,5911.9
rv1622c,1824402,2125.5
rv1623c,1824441,2226.5
rv1623c,1824461,3742.9
rv1623c,1824531,13266.9
rv1623c,1824566,2688.2999999999997
rv1623c,1824573,1575
rv1623c,1824676,458.7
rv1623c,1824758,2043.8
rv1623c,1824882,5107.2
rv1623c,1824906,824.3
rv1623c,1824933,3318.7999999999997
rv1623c,1824955,265.1
rv1623c,1825008,11970.8
rv1623c,1825093,0
rv1623c,1825230,9513.3
rv1623c,1825243,3542.7
rv1623c,1825345,1081.5
rv1623c,1825422,5237.4
rv1623c,1825647,1075
rv1623c,1825752,151
rv1623c,1825765,177.3
rv1623c,1825829,813.2
rv1623c,1825845,6476.4
rv1623c,1825858,368.90000000000003
rv1625c,1826675,1099.4
rv1625c,1826694,4826.4
rv1625c,1826708,3636.1
rv1625c,1826729,12765.9
rv1625c,1826775,2263.8
rv1625c,1826862,3201.4
rv1625c,1827007,3479.1
rv1625c,1827048,17408
rv1625c,1827114,2774.7
rv1625c,1827157,1884.9
rv1625c,1827213,6062.2
rv1625c,1827217,1298.1
rv1625c,1827247,2012.6
rv1625c,1827340,3441
rv1625c,1827374,98.4
rv1625c,1827410,1025.6
rv1625c,1827442,278
rv1625c,1827497,654.7
rv1625c,1827509,226.5
rv1625c,1827557,864.8
rv1625c,1827624,5086.9
rv1625c,1827643,4633.4
rv1625c,1827674,5439.5
rv1625c,1827697,496.3
rv1625c,1827729,6159.7
rv1625c,1827752,4781.6
rv1625c,1827761,980.4
rv1625c,1827779,113.1
rv1625c,1827808,9208.4
rv1625c,1827843,2771.8
rv1625c,1827920,882
rv1629,1830680,5206.1
rv1629,1830762,11
rv1629,1830819,11
rv1629,1830921,0
rv1629,1830930,0
rv1629,1831089,0
rv1629,1831158,0
rv1629,1831184,0
rv1629,1831218,0
rv1629,1831232,0
rv1629,1831239,0
rv1629,1831277,0
rv1629,1831291,0
rv1629,1831335,0
rv1629,1831649,18.299999999999997
rv1629,1831709,46.7
rv1629,1831736,516
rv1629,1831742,273.1
rv1629,1831776,0
rv1629,1831784,2.6
rv1629,1831831,0
rv1629,1831844,0
rv1629,1831944,11
rv1629,1831998,0
rv1629,1832066,0
rv1629,1832146,26.5
rv1629,1832153,354.4
rv1629,1832228,0
rv1629,1832307,0
rv1629,1832412,25.7
rv1629,1832688,11.5
rv1629,1832712,0
rv1629,1832880,0
rv1629,1832892,0
rv1629,1832907,0
rv1629,1832967,18.1
rv1629,1832997,38.2
rv1629,1833010,0
rv1629,1833036,265.6
rv1629,1833066,48.4
rv1629,1833318,9.1
rv1629,1833354,1132.9
rv1630,1833580,0
rv1630,1833595,0
rv1630,1833602,0
rv1630,1833625,0
rv1630,1833642,11
rv1630,1833717,0
rv1630,1833873,0
rv1630,1834038,0
rv1630,1834160,1.3
rv1630,1834267,0
rv1630,1834496,0
rv1630,1834653,0
rv1630,1834680,2.9
rv1630,1834698,0
rv1630,1834716,0
rv1630,1834800,0
rv1630,1834904,3.9
rv1631,1835352,0
rv1631,1835426,0
rv1631,1835481,0
rv1631,1835652,0
rv1631,1835711,0
rv1631,1835730,0
rv1631,1835789,0
rv1631,1835875,0
rv1631,1835941,0
rv1631,1836106,360.7
rv1631,1836160,73.7
rv1631,1836196,19.7
rv1633,1837349,65.7
rv1633,1837361,835.9000000000001
rv1633,1837364,2119.4
rv1633,1837370,1076
rv1633,1837373,1119.4
rv1633,1837388,4779.6
rv1633,1837390,308.5
rv1633,1837409,3739.4
rv1633,1837411,1060.7
rv1633,1837423,1206
rv1633,1837523,2904.3
rv1633,1837547,2940.8
rv1633,1837628,7964.8
rv1633,1837651,1116.9
rv1633,1837703,1687.7
rv1633,1837757,3703.7
rv1633,1837760,5370.7
rv1633,1837786,345.5
rv1633,1837822,38.300000000000004
rv1633,1837829,4381
rv1633,1837958,3867.4
rv1633,1838009,2520
rv1633,1838029,74.1
rv1633,1838066,1035.4
rv1633,1838092,0
rv1633,1838135,8325.4
rv1633,1838174,3438.4
rv1633,1838255,9911.1
rv1633,1838279,1285.6
rv1633,1838355,560.5
rv1633,1838477,2409.8
rv1633,1838507,2158.3
rv1633,1838573,4287.1
rv1633,1838613,2577.6
rv1633,1838741,6778
rv1633,1838816,996.9
rv1633,1838885,1386.2
rv1633,1839045,2172.7000000000003
rv1636,1842467,0
rv1636,1842469,0
rv1636,1842483,0
rv1636,1842519,0
rv1636,1842575,0
rv1636,1842579,0
rv1636,1842629,0
rv1636,1842656,0
rv1636,1842840,0
rv1636,1842896,1402.7
rv1638,1843845,109.30000000000001
rv1638,1843907,1585.5
rv1638,1843928,701.8
rv1638,1844063,5056.2
rv1638,1844069,2895.2
rv1638,1844084,2698.7
rv1638,1844218,76.2
rv1638,1844251,173.4
rv1638,1844270,1403.7
rv1638,1844582,19.299999999999997
rv1638,1844714,3776.3999999999996
rv1638,1844843,182.2
rv1638,1844855,259.1
rv1638,1844873,1595.3
rv1638,1844876,970.7
rv1638,1844954,542.8
rv1638,1845218,1530.9
rv1638,1845271,491.7
rv1638,1845317,2666.9
rv1638,1845370,240.4
rv1638,1845390,1.3
rv1638,1845518,48.4
rv1638,1845531,454.40000000000003
rv1638,1845560,494.3
rv1638,1845588,20.1
rv1638,1845827,1203.2
rv1638,1845896,2082.8
rv1638,1845962,758.5
rv1638,1846064,2452.1
rv1638,1846097,515.8
rv1638,1846124,3238.3
rv1638,1846211,1215.9
rv1638,1846215,4098.5
rv1638,1846244,676.4
rv1638,1846346,973.3
rv1638,1846389,3392.8
rv1638,1846435,1545
rv1638,1846456,1641
rv1638,1846577,753.1999999999999
rv1641,1852317,0
rv1641,1852356,0
rv1641,1852369,0
rv1641,1852463,0
rv1641,1852472,0
rv1641,1852478,0
rv1641,1852574,0
rv1641,1852639,0
rv1641,1852679,0
rv1641,1852718,2.8
rv1641,1852804,79.4
rv1641,1852883,3057
rv1642,1852988,0
rv1643,1853201,0
rv1643,1853260,0
rv1643,1853284,0
rv1643,1853323,0
rv1643,1853329,0
rv1643,1853349,0
rv1643,1853416,0
rv1643,1853427,11
rv1644,1853668,1781.9
rv1644,1853716,209.20000000000002
rv1644,1853743,1516.6
rv1644,1853752,8127.1
rv1644,1853855,1218.8
rv1644,1853917,17722.8
rv1644,1853986,1906.6
rv1644,1854051,9359.1
rv1644,1854083,911.9
rv1644,1854298,5010.9
rv1644,1854363,2926.7
rv1646,1855802,1570.6
rv1646,1855942,11737.7
rv1646,1855989,1217.3
rv1646,1856029,2854.2
rv1646,1856187,1281.8
rv1646,1856218,1416.2
rv1646,1856252,2013.4
rv1646,1856286,957.1
rv1646,1856341,6567.4
rv1646,1856357,7890.1
rv1646,1856438,1103.1
rv1646,1856510,124.39999999999999
rv1646,1856522,0
rv1646,1856545,611.8
rv1646,1856559,2509.3
rv1646,1856631,2880.8
rv1646,1856658,5803.8
rv1646,1856687,1357.3999999999999
rv1646,1856701,1556.4
rv1649,1858798,0
rv1649,1858919,0
rv1649,1858959,0
rv1649,1859021,0
rv1649,1859216,0
rv1649,1859223,0
rv1649,1859264,0
rv1649,1859293,0
rv1649,1859313,0
rv1649,1859333,0
rv1649,1859395,0
rv1649,1859428,0
rv1649,1859640,0
rv1650,1859772,0
rv1650,1859777,0
rv1650,1859827,0
rv1650,1859935,0
rv1650,1859954,0
rv1650,1859982,0
rv1650,1859986,0
rv1650,1860002,0
rv1650,1860013,0
rv1650,1860057,9.1
rv1650,1860097,0
rv1650,1860113,0
rv1650,1860287,0
rv1650,1860332,0
rv1650,1860381,0
rv1650,1860447,0
rv1650,1860480,0
rv1650,1860520,0
rv1650,1860557,0
rv1650,1860670,0
rv1650,1860688,0
rv1650,1860804,0
rv1650,1860822,0
rv1650,1860829,0
rv1650,1860853,9.1
rv1650,1860872,0
rv1650,1860970,0
rv1650,1861064,0
rv1650,1861078,0
rv1650,1861222,0
rv1650,1861319,1.3
rv1650,1861713,0
rv1650,1861793,0
rv1650,1861929,0
rv1650,1861979,0
rv1650,1862083,0
rv1650,1862178,0
rv1651c,1862355,667.4
rv1651c,1862375,3492.7
rv1651c,1862391,20050.5
rv1651c,1862428,3536.1
rv1651c,1862440,961.4
rv1651c,1862446,222.7
rv1651c,1862465,2770.4
rv1651c,1862468,4226.5
rv1651c,1862734,3570.8
rv1651c,1862788,1319.4
rv1651c,1862966,979.1
rv1651c,1863038,2935.2
rv1651c,1863055,1644.6000000000001
rv1651c,1863089,291.7
rv1651c,1863105,0
rv1651c,1863126,4986.6
rv1651c,1863163,6996.9
rv1651c,1863213,841.9
rv1651c,1863247,473.2
rv1651c,1863334,1121.5
rv1651c,1863436,116.8
rv1651c,1863457,247.6
rv1651c,1863553,54.3
rv1651c,1863562,33.6
rv1651c,1863592,148.4
rv1651c,1863619,198.39999999999998
rv1651c,1863655,4.3
rv1651c,1863737,925.7
rv1651c,1863778,2.6
rv1651c,1863811,879.8
rv1651c,1863904,4899.8
rv1651c,1863908,1705.3
rv1651c,1863967,2564.9
rv1651c,1864013,3260.1
rv1651c,1864021,1600.2
rv1651c,1864068,526.2
rv1651c,1864120,620.8
rv1651c,1864180,163.5
rv1651c,1864252,1863.7
rv1651c,1864296,841.6
rv1651c,1864441,0
rv1651c,1864498,2096.5
rv1651c,1864646,106.1
rv1651c,1864678,307.5
rv1651c,1864685,1490.2
rv1651c,1864824,3303.5
rv1651c,1864930,0
rv1651c,1864962,210.3
rv1651c,1865128,1343.9
rv1651c,1865130,5434.2
rv1651c,1865217,1966.4
rv1651c,1865228,1881.1
rv1651c,1865329,1718.5
rv1651c,1865336,3216
rv1651c,1865378,7838.8
rv1652,1865640,0
rv1652,1865685,0
rv1652,1865788,0
rv1652,1865955,1.3
rv1652,1865975,0
rv1652,1865985,0
rv1652,1866057,0
rv1652,1866107,0
rv1652,1866143,0
rv1652,1866213,0
rv1652,1866262,0
rv1652,1866299,0
rv1652,1866387,0
rv1652,1866399,0
rv1652,1866420,0
rv1653,1866782,0
rv1653,1867431,0
rv1653,1867753,2.8
rv1653,1867820,65.2
rv1653,1867841,1017.6
rv1654,1867951,0
rv1654,1868215,0
rv1654,1868490,0
rv1654,1868503,0
rv1655,1868796,0
rv1655,1868812,0
rv1655,1868865,0
rv1655,1868867,0
rv1655,1868976,0
rv1655,1869240,0
rv1655,1869345,0
rv1655,1869547,0
rv1655,1869619,0
rv1655,1869804,0
rv1656,1870021,0
rv1656,1870208,0
rv1656,1870385,0
rv1656,1870447,0
rv1656,1870528,0
rv1657,1871080,3927.3
rv1657,1871127,62.6
rv1657,1871224,1225
rv1657,1871359,7.9
rv1658,1871394,0
rv1658,1871434,0
rv1658,1871509,0
rv1658,1871583,0
rv1658,1871616,0
rv1658,1871628,0
rv1658,1871785,0
rv1658,1871811,0
rv1658,1871938,0
rv1658,1871973,2.8
rv1658,1871979,0
rv1658,1872183,0
rv1658,1872303,11
rv1658,1872318,0
rv1658,1872397,0
rv1658,1872447,0
rv1658,1872468,0
rv1658,1872516,0
rv1659,1872754,0
rv1659,1873243,0
rv1659,1873456,0
rv1659,1873488,0
rv1659,1873609,0
rv1659,1873750,0
rv1659,1873752,0
rv1659,1873803,0
rv1660,1874206,1090.6
rv1660,1874212,2101.9
rv1660,1874266,1284
rv1660,1874341,610.2
rv1660,1874617,837.4
rv1660,1874680,930.8
rv1660,1874689,2488.1
rv1660,1874827,1093.6
rv1660,1874854,1464.8
rv1660,1874888,1690.4
rv1660,1874920,4496.9
rv1661,1875446,0
rv1661,1875576,954.3000000000001
rv1661,1875587,5511.1
rv1661,1875589,733.3
rv1661,1875794,2038
rv1661,1875833,0
rv1661,1875881,3261.8
rv1661,1875919,45.400000000000006
rv1661,1876081,1151.2
rv1661,1876088,162.4
rv1661,1876299,281.3
rv1661,1876388,260
rv1661,1876450,627.6
rv1661,1877049,234.1
rv1661,1877056,0
rv1661,1877080,1678.5
rv1661,1877294,2120.8
rv1661,1877452,0
rv1661,1877570,50.199999999999996
rv1661,1877632,26
rv1661,1877644,140.6
rv1661,1877692,73.1
rv1661,1877714,440.4
rv1661,1877720,20.1
rv1661,1877783,0
rv1661,1877866,18.1
rv1661,1878023,148.6
rv1661,1878051,0
rv1661,1878060,459.5
rv1661,1878174,0
rv1661,1878382,0
rv1661,1878401,0
rv1661,1878545,36.2
rv1661,1878569,41.599999999999994
rv1661,1878575,0
rv1661,1878663,0
rv1661,1879070,149.2
rv1661,1879117,0
rv1661,1879264,2.9
rv1661,1879350,421.7
rv1661,1879352,1438.7
rv1661,1879374,0
rv1661,1879562,770.9
rv1661,1879626,0
rv1661,1879662,173
rv1661,1879707,173.6
rv1661,1879778,508.8
rv1661,1879852,12.9
rv1661,1879877,0
rv1661,1879924,0
rv1661,1879951,48.099999999999994
rv1661,1879957,0
rv1661,1880028,14.399999999999999
rv1661,1880076,0
rv1661,1880098,505.9
rv1661,1880110,123.3
rv1661,1880119,229
rv1661,1880165,327.5
rv1661,1880226,0
rv1661,1880238,76.4
rv1661,1880303,0
rv1661,1880329,150.3
rv1661,1880440,0
rv1661,1880627,0
rv1661,1880635,206.3
rv1661,1880707,545.6
rv1661,1880754,39.4
rv1661,1880834,746.4
rv1661,1880873,29.2
rv1661,1881000,0
rv1661,1881018,78.19999999999999
rv1661,1881060,108.2
rv1661,1881111,342.29999999999995
rv1661,1881120,151.6
rv1661,1881172,0
rv1661,1881195,114.89999999999999
rv1661,1881301,12.1
rv1661,1881419,2.6
rv1661,1881462,0
rv1661,1881478,2.2
rv1661,1881528,654
rv1661,1881689,155.1
rv1662,1881738,270.6
rv1662,1881843,0
rv1662,1881907,0
rv1662,1881984,2188.1
rv1662,1881986,191.6
rv1662,1882052,86.3
rv1662,1882090,0
rv1662,1882121,0
rv1662,1882178,744.3
rv1662,1882191,0
rv1662,1882204,80.5
rv1662,1882224,351.5
rv1662,1882231,1.3
rv1662,1882272,665.8
rv1662,1882477,737.7
rv1662,1882479,969.3
rv1662,1882779,10.5
rv1662,1882838,314.59999999999997
rv1662,1882931,8.8
rv1662,1883080,185.1
rv1662,1883425,114.19999999999999
rv1662,1883443,905.7
rv1662,1883445,204.4
rv1662,1883455,154.9
rv1662,1883561,60.699999999999996
rv1662,1883587,0
rv1662,1883633,40.3
rv1662,1883897,50.2
rv1662,1883941,0
rv1662,1883947,428
rv1662,1884014,38
rv1662,1884081,0
rv1662,1884096,0
rv1662,1884232,0
rv1662,1884244,0
rv1662,1884263,54.599999999999994
rv1662,1884384,651.4
rv1662,1884405,693.4
rv1662,1884419,235.6
rv1662,1884520,0
rv1662,1884535,0
rv1662,1884712,386.5
rv1662,1884760,412.3
rv1662,1884762,348
rv1662,1884814,602.6999999999999
rv1662,1884900,191.4
rv1662,1884924,160.8
rv1662,1884930,606.3000000000001
rv1662,1885100,83.3
rv1662,1885225,0
rv1662,1885240,17.6
rv1662,1885425,76.5
rv1662,1885433,79.8
rv1662,1885686,402.4
rv1662,1885739,0
rv1662,1885843,0
rv1662,1885897,0
rv1662,1885899,2.9
rv1662,1885972,16
rv1662,1886112,1148
rv1662,1886115,378.5
rv1662,1886122,43.5
rv1662,1886164,8.8
rv1662,1886189,890.6
rv1662,1886237,1.3
rv1662,1886413,52
rv1662,1886501,0
rv1663,1886562,8.8
rv1663,1886639,0
rv1663,1886777,0
rv1663,1886985,210.9
rv1663,1887016,16.9
rv1663,1887021,879.1999999999999
rv1663,1887143,1115.7
rv1663,1887182,2.6
rv1663,1887261,27.2
rv1663,1887313,194.6
rv1663,1887423,326.2
rv1663,1887427,301.4
rv1663,1887552,7856.799999999999
rv1663,1887555,3061
rv1663,1887559,1115
rv1663,1887716,9.2
rv1663,1887831,2736.4
rv1663,1887946,281.6
rv1663,1888025,762.4
rv1664,1888184,1152.1
rv1664,1888306,273.3
rv1664,1888330,713.2
rv1664,1888337,178
rv1664,1888386,18
rv1664,1888478,4.5
rv1664,1888598,0
rv1664,1888614,1218.9
rv1664,1888618,496
rv1664,1888645,468.09999999999997
rv1664,1888649,121.7
rv1664,1888767,30.099999999999998
rv1664,1888858,369.1
rv1664,1888977,1532
rv1664,1888986,331.90000000000003
rv1664,1889015,252
rv1664,1889030,100.6
rv1664,1889068,914.3
rv1664,1889094,166.5
rv1664,1889237,75.7
rv1664,1889262,0
rv1664,1889265,57.4
rv1664,1889318,18.1
rv1664,1889403,1803.3
rv1664,1889596,857.5
rv1664,1889605,78.7
rv1664,1889705,164.8
rv1664,1889836,917.4
rv1664,1889936,19.8
rv1664,1890050,2967.5
rv1664,1890232,89.2
rv1664,1890247,1372.4
rv1664,1890374,532.8
rv1664,1890502,827.9
rv1664,1890530,362.8
rv1664,1890602,190.5
rv1664,1890632,29.099999999999998
rv1664,1890746,233.5
rv1664,1890768,0
rv1664,1890814,133.5
rv1664,1890857,229.8
rv1664,1890891,520.4
rv1664,1890918,641.6
rv1664,1891017,448.7
rv1664,1891028,622.2
rv1664,1891044,244.4
rv1664,1891077,323.4
rv1665,1891278,432.5
rv1665,1891280,973.9
rv1665,1891325,292.5
rv1665,1891407,2070.5
rv1665,1891448,718.3
rv1665,1891683,529.4
rv1665,1891746,1750.6
rv1665,1891893,1026.1
rv1665,1891986,4711
rv1665,1891990,5882.1
rv1665,1892179,1578.5
rv1665,1892186,3308.7000000000003
rv1665,1892278,1980.3
rv1666c,1892509,308.1
rv1666c,1892590,1092.2
rv1666c,1892686,256.2
rv1666c,1892722,2596.7
rv1666c,1892827,1576.3
rv1666c,1892863,258.3
rv1666c,1892913,36.5
rv1666c,1892918,1096.3
rv1666c,1892921,89.1
rv1666c,1892942,393
rv1666c,1893108,611.4
rv1666c,1893153,2970.9
rv1666c,1893188,1050.7
rv1666c,1893220,6054.3
rv1666c,1893269,1136.3
rv1666c,1893292,4090.7
rv1666c,1893478,7527.7
rv1666c,1893484,7199.7
rv1666c,1893532,3598.5
rv1666c,1893562,0
rv1677,1901784,903.1
rv1677,1901789,10.1
rv1677,1901799,430.8
rv1677,1901850,1228.1
rv1677,1901967,64.2
rv1677,1902029,0
rv1677,1902095,445.2
rv1677,1902124,472.8
rv1677,1902141,75.8
rv1677,1902156,171.5
rv1677,1902205,375.9
rv1677,1902290,27.2
rv1679,1903534,537
rv1679,1903565,0
rv1679,1903765,1119.1000000000001
rv1679,1903816,584.4
rv1679,1903850,0
rv1679,1903930,125.39999999999999
rv1679,1903979,612.8
rv1679,1904164,776.9
rv1679,1904383,626.5
rv1679,1904392,519
rv1679,1904425,607.2
rv1681,1905264,2485.1
rv1681,1905285,2381
rv1681,1905304,576.5
rv1681,1905323,470.5
rv1681,1905477,0
rv1681,1905500,5371.4
rv1681,1905533,284.4
rv1681,1905774,1330.8
rv1681,1905778,6594.6
rv1681,1905867,2578.5
rv1681,1905874,63.1
rv1681,1906100,1229.5
rv1681,1906147,52.699999999999996
rv1681,1906182,4384
rv1681,1906191,350.7
rv1681,1906247,3094.4
rv1688,1913048,3082.4
rv1688,1913094,1963.7
rv1688,1913142,715.3
rv1688,1913196,3562.9
rv1688,1913202,674.7
rv1688,1913272,988.3
rv1688,1913276,874.8
rv1688,1913553,0
rv1688,1913595,258.09999999999997
rv1689,1913714,0
rv1689,1913740,0
rv1689,1914000,0
rv1689,1914007,0
rv1689,1914018,11
rv1689,1914025,0
rv1689,1914104,0
rv1689,1914119,0
rv1689,1914143,0
rv1689,1914265,0
rv1689,1914359,0
rv1689,1914368,0
rv1689,1914374,0
rv1689,1914410,0
rv1689,1914414,0
rv1689,1914690,0
rv1689,1914781,0
rv1689,1914831,0
rv1689,1914837,0
rv1689,1914856,0
rv1690,1915668,9.1
rv1690,1915708,885.9
rv1690,1915736,95.5
rv1690,1915830,272.7
rv1690,1915839,945.1
rv1690,1915867,1517
rv1690,1915899,404.1
rv1690,1915907,45.3
rv1694,1917978,200.8
rv1694,1918134,50
rv1694,1918155,1930.8
rv1694,1918242,1819.2
rv1694,1918289,0
rv1694,1918398,252.3
rv1694,1918429,90.80000000000001
rv1694,1918474,0
rv1694,1918661,567.6
rv1694,1918738,63.5
rv1694,1918751,0
rv1695,1918826,0
rv1695,1918835,0
rv1695,1918848,0
rv1695,1919149,0
rv1695,1919356,0
rv1695,1919486,0
rv1695,1919543,0
rv1695,1919674,267.2
rv1696,1919703,673.4
rv1696,1919761,37
rv1696,1919820,746.7
rv1696,1919893,146.2
rv1696,1919896,17.6
rv1696,1920026,46.300000000000004
rv1696,1920045,252.7
rv1696,1920085,1004.5
rv1696,1920185,0
rv1696,1920210,743
rv1696,1920258,417.3
rv1696,1920394,1492.6
rv1696,1920578,20.6
rv1696,1920651,9.2
rv1696,1920662,1222.1
rv1696,1920766,0
rv1696,1920789,123.1
rv1696,1921111,898.3000000000001
rv1696,1921188,550.7
rv1696,1921268,290.9
rv1696,1921419,1386.4
rv1696,1921451,2686.1
rv1699,1923859,0
rv1699,1923927,0
rv1699,1923954,0
rv1699,1923983,0
rv1699,1924003,0
rv1699,1924079,0
rv1699,1924126,0
rv1699,1924139,11
rv1699,1924175,0
rv1699,1924207,0
rv1699,1924221,0
rv1699,1924264,0
rv1699,1924312,0
rv1699,1924358,0
rv1699,1924406,0
rv1699,1924480,0
rv1699,1924564,0
rv1699,1924576,0
rv1699,1924604,0
rv1699,1924611,0
rv1699,1924620,0
rv1699,1924763,0
rv1699,1924773,0
rv1699,1924784,0
rv1699,1924976,0
rv1699,1925110,0
rv1699,1925167,0
rv1699,1925186,0
rv1699,1925228,0
rv1699,1925236,0
rv1699,1925267,0
rv1699,1925285,0
rv1699,1925349,0
rv1699,1925363,0
rv1699,1925477,0
rv1699,1925539,482.7
rv1699,1925571,0
rv1704c,1929818,784.5
rv1704c,1929895,715.3
rv1704c,1929900,3142
rv1704c,1930014,278.6
rv1704c,1930126,318
rv1704c,1930170,2149
rv1704c,1930241,11775.8
rv1704c,1930280,1436.4
rv1704c,1930289,2944.9
rv1704c,1930382,1370.8
rv1704c,1930408,914
rv1704c,1930603,1217.4
rv1704c,1930691,3944.1
rv1704c,1930796,4367.2
rv1704c,1931096,2179.7000000000003
rv1704c,1931150,2765.2
rv1704c,1931219,3625
rv1704c,1931291,297.6
rv1704c,1931347,1719.6000000000001
rv1704c,1931388,795
rv1704c,1931451,52.9
rv1704c,1931463,14402.2
rv1705c,1931505,13.8
rv1705c,1931536,949.5
rv1705c,1931550,41.1
rv1705c,1931572,0
rv1705c,1931591,0
rv1705c,1931647,120.60000000000001
rv1705c,1931690,552.6
rv1705c,1931729,3866.5
rv1705c,1931756,1955.2
rv1705c,1931768,241.60000000000002
rv1705c,1931779,0
rv1705c,1931869,7292.4
rv1705c,1931872,2703.3
rv1705c,1931887,618.8
rv1705c,1931901,1884.9
rv1705c,1931922,2266.8
rv1705c,1931936,166.5
rv1705c,1931946,2185
rv1705c,1932059,669
rv1705c,1932201,670.5
rv1705c,1932207,6952.3
rv1705c,1932243,4858.5
rv1705c,1932292,1661
rv1705c,1932372,608.8000000000001
rv1705c,1932447,4283.4
rv1705c,1932528,567.1
rv1705c,1932615,11016.8
rv1706c,1932702,51.9
rv1706c,1932747,58.900000000000006
rv1706c,1932760,1105
rv1706c,1932803,2266.4
rv1706c,1932841,261.6
rv1706c,1933091,588.8
rv1706c,1933107,2120.7
rv1706c,1933155,4706.9
rv1706c,1933163,3850.1
rv1706c,1933314,1606.2
rv1706c,1933320,10356.1
rv1706c,1933356,6441.6
rv1706c,1933408,86.60000000000001
rv1706c,1933504,1989.8
rv1706c,1933529,40.3
rv1706c,1933543,1837.4
rv1706c,1933644,2894.9
rv1706c,1933729,3620.9
rv1706c,1933731,19944.8
rv1706c,1933735,17174.4
rv1706c,1933760,1811.3999999999999
rv1712,1939616,6.5
rv1712,1939628,37.3
rv1712,1939682,2.9
rv1712,1939726,103.6
rv1712,1939776,0
rv1712,1939820,2.9
rv1712,1939825,20.6
rv1712,1939849,13.1
rv1712,1939880,16.9
rv1712,1939934,0
rv1712,1940122,835.4
rv1712,1940132,52.3
rv1712,1940229,239.7
rv1713,1940338,0
rv1713,1940386,0
rv1713,1940462,0
rv1713,1940493,0
rv1713,1940527,0
rv1713,1940678,0
rv1713,1940912,1.3
rv1713,1941102,11
rv1713,1941202,0
rv1713,1941232,0
rv1713,1941243,0
rv1713,1941579,0
rv1715,1942823,0
rv1715,1942865,354.9
rv1715,1942877,317.2
rv1715,1943076,292.5
rv1715,1943121,285.8
rv1715,1943279,175.3
rv1715,1943291,218.4
rv1715,1943347,1664.7
rv1715,1943466,0
rv1715,1943578,304.9
rv1731,1957722,17
rv1731,1957800,1312.5
rv1731,1957915,97.30000000000001
rv1731,1958032,227.6
rv1731,1958035,763
rv1731,1958070,304.8
rv1731,1958096,108.5
rv1731,1958116,2411.6
rv1731,1958158,2136.2
rv1731,1958172,2512.2
rv1731,1958208,11.4
rv1731,1958245,1582.4
rv1731,1958275,401.59999999999997
rv1731,1958302,2299.7
rv1731,1958362,1352.3
rv1731,1958427,304.7
rv1731,1958566,998.7
rv1731,1958644,329.8
rv1731,1958667,3102.4
rv1731,1958785,442.7
rv1731,1958866,158.9
rv1731,1958917,362.6
rv1731,1959013,275.2
rv1731,1959106,884.7
rv1731,1959197,1080.1
rv1736c,1962262,335.2
rv1736c,1962287,714.5
rv1736c,1962296,2812
rv1736c,1962311,321.1
rv1736c,1962337,1974.3
rv1736c,1962398,868.1999999999999
rv1736c,1962401,753.9
rv1736c,1962442,1196.5
rv1736c,1962482,293.5
rv1736c,1962488,6849.5999999999995
rv1736c,1962563,3478.8
rv1736c,1962588,691.7
rv1736c,1962623,515.1
rv1736c,1962636,188.6
rv1736c,1962695,1177.2
rv1736c,1962753,0
rv1736c,1962827,2160
rv1736c,1962866,1441.2
rv1736c,1962872,0
rv1736c,1962914,2056.9
rv1736c,1962964,1150.7
rv1736c,1962986,659.3
rv1736c,1963040,6.9
rv1736c,1963154,4917.9
rv1736c,1963214,1735.5
rv1736c,1963223,997.6
rv1736c,1963262,332
rv1736c,1963391,218.60000000000002
rv1736c,1963502,982.5
rv1736c,1963511,1452.8
rv1736c,1963537,1012.5
rv1736c,1963622,2391.1
rv1736c,1963718,203.29999999999998
rv1736c,1963799,2089.2
rv1736c,1963826,1207.6
rv1736c,1963853,2979.4
rv1736c,1963859,1045.6
rv1736c,1963901,3371.1
rv1736c,1963931,381.8
rv1736c,1963976,1950.1
rv1736c,1964057,931.2
rv1736c,1964097,25.900000000000002
rv1737c,1964239,2495.9
rv1737c,1964243,1173.2
rv1737c,1964290,592
rv1737c,1964311,575.4
rv1737c,1964341,137.1
rv1737c,1964668,1255.4
rv1737c,1964683,4255.1
rv1737c,1964695,1309.3
rv1737c,1964734,497.3
rv1737c,1964818,1726
rv1737c,1964913,1036.2
rv1737c,1964963,315.2
rv1737c,1965004,1978.1
rv1737c,1965088,322.3
rv1737c,1965283,1241.5
rv1743,1969040,1882.3999999999999
rv1743,1969056,125.60000000000001
rv1743,1969101,6044.4
rv1743,1969141,1947.6
rv1743,1969190,5080.9000000000005
rv1743,1969278,6375.9
rv1743,1969451,12
rv1743,1969470,6104.8
rv1743,1969548,10384.9
rv1743,1969551,13916.3
rv1743,1969590,1400.9
rv1743,1969605,1308.7
rv1743,1969626,5964.4
rv1743,1969653,1751.3
rv1743,1969720,715.5
rv1743,1969730,626.5
rv1743,1969791,9783
rv1743,1969928,0
rv1743,1970075,171
rv1743,1970189,2986.1
rv1743,1970265,3276.5
rv1743,1970276,38.800000000000004
rv1743,1970282,20.1
rv1743,1970316,1077.3
rv1743,1970361,4823.3
rv1743,1970388,8583.1
rv1743,1970395,2671.9
rv1743,1970421,1858.3
rv1743,1970433,1365
rv1743,1970443,378.1
rv1743,1970552,6648.3
rv1743,1970636,1006.6
rv1743,1970673,3909.9
rv1743,1970709,66
rv1745c,1971411,0
rv1745c,1971469,2109.1
rv1745c,1971498,281.7
rv1745c,1971510,213.5
rv1745c,1971521,418.5
rv1745c,1971613,350.9
rv1745c,1971653,190
rv1745c,1971664,0
rv1745c,1971735,842.9
rv1745c,1971747,0
rv1745c,1971792,121.4
rv1745c,1971862,2670.4
rv1745c,1971985,36.7
rv1746,1972223,4981.1
rv1746,1972269,3202.4
rv1746,1972301,420.9
rv1746,1972437,5540.2
rv1746,1972457,741
rv1746,1972523,2770.6
rv1746,1972694,1086.3
rv1746,1972714,2425.5
rv1746,1972748,6877
rv1746,1972755,234.79999999999998
rv1746,1972934,341.3
rv1746,1973208,13.1
rv1746,1973366,2562
rv1750c,1977979,1093
rv1750c,1978010,2526.7999999999997
rv1750c,1978139,2691.9
rv1750c,1978155,268.9
rv1750c,1978162,1488.5
rv1750c,1978259,1704
rv1750c,1978277,1191.1
rv1750c,1978293,30.7
rv1750c,1978296,509.1
rv1750c,1978304,610
rv1750c,1978309,253.2
rv1750c,1978312,55.099999999999994
rv1750c,1978354,143.7
rv1750c,1978388,369.5
rv1750c,1978412,53.2
rv1750c,1978433,3970
rv1750c,1978478,3494.6
rv1750c,1978481,265.5
rv1750c,1978525,2783.6
rv1750c,1978604,2407.2
rv1750c,1978821,924.2
rv1750c,1978823,1460.1
rv1750c,1978844,1604.7
rv1750c,1978851,8424.2
rv1750c,1978853,9699.1
rv1750c,1978865,376.59999999999997
rv1750c,1978987,6277
rv1750c,1978991,9341.5
rv1750c,1979034,473.7
rv1750c,1979056,2064.1
rv1750c,1979071,2.2
rv1750c,1979144,9.1
rv1750c,1979199,1240.3
rv1750c,1979227,699.3
rv1750c,1979345,4001.7000000000003
rv1750c,1979391,875.0999999999999
rv1750c,1979412,121.5
rv1750c,1979480,360.4
rv1750c,1979510,320.40000000000003
rv1750c,1979536,99.3
rv1753c,1981622,1363.2
rv1753c,1981665,312.7
rv1753c,1981693,0
rv1753c,1981765,492.4
rv1753c,1981784,285.4
rv1753c,1981922,2483.5
rv1753c,1982260,577.1
rv1753c,1982352,575.2
rv1753c,1982397,0
rv1753c,1982419,2.2
rv1753c,1982457,11
rv1753c,1982474,57.1
rv1753c,1982497,0
rv1753c,1982538,0
rv1753c,1982541,465
rv1753c,1982590,10.1
rv1753c,1982595,11
rv1753c,1982602,117.7
rv1753c,1982617,0
rv1753c,1982623,12
rv1753c,1982628,137.7
rv1753c,1982638,0
rv1753c,1982656,171.5
rv1753c,1982701,0
rv1753c,1982712,508.8
rv1753c,1982716,1735.5
rv1753c,1982725,1047.1
rv1753c,1982730,0
rv1753c,1982748,18.1
rv1753c,1982758,4.3
rv1753c,1982775,40.3
rv1753c,1982779,2.2
rv1753c,1982808,0
rv1753c,1982823,95.69999999999999
rv1753c,1982854,18
rv1753c,1982865,1296.3
rv1753c,1982893,850.2
rv1753c,1983337,2124.9
rv1753c,1983367,125.6
rv1753c,1983376,790.1
rv1753c,1983411,1755.1
rv1753c,1983414,2144.3
rv1753c,1983449,426.4
rv1753c,1983492,167.4
rv1753c,1983507,119.8
rv1753c,1983528,0
rv1753c,1983555,509.6
rv1753c,1983615,766.9
rv1753c,1983617,434.5
rv1753c,1983666,364.1
rv1753c,1983675,34.7
rv1753c,1983741,0
rv1753c,1983873,143.8
rv1753c,1984014,1204.7
rv1753c,1984017,38.4
rv1753c,1984038,0
rv1753c,1984047,18.5
rv1753c,1984073,178.1
rv1753c,1984150,3239.1
rv1753c,1984192,1794.6
rv1753c,1984275,562.8
rv1753c,1984322,2825
rv1753c,1984364,2278.7
rv1753c,1984501,64.3
rv1753c,1984568,3800.9
rv1753c,1984738,768.1
rv1753c,1984768,204.79999999999998
rv1758,1989111,1461.8
rv1758,1989121,1366.3
rv1758,1989133,233.4
rv1758,1989171,887.8
rv1758,1989175,3358.5
rv1758,1989276,113.4
rv1758,1989431,9798
rv1758,1989433,8576.1
rv1758,1989483,3211.6
rv1758,1989507,1533.7
rv1758,1989514,259.59999999999997
rv1758,1989571,1162.2
rv1759c,1989841,1904.9
rv1759c,1989873,1749
rv1759c,1990030,252.2
rv1759c,1990076,186.6
rv1759c,1990183,871.9000000000001
rv1759c,1990216,1513.9
rv1759c,1990335,654.6
rv1759c,1990399,900.9
rv1759c,1990489,508.2
rv1759c,1990616,102.5
rv1759c,1990742,30.2
rv1759c,1990985,0
rv1759c,1991087,6899.3
rv1759c,1991089,2574.1
rv1759c,1991462,7.9
rv1759c,1991489,1023.3
rv1759c,1991570,168.9
rv1759c,1991579,0
rv1759c,1991912,216.7
rv1759c,1991939,0
rv1759c,1992227,6.5
rv1759c,1992236,0
rv1759c,1992257,20.5
rv1759c,1992325,917.3000000000001
rv1759c,1992400,1695.5
rv1759c,1992531,902.2
rv1759c,1992554,3694.6
rv1768,2000627,10325.1
rv1768,2000695,3189.3
rv1768,2000760,2027.3
rv1768,2000772,1194.3
rv1768,2000804,3928.6
rv1768,2000872,1440.8
rv1768,2000879,3069.7
rv1768,2001004,314.7
rv1768,2001038,312.8
rv1768,2001320,3324.4
rv1768,2001688,0
rv1768,2001736,605.1
rv1768,2001788,1399.8
rv1768,2001838,1649.5
rv1768,2001928,526.7
rv1768,2001940,4488.1
rv1768,2001942,1632.2
rv1768,2002051,119.69999999999999
rv1768,2002085,1016.8
rv1768,2002402,4107.9000000000005
rv1768,2002446,2119.1
rv1777,2010730,36.2
rv1777,2010751,1441
rv1777,2010810,69.5
rv1777,2010819,3642.9
rv1777,2010860,386.4
rv1777,2010873,3566.2
rv1777,2010957,4950.2
rv1777,2010959,1093.4
rv1777,2010977,921.9
rv1777,2011100,939.4
rv1777,2011117,779.3000000000001
rv1777,2011195,131.4
rv1777,2011210,6001.1
rv1777,2011266,286.7
rv1777,2011282,371.3
rv1777,2011350,852.7
rv1777,2011522,116.1
rv1777,2011528,359.1
rv1777,2011547,0
rv1777,2011592,323.7
rv1777,2011611,276.5
rv1777,2011635,126.3
rv1777,2011885,706.7
rv1777,2011922,91.6
rv1777,2011948,0
rv1777,2011954,622
rv1777,2011960,709
rv1777,2011965,0
rv1781c,2015445,30.1
rv1781c,2015541,1634.8999999999999
rv1781c,2015547,1151.7
rv1781c,2015678,1305
rv1781c,2015705,3349.2000000000003
rv1781c,2015724,528.8
rv1781c,2015772,3612
rv1781c,2015870,4130
rv1781c,2015873,8835.699999999999
rv1781c,2015877,7902.9
rv1781c,2015885,294.7
rv1781c,2015982,2437.8
rv1781c,2015991,23008.7
rv1781c,2016065,567
rv1781c,2016117,5048.2
rv1781c,2016468,3573.6
rv1781c,2016526,8.8
rv1781c,2016540,1225.5
rv1781c,2016732,4464.5
rv1781c,2016768,1240.8
rv1781c,2016817,220.20000000000002
rv1781c,2016846,1649.6
rv1781c,2016939,4086.7999999999997
rv1781c,2017065,102
rv1781c,2017293,3598.1
rv1781c,2017381,7881.5
rv1781c,2017422,5055.5
rv1785c,2023466,402.6
rv1785c,2023480,595.3
rv1785c,2023508,1728.7
rv1785c,2023521,847.8
rv1785c,2023586,117.39999999999999
rv1785c,2023595,160.5
rv1785c,2023721,583.3
rv1785c,2023780,208.8
rv1785c,2023913,101.89999999999999
rv1785c,2023946,1462.3000000000002
rv1785c,2024067,1895.3
rv1785c,2024187,1257.6000000000001
rv1785c,2024275,980.3000000000001
rv1785c,2024303,275.9
rv1785c,2024334,4141.7
rv1785c,2024355,153
rv1785c,2024490,3506.1
rv1785c,2024493,3790.1
rv1785c,2024570,461.5
rv1785c,2024580,927.5
rv1785c,2024594,658
rv1785c,2024598,2155.7
rv1787,2025324,31.5
rv1787,2025349,9424
rv1787,2025353,11916.5
rv1787,2025440,668.9
rv1787,2025453,692.3
rv1787,2025521,14257.1
rv1787,2025596,2372.1
rv1787,2025637,1170.9
rv1787,2025725,1633.6000000000001
rv1787,2025757,14730
rv1787,2025761,25522.6
rv1787,2025767,2091.1
rv1787,2025964,674.3
rv1787,2026010,1091.5
rv1787,2026106,452.9
rv1787,2026264,567.3
rv1787,2026314,580.8
rv1787,2026336,1010.5
rv1787,2026358,1615
rv1787,2026403,585
rv1788,2026498,3296.4
rv1788,2026667,6305.7
rv1788,2026722,6367.2
rv1788,2026742,7893.1
rv1788,2026750,1372.5
rv1788,2026781,557.3
rv1789,2026842,6893.9
rv1789,2026929,575.5
rv1789,2026969,7636
rv1789,2027010,6065.5
rv1789,2027214,1148
rv1789,2027250,15827.199999999999
rv1789,2027256,3606.6
rv1789,2027297,1753.2
rv1789,2027336,1132.7
rv1789,2027369,0
rv1789,2027407,38.2
rv1789,2027453,1612
rv1789,2027544,1137.6
rv1789,2027559,12095.5
rv1789,2027561,1368.2
rv1789,2027580,6249.4000000000005
rv1789,2027830,9.2
rv1789,2027840,1772.9
rv1789,2027896,2008.1
rv1789,2027931,552.3000000000001
rv1789,2027976,622.9
rv1790,2028448,7.9
rv1790,2028473,11427.4
rv1790,2028477,10872.7
rv1790,2028564,727.1
rv1790,2028577,850.5
rv1790,2028645,16467.5
rv1790,2028720,2898.6
rv1790,2028761,1060.1
rv1790,2028849,2364.4
rv1790,2028881,17051.6
rv1790,2028885,30028.7
rv1790,2028891,2472
rv1790,2029043,220.7
rv1790,2029089,2913.3
rv1790,2029118,1761.9
rv1790,2029185,250.7
rv1790,2029390,4433.1
rv1790,2029415,649.3
rv1790,2029437,616.3
rv1790,2029460,334.7
rv1790,2029482,2658.7
rv1791,2029963,2688.7
rv1791,2029970,1279.1
rv1791,2030026,516.1
rv1791,2030050,2064.2
rv1791,2030094,1897.1
rv1791,2030169,1404.5
rv1793,2030709,1290.1
rv1793,2030713,683.1
rv1793,2030862,371.3
rv1793,2030877,454.8
rv1793,2030893,2204.3
rv1793,2030983,1897
rv1796,2033786,10.1
rv1796,2033812,15.299999999999999
rv1796,2033847,20.3
rv1796,2033934,0
rv1796,2033988,22
rv1796,2033990,15.3
rv1796,2034114,10.9
rv1796,2034208,18.1
rv1796,2034223,5.9
rv1796,2034295,0
rv1796,2034439,5.5
rv1796,2034447,0
rv1796,2034466,6.1000000000000005
rv1796,2034488,0
rv1796,2034568,10.1
rv1796,2034605,7.7
rv1796,2034615,26.5
rv1796,2034719,12.8
rv1796,2034749,30
rv1796,2034789,2.2
rv1796,2034854,5.1
rv1796,2034948,32.1
rv1796,2035004,13.6
rv1796,2035103,0
rv1796,2035171,5.9
rv1796,2035178,46.7
rv1796,2035200,12
rv1796,2035226,17.2
rv1796,2035269,4.2
rv1796,2035385,24.3
rv1796,2035396,2.8
rv1796,2035429,23
rv1796,2035435,75.2
rv1796,2035454,2.9
rv1799,2039180,948.8
rv1799,2039206,510.2
rv1800,2039539,9.1
rv1800,2039566,52.2
rv1800,2039609,253.60000000000002
rv1800,2039679,4210.4000000000005
rv1800,2039746,118.5
rv1800,2039827,1682.7
rv1800,2039883,14002.5
rv1800,2039891,6843.1
rv1800,2039925,487
rv1800,2039928,6154.9
rv1800,2039980,353.3
rv1800,2040136,698.1
rv1800,2040150,5299.9000000000005
rv1800,2040174,4803.1
rv1800,2040200,196.8
rv1800,2040234,67.7
rv1800,2040354,121.6
rv1800,2040382,5073.2
rv1800,2040552,1112.4
rv1800,2040567,7113.2
rv1800,2040579,1574.7
rv1800,2040606,28.5
rv1800,2040651,7879.9000000000005
rv1800,2040654,7153.3
rv1800,2040669,3575
rv1800,2040719,2244.1
rv1800,2040744,3799.6
rv1800,2040747,19797.3
rv1800,2040778,2346.1
rv1800,2040854,2877.1
rv1800,2040864,1561.7
rv1800,2040879,3565
rv1800,2040885,1597.8999999999999
rv1800,2041002,644.2
rv1800,2041076,551.2
rv1800,2041111,1556
rv1800,2041130,103.7
rv1800,2041176,2538.4
rv1800,2041236,3472.2999999999997
rv1800,2041314,73
rv1801,2042024,151.5
rv1801,2042053,17249.6
rv1801,2042055,2443.9
rv1801,2042140,468
rv1801,2042153,1782.1
rv1801,2042218,12186.3
rv1801,2042285,2588.7
rv1801,2042293,1331.3
rv1801,2042340,614.4
rv1801,2042422,10587.3
rv1801,2042458,2712.2
rv1801,2042464,987.8
rv1801,2042526,1156.3
rv1801,2042700,388.9
rv1801,2042752,1386.5
rv1801,2042768,634.7
rv1801,2042791,5586.7
rv1801,2042798,578
rv1801,2042819,0
rv1801,2042840,187.6
rv1801,2042916,401.90000000000003
rv1801,2042967,226.89999999999998
rv1801,2042996,414.7
rv1801,2043165,655.5
rv1801,2043260,406.7
rv1801,2043277,586.3
rv1802,2043407,2269.5
rv1802,2043436,8994.2
rv1802,2043503,2700
rv1802,2043523,3688.3
rv1802,2043601,8502.7
rv1802,2043676,459.3
rv1802,2043805,359.5
rv1802,2043841,11833.5
rv1802,2043847,2349.2999999999997
rv1802,2044030,6669.5
rv1802,2044078,1288.1
rv1802,2044093,3669.5
rv1802,2044095,8311.5
rv1802,2044146,0
rv1802,2044157,3090.7000000000003
rv1802,2044160,4030.9
rv1802,2044247,1126.9
rv1802,2044310,104.8
rv1802,2044449,3481
rv1802,2044685,4445.1
rv1802,2044766,2071
rv1802,2044780,111.5
rv1803c,2044931,10.1
rv1803c,2045028,0
rv1803c,2045049,375.9
rv1803c,2045112,0
rv1803c,2045250,49.400000000000006
rv1803c,2045260,2327.8
rv1803c,2045316,2187.7
rv1803c,2045326,2094.5
rv1803c,2045421,869.4
rv1803c,2045442,1222.4
rv1803c,2045465,3798.2
rv1803c,2045467,15289.800000000001
rv1803c,2045592,1548.9
rv1803c,2045607,834.4
rv1803c,2045617,1493.4
rv1803c,2045784,3283.7
rv1803c,2045787,1375.9
rv1803c,2045848,244.1
rv1803c,2045868,0
rv1803c,2045875,0
rv1803c,2046016,1226.2
rv1803c,2046054,3560.2
rv1803c,2046233,8531.9
rv1803c,2046339,9.1
rv1803c,2046346,915.5
rv1803c,2046416,2226.7
rv1803c,2046418,4511.9
rv1803c,2046480,625.2
rv1803c,2046584,2292.3
rv1803c,2046659,5763.4
rv1803c,2046727,610.1999999999999
rv1803c,2046736,0
rv1803c,2046768,218.5
rv1803c,2046783,2728.1
rv1803c,2046790,4046.1
rv1806,2048152,113.5
rv1806,2048218,510.1
rv1806,2048262,513.7
rv1806,2048337,58.599999999999994
rv1806,2048345,30.2
rv1806,2048376,251.7
rv1808,2049944,1621
rv1808,2049957,2044.2
rv1808,2049973,2431.8
rv1808,2050028,48.3
rv1808,2050042,3677.2
rv1808,2050060,6788
rv1808,2050088,5027.9
rv1808,2050141,13417.2
rv1808,2050155,2219.3
rv1808,2050216,1979.9
rv1808,2050253,493.1
rv1808,2050277,4510.2
rv1808,2050345,4716.5
rv1808,2050381,32452.3
rv1808,2050387,7406.5
rv1808,2050553,494.2
rv1808,2050641,2930.9
rv1808,2050666,2980.7
rv1808,2050689,3060
rv1808,2050691,8911.1
rv1808,2050733,2178.3
rv1808,2050763,1358.3
rv1808,2050811,111.8
rv1808,2050822,6012.7
rv1808,2050824,2119.4
rv1808,2050833,3680.7
rv1808,2050882,4722.5
rv1808,2050952,1111.9
rv1808,2051144,1166.5
rv1809,2051334,20834.6
rv1809,2051338,8077.6
rv1809,2051421,5448.6
rv1809,2051480,512.5
rv1809,2051502,19505.899999999998
rv1809,2051522,250.5
rv1809,2051577,191.4
rv1809,2051641,1815.7
rv1809,2051706,4071.4
rv1809,2051748,1497.7
rv1809,2051863,2618.5
rv1809,2051973,3223.7
rv1809,2051999,1365.5
rv1809,2052033,3672.2000000000003
rv1809,2052209,1138.6
rv1809,2052277,39.3
rv1809,2052299,1403.1
rv1809,2052316,2600.9
rv1809,2052447,3868.4
rv1809,2052532,3153.4
rv1809,2052572,1166.2
rv1809,2052631,3939
rv1809,2052674,588.5
rv1811,2053515,763.4
rv1811,2053587,7215.4000000000005
rv1811,2053603,1739.6
rv1811,2053648,6962.0999999999995
rv1811,2053894,1277.3
rv1811,2053901,2291.2
rv1811,2053933,23254.7
rv1811,2053937,22093
rv1811,2053947,2295
rv1811,2053989,2790.1
rv1811,2053991,11666.699999999999
rv1811,2054039,14612.2
rv1811,2054055,1018.1
rv1811,2054069,2921.7
rv1811,2054110,3051.5
rv1811,2054125,2930.1
rv1814,2056541,1589.3
rv1814,2056565,6829.1
rv1814,2056626,619.5
rv1814,2056657,7256.2
rv1814,2056706,23.7
rv1814,2056747,1459.5
rv1814,2056759,13324.3
rv1814,2056765,10962.6
rv1814,2056801,10914.2
rv1814,2056840,6723.2
rv1814,2056843,15149.4
rv1814,2056849,4905.2
rv1814,2056887,647.3
rv1814,2056915,3324.4
rv1814,2057044,7570
rv1814,2057109,2518.1
rv1814,2057152,6549.1
rv1814,2057167,11508
rv1814,2057205,609.1
rv1814,2057222,3642.4
rv1814,2057236,3878.7
rv1814,2057293,3579.7
rv1814,2057350,5240.3
rv1814,2057391,3723.9
rv1814,2057428,968.2
rv1818c,2061186,100
rv1818c,2061191,161.79999999999998
rv1818c,2061211,825
rv1818c,2061253,1149.5
rv1818c,2061511,0
rv1818c,2061557,472
rv1818c,2061601,0
rv1818c,2061880,757.8
rv1818c,2062048,98.8
rv1818c,2062104,556.6
rv1818c,2062157,2236.6
rv1818c,2062324,5.7
rv1818c,2062388,575.9
rv1818c,2062422,3489.9
rv1818c,2062497,2633.9
rv1818c,2062621,32.4
rv1818c,2062649,659
rv1820,2064853,693.7
rv1820,2064868,2784.9
rv1820,2064880,2257.6
rv1820,2064926,3853
rv1820,2065150,834.5
rv1820,2065213,496.3
rv1820,2065368,757.1
rv1820,2065456,5447
rv1820,2065668,2890.6
rv1820,2065751,2575.6
rv1820,2065910,3539.7999999999997
rv1820,2065947,5187.9
rv1820,2065954,10.1
rv1820,2065979,4556.4
rv1820,2066003,13354.7
rv1820,2066063,445.40000000000003
rv1820,2066243,20889.8
rv1820,2066249,918.9
rv1820,2066285,957.1
rv1820,2066423,3896.4
rv1821,2066505,5996.5
rv1821,2066542,2497.9
rv1821,2066657,1451
rv1821,2066674,1575.4
rv1821,2066715,1003.3
rv1821,2066763,50.2
rv1821,2066929,328.6
rv1821,2066967,457.09999999999997
rv1821,2066974,3333.4
rv1821,2067082,3749.8
rv1821,2067100,7940.4
rv1821,2067131,2060
rv1821,2067170,183.3
rv1821,2067334,2952.2
rv1821,2067354,2.6
rv1821,2067424,1534.9
rv1821,2067508,7862.3
rv1821,2067558,267.5
rv1821,2067618,1877.3
rv1821,2067682,955
rv1821,2067734,1219.2
rv1821,2067745,1685.6
rv1821,2067767,207.1
rv1821,2067814,4104.3
rv1821,2067897,10.1
rv1821,2068021,1209.9
rv1821,2068166,107.39999999999999
rv1821,2068326,1005
rv1821,2068367,287.5
rv1821,2068396,591.3
rv1821,2068443,393.2
rv1821,2068463,177.4
rv1821,2068497,985.1
rv1821,2068504,183.4
rv1821,2068526,1027.7
rv1821,2068570,3175.6
rv1821,2068606,938
rv1821,2068637,1173.7
rv1821,2068819,9872.2
rv1822,2069143,0
rv1822,2069174,0
rv1822,2069211,0
rv1822,2069268,0
rv1822,2069271,11
rv1822,2069324,0
rv1822,2069341,0
rv1822,2069386,0
rv1822,2069433,0
rv1822,2069457,0
rv1822,2069468,0
rv1822,2069476,0
rv1822,2069590,0
rv1822,2069594,0
rv1822,2069600,0
rv1822,2069621,0
rv1822,2069659,2977.3
rv1826,2071967,4.3
rv1826,2071986,0
rv1826,2072052,11
rv1826,2072092,0
rv1826,2072099,0
rv1826,2072169,0
rv1826,2072186,0
rv1826,2072247,11
rv1826,2072340,0
rv1832,2076014,0
rv1832,2076117,0
rv1832,2076151,0
rv1832,2076154,0
rv1832,2076211,11
rv1832,2076213,0
rv1832,2076220,8.8
rv1832,2076229,0
rv1832,2076243,0
rv1832,2076468,0
rv1832,2076739,0
rv1832,2076823,0
rv1832,2076925,0
rv1832,2076934,0
rv1832,2076993,0
rv1832,2077033,0
rv1832,2077142,0
rv1832,2077202,11.4
rv1832,2077224,0
rv1832,2077279,0
rv1832,2077306,0
rv1832,2077326,0
rv1832,2077332,0
rv1832,2077410,0
rv1832,2077458,1.3
rv1832,2077490,0
rv1832,2077519,0
rv1832,2077542,0
rv1832,2077564,0
rv1832,2077574,0
rv1832,2077591,0
rv1832,2077746,0
rv1832,2077781,0
rv1832,2077792,0
rv1832,2077813,0
rv1832,2077868,11
rv1832,2077870,3.5
rv1832,2077952,11
rv1832,2078074,0
rv1832,2078095,0
rv1832,2078131,1.3
rv1832,2078193,0
rv1832,2078197,0
rv1832,2078221,8.8
rv1832,2078224,0
rv1832,2078236,0
rv1832,2078289,0
rv1832,2078295,0
rv1832,2078307,0
rv1832,2078344,0
rv1832,2078385,9.1
rv1832,2078572,0
rv1832,2078574,0
rv1832,2078593,0
rv1832,2078636,0
rv1832,2078656,0
rv1832,2078693,329.40000000000003
rv1832,2078707,874.1
rv1837c,2084764,129
rv1837c,2084825,717
rv1837c,2084863,0
rv1837c,2084921,11
rv1837c,2084953,0
rv1837c,2085166,0
rv1837c,2085325,0
rv1837c,2085514,0
rv1837c,2085764,1.3
rv1837c,2085808,0
rv1837c,2085861,0
rv1837c,2085891,0
rv1837c,2086030,2.6
rv1837c,2086043,0
rv1837c,2086080,0
rv1837c,2086126,0
rv1837c,2086293,0
rv1837c,2086330,0
rv1837c,2086370,2.8
rv1837c,2086477,0
rv1837c,2086510,0
rv1837c,2086561,0
rv1837c,2086573,0
rv1837c,2086720,0
rv1837c,2086747,0
rv1837c,2086901,0
rv1837c,2086939,0
rv1840c,2087979,6303.4000000000005
rv1840c,2088022,64.4
rv1840c,2088093,511.7
rv1840c,2088103,107.4
rv1840c,2088190,155
rv1840c,2088221,74.5
rv1840c,2088340,97.1
rv1840c,2088529,0
rv1840c,2088556,0
rv1840c,2088565,44.1
rv1840c,2088618,885.9
rv1840c,2088780,571.2
rv1840c,2088916,460.7
rv1840c,2088934,0
rv1840c,2089128,635
rv1840c,2089266,5092.7
rv1840c,2089341,3114.2000000000003
rv1843c,2092369,16692
rv1843c,2092410,6425.9000000000005
rv1843c,2092484,8228.199999999999
rv1843c,2092552,8016.2
rv1843c,2092564,6733.8
rv1843c,2092609,16079.1
rv1843c,2092709,3442.7
rv1843c,2093015,2109.4
rv1843c,2093072,234.7
rv1843c,2093089,5857.6
rv1843c,2093093,1929.2
rv1843c,2093105,274.90000000000003
rv1843c,2093121,5685.6
rv1843c,2093233,10359
rv1843c,2093249,12.1
rv1843c,2093457,1202
rv1843c,2093490,6816.5
rv1843c,2093538,64.6
rv1843c,2093549,11182.9
rv1843c,2093562,112.39999999999999
rv1843c,2093659,24598.9
rv1843c,2093671,725.3
rv1843c,2093691,2348.8
rv1844c,2093739,2313.5
rv1844c,2093747,4040.9
rv1844c,2093771,40573.4
rv1844c,2093808,6984.8
rv1844c,2093883,3760
rv1844c,2093886,5910.5
rv1844c,2093920,323.4
rv1844c,2093991,2939.4
rv1844c,2094168,4987.7
rv1844c,2094189,8183.7
rv1844c,2094480,11233.1
rv1844c,2094545,7058.9
rv1844c,2094567,3970.7
rv1844c,2094597,1527
rv1844c,2094720,6538.1
rv1844c,2094852,9147.7
rv1844c,2095045,1763.3
rv1844c,2095095,4565.6
rv1848,2097397,4960.5
rv1848,2097593,2467.7
rv1849,2097675,509.9
rv1849,2097689,324.2
rv1849,2097767,79
rv1849,2097831,151.3
rv1849,2097925,177.20000000000002
rv1849,2097940,1321.2
rv1850,2097992,461.7
rv1850,2098004,1741.2
rv1850,2098012,11108.300000000001
rv1850,2098029,0
rv1850,2098214,83.1
rv1850,2098799,2184.2000000000003
rv1850,2098843,1706.8999999999999
rv1850,2098866,1227.2
rv1850,2098900,154.3
rv1850,2099038,1275.8999999999999
rv1850,2099170,144.6
rv1850,2099204,478.6
rv1850,2099216,3520.8
rv1850,2099529,762.9
rv1850,2099589,510.70000000000005
rv1850,2099670,1301.8
rv1850,2099674,2544.9
rv1850,2099687,1050.3
rv1850,2099699,6204.1
rv1851,2100127,1663.5
rv1851,2100176,1770.4
rv1852,2100533,4920.8
rv1852,2100724,167.8
rv1852,2100830,319.5
rv1852,2100846,176.5
rv1852,2100994,665.2
rv1852,2101019,719.1
rv1853,2101189,1194.9
rv1853,2101199,252.29999999999998
rv1853,2101235,378.3
rv1853,2101532,1227.6
rv1853,2101548,0
rv1853,2101625,4254.3
rv1853,2101653,0
rv1854c,2101659,1792.9
rv1854c,2101672,409.40000000000003
rv1854c,2101780,0
rv1854c,2101842,23.400000000000002
rv1854c,2101879,0
rv1854c,2101959,22
rv1854c,2102025,40.2
rv1854c,2102083,0
rv1854c,2102109,0
rv1854c,2102540,42.599999999999994
rv1854c,2102597,10.8
rv1854c,2102676,36.4
rv1854c,2102715,5.1
rv1854c,2102727,65.2
rv1854c,2102798,31.1
rv1854c,2102818,61.1
rv1854c,2102863,0
rv1854c,2102883,102.6
rv1854c,2102969,0
rv1854c,2103010,8.6
rv1857,2105020,6864.7
rv1857,2105192,1497
rv1857,2105522,4367.5
rv1857,2105580,14571.1
rv1857,2105658,1715.1
rv1857,2105674,3979
rv1858,2105791,1386.4
rv1858,2105811,15574.699999999999
rv1858,2105813,10488.2
rv1858,2105908,1500.5
rv1858,2105976,3989.2000000000003
rv1858,2106039,3222.2999999999997
rv1858,2106057,566
rv1858,2106078,690.2
rv1858,2106088,112.4
rv1858,2106101,1418.6
rv1858,2106134,1891.2
rv1858,2106169,763.6
rv1858,2106212,6290.3
rv1858,2106228,395.70000000000005
rv1858,2106260,3532.2
rv1858,2106357,1009.5
rv1858,2106399,743.6
rv1858,2106433,601.9
rv1858,2106452,5330
rv1858,2106513,1425.1000000000001
rv1858,2106547,2956.3
rv1858,2106565,2046
rv1858,2106572,783.7
rv1859,2106709,2609.7000000000003
rv1859,2106744,5010.6
rv1859,2106919,3881.3
rv1859,2106982,6505.9000000000005
rv1859,2106996,2114.5
rv1859,2107108,24.9
rv1859,2107126,8165.9000000000005
rv1859,2107155,774.5
rv1859,2107206,540.8
rv1859,2107261,1616
rv1859,2107291,154.6
rv1859,2107367,1359.3
rv1859,2107393,477.09999999999997
rv1859,2107442,528
rv1859,2107474,1382.8999999999999
rv1859,2107504,176.7
rv1860,2107799,0
rv1860,2107882,159.7
rv1860,2108154,1547.5
rv1860,2108234,253.8
rv1860,2108251,545.4
rv1860,2108265,2456.9
rv1860,2108331,24466.4
rv1860,2108333,4819.6
rv1860,2108340,280.7
rv1860,2108409,3442.2
rv1860,2108412,4151.1
rv1860,2108438,443.2
rv1860,2108467,2308.3
rv1860,2108527,1177.8
rv1860,2108678,327.4
rv1860,2108710,415.6
rv1862,2109774,2914.3
rv1862,2109853,2.9
rv1862,2109890,4492
rv1862,2109932,2320.8
rv1862,2109959,1240.4
rv1862,2110013,2546.6
rv1862,2110015,2833.6
rv1862,2110061,79
rv1862,2110086,3734.4
rv1862,2110112,727.3
rv1862,2110173,9447.4
rv1862,2110284,1626.6
rv1862,2110375,8763.4
rv1862,2110391,2218.5
rv1862,2110511,1365.5
rv1872c,2121931,371.4
rv1872c,2121998,110.7
rv1872c,2122080,663
rv1872c,2122086,3762.8
rv1872c,2122138,11.4
rv1872c,2122226,67.9
rv1872c,2122413,2434.2
rv1872c,2122568,375.6
rv1872c,2122675,14379.7
rv1872c,2122677,20407
rv1872c,2122751,250.8
rv1872c,2122995,2333.7
rv1872c,2123011,327.6
rv1872c,2123017,4029.4
rv1876,2125409,2140.2
rv1876,2125419,2616
rv1876,2125457,668
rv1876,2125557,4672.9
rv1876,2125580,59.199999999999996
rv1876,2125629,1790.7
rv1876,2125699,2537
rv1876,2125743,7102.8
rv1876,2125777,16188.4
rv1876,2125791,13946.5
rv1878,2128147,1845.6
rv1878,2128202,11692.1
rv1878,2128211,1257.3999999999999
rv1878,2128226,4497.5999999999995
rv1878,2128426,1609.9
rv1878,2128500,4213.1
rv1878,2128577,578.6
rv1878,2128599,1033.6
rv1878,2128627,2.9
rv1878,2128691,847.5
rv1878,2128711,765.6
rv1878,2128723,222.5
rv1878,2128748,301.1
rv1878,2128784,299.9
rv1878,2128876,460.8
rv1878,2128937,393
rv1878,2128953,4255.3
rv1878,2128967,91.6
rv1878,2129022,396.4
rv1878,2129070,4141.0999999999995
rv1878,2129149,1979.1
rv1878,2129233,231.7
rv1878,2129240,1817.7
rv1878,2129281,4479.7
rv1878,2129299,198
rv1878,2129308,1150.3999999999999
rv1878,2129322,555.9
rv1878,2129379,6793.5
rv1880c,2130556,201
rv1880c,2130739,839.3
rv1880c,2130830,2118.6
rv1880c,2130834,7098.5
rv1880c,2130949,2600.9
rv1880c,2131000,10.1
rv1880c,2131028,1366.4
rv1880c,2131217,2542.8
rv1880c,2131239,3019
rv1880c,2131265,967
rv1880c,2131368,4481.9
rv1880c,2131376,2049.5
rv1880c,2131451,153.5
rv1880c,2131500,30.2
rv1880c,2131683,2949.9
rv1880c,2131731,2708.7
rv1881c,2131981,1037.6
rv1881c,2132002,13722
rv1881c,2132078,106.39999999999999
rv1881c,2132103,9556.3
rv1881c,2132124,9468.9
rv1881c,2132173,736.2
rv1881c,2132228,2639.4
rv1881c,2132253,283.2
rv1884c,2133749,6619.3
rv1884c,2133988,1219.8
rv1884c,2134169,2173.4
rv1884c,2134193,72.4
rv1884c,2134200,1065.1
rv1884c,2134226,4040.8
rv1886c,2134909,720.6
rv1886c,2134958,3446.3
rv1886c,2135024,22954.100000000002
rv1886c,2135052,5602.3
rv1886c,2135083,6354.7
rv1886c,2135126,2215.2000000000003
rv1886c,2135134,492.8
rv1886c,2135175,3840.7
rv1886c,2135234,4582.3
rv1886c,2135271,1132.3
rv1886c,2135321,3980.4
rv1886c,2135342,4887.5
rv1886c,2135471,10698.9
rv1886c,2135490,181.8
rv1886c,2135507,2123.3
rv1886c,2135519,3289.5
rv1886c,2135551,1586.4
rv1886c,2135570,5959.3
rv1886c,2135573,5050.3
rv1886c,2135598,1836.8
rv1886c,2135612,5989.9
rv1886c,2135645,1330
rv1886c,2135726,1194
rv1886c,2135806,5425.9000000000005
rv1886c,2135874,13703.5
rv1899c,2145262,1620.8
rv1899c,2145299,3559.5
rv1899c,2145448,891.7
rv1899c,2145494,5537.9
rv1899c,2145522,1011.4
rv1899c,2145719,6763.5
rv1899c,2145760,1443.2
rv1899c,2145889,2290.7
rv1899c,2145958,3535.1
rv1899c,2146096,31.7
rv1899c,2146116,4042.9
rv1900c,2146253,2650.2000000000003
rv1900c,2146291,677.6
rv1900c,2146309,451.8
rv1900c,2146434,781.3000000000001
rv1900c,2146461,20
rv1900c,2146503,399.5
rv1900c,2146521,938.8
rv1900c,2146740,722.1
rv1900c,2146844,2179.5
rv1900c,2146851,425.1
rv1900c,2146864,639.5
rv1900c,2146904,2100.1
rv1900c,2146928,7957.5999999999995
rv1900c,2146990,1045.7
rv1900c,2147005,468.70000000000005
rv1900c,2147100,2483.1
rv1900c,2147197,113
rv1900c,2147204,444.3
rv1900c,2147218,2707.2
rv1900c,2147270,1144.7
rv1900c,2147398,285.3
rv1900c,2147486,2722.6
rv1900c,2147576,2456.5
rv1900c,2147583,356.2
rv1900c,2147606,9.1
rv1901,2147908,4670.4
rv1901,2147933,1488.6000000000001
rv1901,2148019,296.2
rv1901,2148045,8254.6
rv1901,2148186,1131.2
rv1901,2148216,1003.6999999999999
rv1901,2148245,6269.1
rv1901,2148339,2135.9
rv1901,2148416,7494.7
rv1901,2148435,2768.4
rv1901,2148464,1246.8
rv1901,2148510,2805.5
rv1901,2148525,45.3
rv1901,2148596,4214.3
rv1901,2148620,2916.9
rv1901,2148625,2766.1
rv1901,2148889,4013.8
rv1901,2148943,121.5
rv1901,2148959,186.5
rv1902c,2149014,1399.5
rv1902c,2149054,1113.3999999999999
rv1902c,2149057,1281.7
rv1902c,2149106,595.9
rv1902c,2149115,3800.2
rv1902c,2149152,380.8
rv1902c,2149183,1617.6000000000001
rv1902c,2149210,935.6
rv1902c,2149221,2156.9
rv1902c,2149226,2396.4
rv1902c,2149236,420.8
rv1902c,2149249,9.2
rv1902c,2149304,1579.9
rv1902c,2149359,1122.5
rv1902c,2149413,2413.9
rv1902c,2149479,9034.2
rv1902c,2149490,336.5
rv1902c,2149534,999.3
rv1902c,2149557,1960.3
rv1902c,2149610,13101.4
rv1902c,2149614,3621
rv1902c,2149642,129.6
rv1902c,2149718,115.4
rv1902c,2149725,0
rv1902c,2149763,16857.4
rv1902c,2149793,349
rv1902c,2149836,569.6999999999999
rv1902c,2149848,2337.2999999999997
rv1902c,2149953,2381.7
rv1902c,2150022,5342.2
rv1902c,2150075,1128.2
rv1902c,2150178,1934.3999999999999
rv1902c,2150199,2075.7
rv1902c,2150239,2818.1
rv1905c,2151441,38.8
rv1905c,2151516,13451.5
rv1905c,2151592,8.8
rv1905c,2151632,7878.2
rv1905c,2151665,2109.3
rv1905c,2151703,3001.8
rv1905c,2151722,4088.5
rv1905c,2151744,4828.9
rv1905c,2151778,458.7
rv1905c,2151791,3628.5
rv1905c,2151890,2184.4
rv1905c,2151926,385.4
rv1905c,2151987,3266.2
rv1905c,2151997,3723.4
rv1905c,2152117,691.9
rv1905c,2152217,3167.5
rv1905c,2152304,408.59999999999997
rv1905c,2152337,5186.2
rv1905c,2152394,6310.7
rv1908c,2153987,4014.5
rv1908c,2154086,1777.5
rv1908c,2154123,1721.1
rv1908c,2154196,725.6
rv1908c,2154206,1759
rv1908c,2154235,1640
rv1908c,2154267,4020.7999999999997
rv1908c,2154296,3464.4
rv1908c,2154329,1686.8999999999999
rv1908c,2154463,1026.2
rv1908c,2154663,30.2
rv1908c,2154703,178.4
rv1908c,2154744,643.9
rv1908c,2154842,2114.4
rv1908c,2154881,2024
rv1908c,2154950,2870.7000000000003
rv1908c,2155061,4280.4000000000005
rv1908c,2155103,424.2
rv1908c,2155109,1242.1
rv1908c,2155159,2069
rv1908c,2155191,84.4
rv1908c,2155208,2830.8
rv1908c,2155299,1080.6000000000001
rv1908c,2155433,4742.8
rv1908c,2155482,377.5
rv1908c,2155490,1522.2
rv1908c,2155529,6588
rv1908c,2155655,3773.3
rv1908c,2155722,1202.3
rv1908c,2155781,2699.7
rv1908c,2155812,233.8
rv1908c,2155826,428.8
rv1908c,2155835,418.1
rv1908c,2155928,1278.6
rv1908c,2155978,4304
rv1908c,2156036,2398.4
rv1908c,2156043,6253.7
rv1908c,2156070,559
rv1908c,2156094,1701.2
rv1909c,2156183,0
rv1909c,2156201,10507
rv1909c,2156211,7099.7
rv1909c,2156245,660.4
rv1909c,2156302,11.4
rv1909c,2156358,1872.5
rv1909c,2156430,3914.7
rv1909c,2156447,1520
rv1909c,2156580,1020.1
rv1909c,2156588,1924.2
rv1909c,2156590,4579.4
rv1909c,2156602,8884.2
rv1911c,2157440,44.8
rv1911c,2157504,1118.7
rv1911c,2157511,236.9
rv1911c,2157519,147.5
rv1911c,2157561,2293.2999999999997
rv1911c,2157669,1485.7
rv1911c,2157885,1920.6
rv1911c,2157941,917.1
rv1911c,2157965,95.5
rv1912c,2158100,691.5
rv1912c,2158279,2312.7
rv1912c,2158324,433.1
rv1912c,2158393,1513.8
rv1912c,2158407,0
rv1912c,2158443,11104.6
rv1912c,2158491,1889.4
rv1912c,2158527,60.9
rv1912c,2158695,88.7
rv1912c,2158725,863.7
rv1912c,2158815,302.3
rv1912c,2158831,175.70000000000002
rv1912c,2158908,737.2
rv1912c,2158944,271
rv1912c,2159098,3956.7000000000003
rv1915,2160534,1877.7
rv1915,2160551,1540.6
rv1915,2160590,1241.9
rv1915,2160671,1510.9
rv1915,2160728,204.1
rv1915,2160766,133.89999999999998
rv1915,2160779,2585.5
rv1915,2160796,815
rv1915,2160805,1707.8999999999999
rv1915,2160848,261.4
rv1915,2160923,7280.2
rv1915,2160927,3149.5
rv1915,2160971,7852.0999999999995
rv1915,2160988,572.3
rv1915,2161032,2814.9
rv1915,2161076,326.7
rv1915,2161311,989.4
rv1915,2161319,2339.7
rv1915,2161354,196.8
rv1915,2161393,1580.3
rv1915,2161414,807
rv1916,2161579,602.5
rv1916,2161762,2055.8
rv1916,2161765,964.3000000000001
rv1916,2161784,1399.3
rv1916,2161789,2924.4
rv1916,2161924,2242.2
rv1916,2162035,1463.8
rv1916,2162152,0
rv1916,2162171,134.5
rv1916,2162300,586.3
rv1916,2162332,62
rv1916,2162357,239.10000000000002
rv1916,2162441,1325.8
rv1916,2162486,1500.7
rv1916,2162516,551.5
rv1916,2162587,3274
rv1916,2162614,2375.7
rv1916,2162767,418.1
rv1917c,2162940,846
rv1917c,2163004,1233.4
rv1917c,2163065,3787
rv1917c,2163102,4740.5999999999995
rv1917c,2163349,117.69999999999999
rv1917c,2163397,305.4
rv1917c,2163418,348.5
rv1917c,2163466,74
rv1917c,2163499,438.40000000000003
rv1917c,2163517,0
rv1917c,2163535,0
rv1917c,2163590,257.6
rv1917c,2163593,641.2
rv1917c,2163604,179.8
rv1917c,2163624,1057.4
rv1917c,2163637,657.3
rv1917c,2163649,83
rv1917c,2163683,0
rv1917c,2163694,2179.5
rv1917c,2163700,11.5
rv1917c,2163718,72.3
rv1917c,2163778,210
rv1917c,2163787,116
rv1917c,2163790,115.2
rv1917c,2163793,469.3
rv1917c,2163847,0
rv1917c,2163856,50.9
rv1917c,2163859,118.8
rv1917c,2163862,62.7
rv1917c,2163916,25.200000000000003
rv1917c,2163925,95.6
rv1917c,2163928,174.8
rv1917c,2163931,111.5
rv1917c,2163985,2.9
rv1917c,2163994,129.1
rv1917c,2163997,202.7
rv1917c,2164000,7.9
rv1917c,2164054,9.4
rv1917c,2164063,195
rv1917c,2164066,454.9
rv1917c,2164069,17.3
rv1917c,2164149,424.2
rv1917c,2164167,408.5
rv1917c,2164184,4387.4
rv1917c,2164197,2551.5
rv1917c,2164225,2201.1
rv1917c,2164271,6302.8
rv1917c,2164275,2075.2
rv1917c,2164332,8270.1
rv1917c,2164347,4906.3
rv1917c,2164420,416
rv1917c,2164437,7960.5999999999995
rv1917c,2164582,294.2
rv1917c,2164588,2456.4
rv1917c,2164627,0
rv1917c,2164647,4335.9
rv1917c,2164810,0
rv1917c,2164821,3944.4
rv1917c,2164825,2223.2000000000003
rv1917c,2164840,192.2
rv1917c,2164851,3097.9
rv1917c,2164913,4041.1
rv1917c,2164966,234.5
rv1917c,2164997,1174.5
rv1917c,2165019,12016.5
rv1917c,2165077,958.6
rv1917c,2165167,774.3
rv1917c,2165314,2419.1
rv1917c,2165347,1295
rv1917c,2165373,1200.5
rv1917c,2165392,1662.2
rv1917c,2165402,840.6
rv1917c,2165422,1042.7
rv1917c,2165448,1032.2
rv1917c,2165467,1021.5
rv1917c,2165477,458
rv1917c,2165497,538.4
rv1917c,2165523,385.7
rv1917c,2165542,724.4
rv1917c,2165552,163.4
rv1917c,2165572,0
rv1917c,2165584,0
rv1917c,2165596,610.7
rv1917c,2165598,1323.8999999999999
rv1917c,2165609,97.7
rv1917c,2165649,611.6
rv1917c,2165705,466.1
rv1917c,2165711,233.6
rv1917c,2165717,280.9
rv1917c,2165722,87.6
rv1917c,2165732,557.8000000000001
rv1917c,2165753,97.5
rv1917c,2165762,80.10000000000001
rv1917c,2165809,356.4
rv1917c,2165828,70.7
rv1917c,2165834,93.7
rv1917c,2165842,130.8
rv1917c,2165849,71.6
rv1917c,2165893,523.6
rv1917c,2165926,2531.6
rv1917c,2165929,4838.0999999999995
rv1917c,2165971,673.3
rv1917c,2166047,1266.3999999999999
rv1917c,2166099,2473.7
rv1917c,2166129,9236.1
rv1917c,2166257,5371.5
rv1917c,2166279,7890.0999999999995
rv1917c,2166358,283.2
rv1917c,2166369,7391.7
rv1917c,2166376,3930.6
rv1917c,2166412,1800.8
rv1917c,2166457,955.2
rv1917c,2166632,2391.1
rv1917c,2166661,155.4
rv1917c,2166701,1167.6000000000001
rv1917c,2166706,2207.8
rv1917c,2166858,4153.3
rv1917c,2166900,3813.1
rv1917c,2167100,10384.5
rv1917c,2167104,2517.3
rv1917c,2167112,11.2
rv1917c,2167274,2367.4
rv1918c,2167657,1847.6
rv1918c,2167770,868.5
rv1918c,2167802,4732.8
rv1918c,2167813,8732.6
rv1918c,2167822,323.3
rv1918c,2167836,1179.2
rv1918c,2167960,1970
rv1918c,2168099,1441.3
rv1918c,2168126,1397.9
rv1918c,2168163,2470.1
rv1918c,2168208,127.39999999999999
rv1918c,2168237,3185
rv1918c,2168267,6123
rv1918c,2168324,5329.5
rv1918c,2168330,616.5
rv1918c,2168543,429.6
rv1918c,2168555,17.6
rv1918c,2168558,453.5
rv1918c,2168561,313.7
rv1918c,2168576,653.5
rv1918c,2168579,5.7
rv1918c,2168604,0
rv1918c,2168615,0
rv1918c,2168663,20.1
rv1918c,2168667,0
rv1918c,2168672,126.9
rv1918c,2168681,1.3
rv1918c,2168687,288.40000000000003
rv1918c,2168730,0
rv1918c,2168744,19.1
rv1918c,2168754,20.1
rv1918c,2168756,852.2
rv1918c,2168760,116.7
rv1918c,2168771,712
rv1918c,2168775,799.8
rv1918c,2168778,0
rv1918c,2168790,672.3
rv1918c,2168799,0
rv1918c,2168804,309.8
rv1918c,2168864,146.1
rv1918c,2168892,3395.2
rv1918c,2168942,897.9
rv1918c,2168960,2237.3
rv1918c,2168970,1766
rv1918c,2168996,649.1
rv1918c,2169059,2722.9
rv1918c,2169131,3579.7
rv1918c,2169180,163.5
rv1918c,2169219,25.799999999999997
rv1918c,2169292,1004
rv1918c,2169335,992.3
rv1918c,2169348,1346.4
rv1918c,2169419,3279.2
rv1918c,2169460,1787.3
rv1918c,2169515,41.6
rv1918c,2169584,725.4
rv1918c,2169635,78
rv1918c,2169644,10.1
rv1918c,2169657,10.1
rv1918c,2169668,0
rv1918c,2169731,0
rv1918c,2169843,320.59999999999997
rv1918c,2169864,5419.8
rv1918c,2169881,117.8
rv1918c,2169890,125.3
rv1918c,2170004,993
rv1918c,2170125,0
rv1918c,2170159,1835.4
rv1918c,2170176,3519.4
rv1918c,2170201,3881
rv1918c,2170254,852.8000000000001
rv1918c,2170266,3795.2
rv1918c,2170305,2058.6
rv1918c,2170405,1124
rv1918c,2170506,443.7
rv1918c,2170612,5925.9
rv1921c,2172582,2096.6
rv1921c,2172627,8776.4
rv1921c,2172631,9156.5
rv1921c,2172659,1647.3
rv1921c,2172683,5397.8
rv1921c,2172709,529.4
rv1921c,2172907,2465.2000000000003
rv1921c,2173020,1290.2
rv1921c,2173026,3653.2
rv1921c,2173088,291
rv1921c,2173106,2681.7
rv1921c,2173132,327.09999999999997
rv1921c,2173144,5221.5
rv1921c,2173249,1502.3
rv1921c,2173279,393.8
rv1921c,2173307,172.7
rv1921c,2173413,2059.3
rv1921c,2173465,618.1
rv1921c,2173528,4778.3
rv1921c,2173531,4124.6
rv1921c,2173543,398.5
rv1921c,2173788,6139.3
rv1923,2175196,4.3
rv1923,2175215,40.3
rv1923,2175239,1746.3
rv1923,2175280,1303.4
rv1923,2175348,423.5
rv1923,2175387,4341.9
rv1923,2175389,1511.3
rv1923,2175448,2602.8
rv1923,2175464,109.30000000000001
rv1923,2175546,1461.5
rv1923,2175567,1175.3
rv1923,2175587,1198
rv1923,2175718,618.7
rv1923,2175744,2451.1
rv1923,2175759,5892.3
rv1923,2175857,12809.3
rv1923,2175890,6087
rv1923,2176002,4004.6
rv1923,2176037,3594.2
rv1923,2176107,8428.9
rv1923,2176168,6258.2
rv1923,2176195,2932.2
rv1923,2176208,3912.4
rv1923,2176226,8435.199999999999
rv1923,2176230,6104.1
rv1923,2176242,2038.8999999999999
rv1923,2176278,894.2
rv1923,2176344,3037.1
rv1923,2176352,655.3
rv1923,2176369,6939.8
rv1923,2176382,46.3
rv1923,2176479,3631.4
rv1923,2176481,2649.7
rv1923,2176518,11994.4
rv1925,2177129,409.2
rv1925,2177137,3967.2
rv1925,2177140,10068.3
rv1925,2177229,16772.4
rv1925,2177250,8893.7
rv1925,2177256,2611.9
rv1925,2177318,874.1999999999999
rv1925,2177326,523.5
rv1925,2177335,14271.7
rv1925,2177406,3354.9
rv1925,2177421,5572.1
rv1925,2177498,714.7
rv1925,2177530,5065.1
rv1925,2177623,1911.2
rv1925,2177677,1464
rv1925,2177691,10083.9
rv1925,2177818,63.4
rv1925,2177826,2138.5
rv1925,2177842,1501.9
rv1925,2177868,6270.8
rv1925,2177991,2497.2
rv1925,2178016,1092
rv1925,2178123,3260.3
rv1925,2178130,310.1
rv1925,2178137,3542.2000000000003
rv1925,2178156,1652
rv1925,2178163,1311.1
rv1925,2178222,7443
rv1925,2178350,36.9
rv1925,2178406,2959.1
rv1925,2178432,408.9
rv1925,2178561,5923.7
rv1925,2178579,8053.6
rv1925,2178630,333.1
rv1925,2178687,5391.5
rv1925,2178691,5127.7
rv1925,2178838,305.5
rv1925,2178927,2834.3
rv1925,2178954,11564.8
rv1926c,2178965,5109.9
rv1926c,2179043,1007
rv1926c,2179077,664.7
rv1926c,2179089,585.3000000000001
rv1926c,2179127,1548.7
rv1926c,2179238,101.4
rv1926c,2179321,3784.6000000000004
rv1926c,2179352,1331.1
rv1926c,2179411,693.1
rv1932,2183389,2991.7999999999997
rv1932,2183414,263.40000000000003
rv1932,2183428,553
rv1932,2183510,391.5
rv1932,2183606,399.1
rv1932,2183721,564.1999999999999
rv1932,2183805,882.1
rv1932,2183844,2256.6
rv1932,2183874,444
rv1933c,2183964,362.4
rv1933c,2183967,3318.7
rv1933c,2184035,1775.7
rv1933c,2184231,1316.3999999999999
rv1933c,2184319,635
rv1933c,2184577,168.1
rv1933c,2184631,0
rv1933c,2184770,874.7
rv1933c,2184818,147.2
rv1933c,2184951,322.8
rv1934c,2185054,2310.5
rv1934c,2185075,1635.5
rv1934c,2185115,77.8
rv1934c,2185207,2716.4
rv1934c,2185219,751
rv1934c,2185297,748.6999999999999
rv1934c,2185306,0
rv1934c,2185330,6561.6
rv1934c,2185353,554.5
rv1934c,2185371,1707.8
rv1934c,2186005,357.09999999999997
rv1934c,2186182,2548.2
rv1935c,2186271,419
rv1935c,2186286,742.5
rv1935c,2186534,1496.9
rv1935c,2186601,2578
rv1935c,2186778,5472.9
rv1935c,2186781,5832.7
rv1935c,2186841,1016.4
rv1935c,2186881,43.9
rv1935c,2187081,216.5
rv1935c,2187090,5495.2
rv1938,2191154,1517.2
rv1938,2191196,4.3
rv1938,2191226,0
rv1938,2191244,466.6
rv1938,2191262,146
rv1938,2191310,1112.7
rv1938,2191487,296.3
rv1938,2191523,302.5
rv1938,2191532,226.9
rv1938,2191604,2955.5
rv1938,2191714,1406.4
rv1938,2191751,466.8
rv1938,2191799,1833.5
rv1938,2191847,2197.6
rv1938,2191934,906.1
rv1938,2191997,477.8
rv1938,2192085,380.4
rv1940,2192635,1867
rv1940,2192706,1234.9
rv1940,2192775,1603.3999999999999
rv1940,2193101,148.4
rv1940,2193192,360.3
rv1940,2193227,364
rv1940,2193288,1367.2
rv1940,2193471,9168.3
rv1940,2193582,5213.9
rv1946c,2197560,0
rv1946c,2197595,657.2
rv1946c,2197608,1853.9
rv1946c,2197681,1914.2
rv1946c,2197854,1506.5
rv1946c,2197860,1484.2
rv1946c,2197913,2033.1000000000001
rv1963c,2205590,22.2
rv1963c,2205606,5004.4
rv1963c,2205668,615.9
rv1963c,2205711,1300.3
rv1963c,2205760,20.9
rv1963c,2205818,2899
rv1963c,2205829,488.6
rv1963c,2205955,30.400000000000002
rv1963c,2206043,291.2
rv1963c,2206103,772.5
rv1963c,2206151,34.8
rv1963c,2206245,848.4
rv1963c,2206256,250.2
rv1963c,2206291,13591.2
rv1963c,2206457,218
rv1963c,2206592,662.5
rv1963c,2206646,1276.4
rv1963c,2206655,1042.8999999999999
rv1963c,2206785,70.9
rv1964,2207712,6121.6
rv1964,2207846,5038.2
rv1964,2207850,5210.5999999999995
rv1964,2208144,282.3
rv1964,2208283,3192.5
rv1964,2208368,6450.3
rv1964,2208370,8441.1
rv1965,2208537,261.1
rv1965,2208617,1285.9
rv1965,2208749,3169.5
rv1965,2208849,78.9
rv1965,2208871,872.9
rv1965,2208900,453.59999999999997
rv1965,2208950,2574.5
rv1965,2209025,1450.8999999999999
rv1965,2209058,11651.4
rv1965,2209079,4150.1
rv1965,2209088,1799.2
rv1965,2209178,6488.3
rv1965,2209181,5132.6
rv1965,2209187,405.09999999999997
rv1965,2209295,2531.1
rv1965,2209328,3122.6
rv1966,2209623,1526.3999999999999
rv1966,2209738,756.5
rv1966,2209879,506
rv1966,2209983,4518.4
rv1966,2210080,1069
rv1966,2210098,658.1
rv1966,2210193,5322
rv1966,2210205,2341.2
rv1966,2210235,1366.5
rv1966,2210253,375.9
rv1966,2210287,3257.3
rv1966,2210305,2208.8
rv1966,2210325,2708
rv1966,2210331,666.1
rv1966,2210511,3925.1
rv1967,2210661,609.5
rv1967,2210729,3858.3
rv1967,2210732,2080.3
rv1967,2210906,518.7
rv1967,2210930,669.5
rv1967,2211279,573.1
rv1967,2211338,1327.1
rv1967,2211455,1694.3999999999999
rv1967,2211491,2564.9
rv1967,2211514,8433
rv1967,2211518,5986.7
rv1967,2211539,3548.3
rv1967,2211590,3993.4
rv1968,2211721,731.3
rv1968,2211766,828.1
rv1968,2211820,0
rv1968,2212027,1588.2
rv1968,2212131,342.9
rv1968,2212157,2667
rv1968,2212446,85
rv1968,2212501,1845.4
rv1968,2212552,5800
rv1968,2212702,374.8
rv1968,2212780,10.1
rv1968,2212786,241.5
rv1969,2212980,1097.1
rv1969,2213109,1552.4
rv1969,2213190,1143.1
rv1969,2213224,2498.7
rv1969,2213351,791.8
rv1969,2213611,97
rv1969,2213732,3971.8
rv1969,2213904,3000.9
rv1969,2213934,1583.7
rv1969,2213940,3074.1000000000004
rv1969,2213987,115.7
rv1969,2214000,864
rv1969,2214027,107.6
rv1970,2214171,138.6
rv1970,2214443,641.2
rv1970,2214526,313
rv1970,2214533,679.4
rv1970,2214692,1388.3
rv1970,2215055,2356.6
rv1970,2215195,463.59999999999997
rv1970,2215205,274.5
rv1970,2215213,4.3
rv1970,2215241,372.8
rv1970,2215262,6341.9
rv1971,2215275,3285.2
rv1971,2215309,549.5
rv1971,2215391,222.3
rv1971,2215430,923.2
rv1971,2215451,2943.9
rv1971,2215540,84.3
rv1971,2215595,4958.4
rv1971,2215728,7255.4
rv1971,2215766,3167.9
rv1971,2215785,293.8
rv1971,2216049,1947.6000000000001
rv1971,2216111,4540.3
rv1971,2216207,234.4
rv1971,2216219,4594.5
rv1971,2216312,260.59999999999997
rv1971,2216339,2325.7
rv1971,2216368,1226
rv1971,2216436,2301
rv1971,2216456,3468.9
rv1971,2216477,5660.5
rv1980c,2223352,1896.2
rv1980c,2223390,10556.8
rv1980c,2223478,1582.1000000000001
rv1980c,2223510,241.6
rv1980c,2223516,4423.9
rv1980c,2223607,12082.1
rv1980c,2223625,295.6
rv1980c,2223652,11987.5
rv1980c,2223688,3168.6
rv1980c,2223713,1828.4
rv1980c,2223726,15.1
rv1980c,2223739,12714.4
rv1980c,2223755,8705.4
rv1980c,2223766,1391.6
rv1980c,2223832,3344
rv1980c,2223859,1713.9
rv1980c,2223862,6327.3
rv1980c,2223889,8310.4
rv1980c,2223929,90.6
rv1980c,2223955,7505.2
rv1983,2226313,26410
rv1983,2226391,2672.2
rv1983,2226435,3533.9
rv1983,2226510,4264.9
rv1983,2226613,117.8
rv1983,2226675,1833.5
rv1983,2226696,1133.6
rv1983,2227014,5524.5999999999995
rv1983,2227023,302.1
rv1983,2227072,2578.2
rv1983,2227096,9063.9
rv1983,2227239,319.8
rv1983,2227254,8287.5
rv1983,2227257,9469.1
rv1983,2227272,9804.2
rv1983,2227274,4007
rv1983,2227325,1249.6
rv1983,2227374,7619.0999999999995
rv1983,2227422,5601.2
rv1983,2227507,276.40000000000003
rv1983,2227579,972.5
rv1983,2227626,6960.4
rv1983,2227630,9858.3
rv1983,2227654,1321.1000000000001
rv1983,2227687,285.7
rv1983,2227707,12563.2
rv1983,2227755,3736.4
rv1983,2227782,1028.1000000000001
rv1983,2227803,1025.6
rv1983,2227838,557.6
rv1983,2227872,3727.9
rv1983,2227881,5320.9
rv1983,2227895,1746
rv1983,2227897,3224
rv1984c,2227983,2499.7
rv1984c,2227999,5890.1
rv1984c,2228002,6503.7
rv1984c,2228021,1465.3
rv1984c,2228048,2570.1
rv1984c,2228056,7442.1
rv1984c,2228062,8006.5
rv1984c,2228064,4589.5
rv1984c,2228220,448.2
rv1984c,2228316,327.59999999999997
rv1984c,2228334,6113.8
rv1984c,2228346,2128.3
rv1984c,2228380,3452.6
rv1992c,2235000,167.79999999999998
rv1992c,2235010,827.7
rv1992c,2235169,19680
rv1992c,2235173,15951.9
rv1992c,2235227,1878.5
rv1992c,2235443,11912.4
rv1992c,2235519,390.2
rv1992c,2235566,1606.6000000000001
rv1992c,2235728,1513.4
rv1992c,2235865,204.10000000000002
rv1992c,2235914,161.7
rv1992c,2235919,1158.6
rv1992c,2235938,438.2
rv1992c,2236073,3416.4
rv1992c,2236076,4523.1
rv1992c,2236111,373.2
rv1992c,2236183,2315.2
rv1992c,2236193,30.2
rv1992c,2236204,4899
rv1992c,2236273,2.2
rv1992c,2236441,1310.4
rv1992c,2236575,2080.3
rv1992c,2236618,1036.2
rv1992c,2236682,2446.2000000000003
rv1992c,2236772,1506.8999999999999
rv1992c,2236791,1621.2
rv1992c,2236808,1553.2
rv1992c,2236967,4101.1
rv1992c,2237003,1335.2
rv1992c,2237020,621.6
rv1992c,2237040,6537.4
rv1992c,2237124,1728.5
rv1992c,2237154,632.6
rv1992c,2237273,1673.5
rv1992c,2237303,5015.6
rv1997,2240248,1170.5
rv1997,2240285,1164.5
rv1997,2240318,297.6
rv1997,2240328,993
rv1997,2240374,3160
rv1997,2240412,659.1999999999999
rv1997,2240609,1679.3999999999999
rv1997,2240685,1500.7
rv1997,2240760,953.9
rv1997,2240767,661.6
rv1997,2240783,750.3
rv1997,2241119,317.1
rv1997,2241250,1332.6000000000001
rv1997,2241488,1576.1
rv1997,2241511,3864.5
rv1997,2241746,811.8000000000001
rv1997,2241848,619.4
rv1997,2241858,119.6
rv1997,2241982,12
rv1997,2241999,1298.1
rv1997,2242247,765.8000000000001
rv1997,2242307,2418.5
rv1997,2242627,4651.6
rv1997,2242741,6853.6
rv1997,2242745,707.6
rv1997,2242758,1048.2
rv1997,2242785,0
rv1997,2242805,508.7
rv1997,2242865,404.4
rv2002,2247684,1583.2
rv2002,2247721,365.8
rv2002,2247836,970.9
rv2002,2247853,4588
rv2002,2247965,943.7
rv2002,2248124,1137.8
rv2002,2248126,175.7
rv2002,2248319,561.3
rv2002,2248343,267
rv2002,2248383,542.6
rv2002,2248448,399.3
rv2006,2252067,579.5
rv2006,2252157,4108
rv2006,2252217,437.4
rv2006,2252251,356.90000000000003
rv2006,2252325,276.2
rv2006,2252462,2760.8
rv2006,2252466,2745.9
rv2006,2252548,0
rv2006,2252561,149.4
rv2006,2252817,1100.2
rv2006,2252836,488
rv2006,2252884,251
rv2006,2252891,0
rv2006,2252980,386.5
rv2006,2253061,334.8
rv2006,2253110,364.4
rv2006,2253175,58.4
rv2006,2253210,286.8
rv2006,2253326,101.69999999999999
rv2006,2253328,210.7
rv2006,2253400,2054.9
rv2006,2253414,332.3
rv2006,2253431,270.8
rv2006,2253521,0
rv2006,2253543,230.9
rv2006,2253633,0
rv2006,2253687,44.6
rv2006,2253738,61
rv2006,2253750,3066.2
rv2006,2253765,707.2
rv2006,2253854,244.4
rv2006,2253884,230.5
rv2006,2253903,61.099999999999994
rv2006,2253922,898.2
rv2006,2254087,0
rv2006,2254106,222.10000000000002
rv2006,2254125,0
rv2006,2254135,195.9
rv2006,2254151,1215.8
rv2006,2254165,704
rv2006,2254217,0
rv2006,2254244,1670.3
rv2006,2254281,158.6
rv2006,2254414,2570.3
rv2006,2254432,1978.1
rv2006,2254449,561.5
rv2006,2254558,1546.7
rv2006,2254570,2007.3
rv2006,2254589,300.9
rv2006,2254641,766.4
rv2006,2254728,218.20000000000002
rv2006,2254734,9.2
rv2006,2254744,84.5
rv2006,2254794,3866.1
rv2006,2254906,102.2
rv2006,2254917,1698.4
rv2006,2254932,561
rv2006,2254935,3623.2
rv2006,2254959,1828.7
rv2006,2255011,869.8
rv2006,2255046,1468
rv2006,2255062,1161.3999999999999
rv2006,2255091,73.5
rv2006,2255106,175.8
rv2006,2255116,693.7
rv2006,2255130,1820.9
rv2006,2255149,2.6
rv2006,2255188,65.4
rv2006,2255319,1032.2
rv2006,2255352,162.9
rv2006,2255364,0
rv2006,2255424,666.9
rv2006,2255463,1457
rv2006,2255511,0
rv2006,2255550,829.2
rv2006,2255553,5607.8
rv2006,2255579,2392.3
rv2006,2255643,886.2
rv2006,2255669,0
rv2006,2255754,635.5
rv2006,2255841,405.4
rv2006,2255953,240.9
rv2007c,2256093,1308.4
rv2007c,2256112,446.8
rv2007c,2256254,733.2
rv2007c,2256270,299.9
rv2007c,2256336,3913.7000000000003
rv2007c,2256357,4698.8
rv2007c,2256361,3760.7
rv2007c,2256418,15.8
rv2007c,2256429,3271.2
rv2029c,2275433,2.9
rv2029c,2275453,2059.2
rv2029c,2275619,981.7
rv2029c,2275658,146.5
rv2029c,2275713,729.3
rv2029c,2275901,2547.4
rv2029c,2275954,11638.3
rv2029c,2275957,1889.8
rv2029c,2276092,412.9
rv2029c,2276279,802.7
rv2029c,2276299,906.4
rv2031c,2278574,1453.8999999999999
rv2031c,2278591,666.9
rv2031c,2278601,3349.3999999999996
rv2031c,2278623,1767.6
rv2031c,2278657,247.2
rv2031c,2278736,4474.9
rv2031c,2278782,824.4
rv2031c,2278789,1008.5
rv2032,2279234,67.6
rv2032,2279284,982.3000000000001
rv2032,2279333,1687.3
rv2032,2279370,198.3
rv2032,2279471,884.8000000000001
rv2032,2279489,1301.1
rv2032,2279499,118.69999999999999
rv2032,2279607,1326.2
rv2032,2279659,129.9
rv2032,2279671,1563.2
rv2032,2279723,196.1
rv2032,2279741,401.8
rv2032,2279805,41.8
rv2032,2279835,1400.5
rv2032,2279857,757.5
rv2032,2279879,532.6999999999999
rv2032,2279909,1986.3
rv2032,2280117,219.60000000000002
rv2032,2280130,26.3
rv2043c,2288751,49.199999999999996
rv2043c,2288809,203.4
rv2043c,2288853,719.3000000000001
rv2043c,2288942,1085.3
rv2043c,2288954,1510.5
rv2043c,2288966,3124.1
rv2043c,2289024,425.6
rv2043c,2289059,1171.6
rv2043c,2289128,4682.9
rv2043c,2289149,1310.3
rv2043c,2289187,1.3
rv2043c,2289249,2570.5
rv2045c,2289802,357.6
rv2045c,2289934,4339.6
rv2045c,2290009,1715.7
rv2045c,2290015,573.1
rv2045c,2290021,152.4
rv2045c,2290023,4082.2999999999997
rv2045c,2290027,6011.2
rv2045c,2290079,1565.3
rv2045c,2290126,573.5
rv2045c,2290135,0
rv2045c,2290145,392.1
rv2045c,2290182,1136.2
rv2045c,2290327,1970.3
rv2045c,2290460,17.5
rv2045c,2290563,702.4
rv2045c,2290604,348.8
rv2045c,2290711,616.5
rv2045c,2290786,208.39999999999998
rv2045c,2290801,2256.9
rv2045c,2290837,2819.4
rv2045c,2290839,583
rv2045c,2290867,1689
rv2045c,2290893,39.3
rv2045c,2290969,637.6
rv2045c,2290993,466.4
rv2045c,2291040,441.2
rv2045c,2291107,885.7
rv2045c,2291198,6669.4
rv2045c,2291210,8.6
rv2046,2291347,6245
rv2046,2291435,754.6999999999999
rv2046,2291481,1790.3
rv2046,2291564,2722.2000000000003
rv2046,2291585,1252.4
rv2046,2291646,2042.9
rv2046,2291733,240.8
rv2046,2291784,1207.7
rv2046,2291799,5145.5
rv2046,2291826,3527.4
rv2048c,2294540,393.3
rv2048c,2294695,69.2
rv2048c,2294731,308.8
rv2048c,2294799,2020.8
rv2048c,2294801,708.6
rv2048c,2294828,310.2
rv2048c,2294934,18.2
rv2048c,2294964,0
rv2048c,2295422,1845.7
rv2048c,2295642,467.8
rv2048c,2295929,185.5
rv2048c,2296057,353.1
rv2048c,2296073,28.200000000000003
rv2048c,2296088,103.9
rv2048c,2296261,25.2
rv2048c,2296266,194
rv2048c,2296279,167.20000000000002
rv2048c,2296323,126.69999999999999
rv2048c,2296434,619.8
rv2048c,2296460,44.5
rv2048c,2296588,9.2
rv2048c,2296635,0
rv2048c,2296682,58.4
rv2048c,2296881,10.1
rv2048c,2296899,177.5
rv2048c,2296901,571.4
rv2048c,2296948,277.90000000000003
rv2048c,2297044,0
rv2048c,2297137,0
rv2048c,2297180,323.6
rv2048c,2297194,76.9
rv2048c,2297269,0
rv2048c,2297317,0
rv2048c,2297717,63.4
rv2048c,2297723,108.7
rv2048c,2297747,251.5
rv2048c,2297797,844.5
rv2048c,2297862,0
rv2048c,2297882,653
rv2048c,2297983,421
rv2048c,2298260,3722.3
rv2048c,2298292,60.4
rv2048c,2298318,100.30000000000001
rv2048c,2298545,29.8
rv2048c,2299006,592.3
rv2048c,2299087,27.5
rv2048c,2299156,125.5
rv2048c,2299187,0
rv2048c,2299257,98.5
rv2048c,2299442,597.6
rv2048c,2299563,192.7
rv2048c,2299578,727.6
rv2048c,2299587,1025.2
rv2048c,2299695,308.9
rv2048c,2299788,2958
rv2048c,2299797,782.6
rv2048c,2299856,2070.3
rv2048c,2299998,742.2
rv2048c,2300034,89.10000000000001
rv2048c,2300182,386.2
rv2048c,2300292,1523.9
rv2048c,2300325,395.90000000000003
rv2048c,2300363,3731.8
rv2048c,2300419,294.4
rv2048c,2300444,160.6
rv2048c,2300458,198.79999999999998
rv2048c,2300470,1135.8
rv2048c,2300508,49.7
rv2048c,2300651,745.4
rv2048c,2300684,2295.7000000000003
rv2048c,2300686,146.20000000000002
rv2048c,2300792,0
rv2048c,2300842,26.3
rv2048c,2300895,173.29999999999998
rv2048c,2300897,514.1
rv2048c,2300924,173.4
rv2048c,2300979,112.8
rv2048c,2301097,393.90000000000003
rv2048c,2301214,157.4
rv2048c,2301512,1787.9
rv2048c,2301732,300.4
rv2048c,2301790,441.4
rv2048c,2302019,291.6
rv2048c,2302115,2126.4
rv2048c,2302147,566.7
rv2048c,2302163,69.5
rv2048c,2302178,134.7
rv2048c,2302351,49.8
rv2048c,2302356,546.8
rv2048c,2302369,562.2
rv2048c,2302413,148.8
rv2048c,2302525,388.2
rv2048c,2302540,1435.3
rv2048c,2302550,708.3
rv2048c,2302553,671.2
rv2048c,2302595,517.8
rv2048c,2302777,607.5
rv2048c,2302988,1641.5
rv2048c,2303011,428
rv2048c,2303267,717
rv2048c,2303278,0
rv2048c,2303318,1.3
rv2048c,2303328,10.1
rv2048c,2303461,213.2
rv2048c,2303707,545.6
rv2048c,2303759,211
rv2048c,2303765,0
rv2048c,2303789,788.5
rv2048c,2303839,217.29999999999998
rv2048c,2303877,286
rv2048c,2303926,58.9
rv2048c,2303968,201.6
rv2048c,2304247,731.5
rv2048c,2304302,827.1
rv2048c,2304320,93.60000000000001
rv2048c,2304492,25.7
rv2048c,2304533,0
rv2048c,2304571,453.7
rv2048c,2304596,10.1
rv2048c,2304602,80.2
rv2048c,2304624,191.20000000000002
rv2048c,2304648,231.5
rv2048c,2304663,56.300000000000004
rv2048c,2304746,1150.3
rv2048c,2305022,934.6999999999999
rv2048c,2305260,0
rv2048c,2305326,104.1
rv2048c,2305511,646.9
rv2048c,2305632,135.5
rv2048c,2305647,659.7
rv2048c,2305656,1115.3
rv2048c,2305764,376.8
rv2048c,2305857,3072.5
rv2048c,2305866,809.7
rv2048c,2305925,2149.9
rv2048c,2306067,868
rv2048c,2306103,134.9
rv2048c,2306225,1056.3999999999999
rv2048c,2306361,2542.4
rv2048c,2306394,650.8
rv2048c,2306432,11519.2
rv2048c,2306480,151.4
rv2048c,2306510,622.6
rv2048c,2306536,611.5
rv2048c,2306574,335.9
rv2048c,2306638,110.39999999999999
rv2048c,2306658,683.5
rv2048c,2306717,1477.4
rv2048c,2306724,2167
rv2051c,2308321,0
rv2051c,2308327,0
rv2051c,2308395,0
rv2051c,2308449,0
rv2051c,2308458,0
rv2051c,2308506,0
rv2051c,2308513,0
rv2051c,2308532,0
rv2051c,2308556,0
rv2051c,2308575,0
rv2051c,2308683,0
rv2051c,2308719,0
rv2051c,2308912,0
rv2051c,2308948,0
rv2051c,2308986,0
rv2051c,2309295,2247.5
rv2051c,2309345,3340.8
rv2051c,2309368,299.1
rv2051c,2309385,7908.9
rv2051c,2309408,1940.1
rv2051c,2309542,1802.7
rv2051c,2309622,172.5
rv2051c,2309661,3722.7
rv2051c,2309737,2245.7
rv2051c,2309969,3084.4
rv2051c,2310067,0
rv2051c,2310122,7477.3
rv2051c,2310233,855.1
rv2051c,2310410,2995.7
rv2051c,2310522,3438.9
rv2051c,2310539,876.6999999999999
rv2051c,2310549,566.2
rv2051c,2310657,5866.9
rv2053c,2312531,753
rv2053c,2312563,128.5
rv2053c,2312599,20623.8
rv2053c,2312625,5008.5
rv2053c,2313035,2575.5
rv2062c,2317355,3986.2999999999997
rv2062c,2317376,2646.6
rv2062c,2317412,772.3
rv2062c,2317424,2534.1
rv2062c,2317460,1414.4
rv2062c,2317581,726
rv2062c,2317583,3701
rv2062c,2317640,442.1
rv2062c,2317649,941.5
rv2062c,2317689,204.3
rv2062c,2317710,98.30000000000001
rv2062c,2317718,0
rv2062c,2317769,167.5
rv2062c,2317793,1051.5
rv2062c,2317862,174.5
rv2062c,2317952,3023.3
rv2062c,2318056,0
rv2062c,2318140,0
rv2062c,2318261,0
rv2062c,2318342,0
rv2062c,2318362,228
rv2062c,2318434,137.29999999999998
rv2062c,2318476,0
rv2062c,2318821,438.3
rv2062c,2319002,10.1
rv2062c,2319043,489.6
rv2062c,2319093,0
rv2062c,2319107,698
rv2062c,2319249,9.1
rv2062c,2319263,215.1
rv2062c,2319275,771.6
rv2062c,2319308,533.2
rv2062c,2319414,292.9
rv2062c,2319452,1998.6000000000001
rv2062c,2319460,1259.3
rv2062c,2319506,871
rv2062c,2319650,0
rv2062c,2319743,218.3
rv2062c,2319854,1003.2
rv2062c,2319999,53.4
rv2062c,2320193,764
rv2062c,2320250,519.8
rv2062c,2320283,8006.1
rv2062c,2320286,3184.6
rv2062c,2320451,5184.8
rv2062c,2320537,983
rv2062c,2320546,209.2
rv2062c,2320592,0
rv2062c,2320685,1135.2
rv2062c,2320710,1247.9
rv2064,2321737,716.8
rv2064,2321775,1.3
rv2064,2322048,36.2
rv2064,2322057,90.8
rv2064,2322064,0
rv2064,2322138,127.3
rv2064,2322159,45.8
rv2064,2322408,1939.9
rv2064,2322530,88.1
rv2064,2322548,685.4
rv2065,2322569,2944.9
rv2065,2322573,2752.5
rv2065,2322593,766.3
rv2065,2322613,126.7
rv2065,2322719,2866.8
rv2065,2322957,903.9
rv2065,2323106,2919
rv2065,2323167,171.20000000000002
rv2068c,2325895,8103.7
rv2068c,2325961,2946.3
rv2068c,2326000,4942.4
rv2068c,2326051,868.8
rv2068c,2326232,2914
rv2068c,2326318,833.6999999999999
rv2068c,2326325,4418.4
rv2068c,2326394,2719
rv2068c,2326396,4813.5
rv2068c,2326401,2492.7
rv2068c,2326492,6658.9
rv2068c,2326597,985.4
rv2068c,2326633,29441.899999999998
rv2068c,2326654,5719.5
rv2068c,2326779,470.9
rv2069,2326984,23
rv2069,2327038,2946.1
rv2069,2327078,3958.7
rv2069,2327127,1372.3
rv2069,2327277,2625.4
rv2069,2327322,1293.3
rv2069,2327343,1533.2
rv2069,2327396,2228.9
rv2069,2327507,10.1
rv2070c,2327559,30.2
rv2070c,2327586,430.4
rv2070c,2327603,0
rv2070c,2327713,1667.2
rv2070c,2327719,2891.3
rv2070c,2327733,3448
rv2070c,2327780,62.6
rv2070c,2327828,293.2
rv2070c,2327863,313.6
rv2070c,2327904,0
rv2070c,2327921,0
rv2070c,2327949,1192.2
rv2070c,2327956,391
rv2070c,2328006,48
rv2070c,2328132,77.69999999999999
rv2071c,2328240,885.4
rv2071c,2328264,1636.7
rv2071c,2328266,7520.7
rv2071c,2328270,12361.3
rv2071c,2328280,301.7
rv2071c,2328361,0
rv2071c,2328380,210.29999999999998
rv2071c,2328441,9.2
rv2071c,2328452,1249.4
rv2071c,2328551,247.6
rv2071c,2328626,385.8
rv2071c,2328656,241.60000000000002
rv2071c,2328675,78.9
rv2071c,2328726,1827.4
rv2071c,2328891,1126.3
rv2071c,2328941,2089.9
rv2071c,2328975,4817.3
rv2072c,2329061,977.6
rv2072c,2329078,462
rv2072c,2329100,631.7
rv2072c,2329207,1265.4
rv2072c,2329423,417.7
rv2072c,2329547,1242.6
rv2072c,2329614,511.7
rv2072c,2329811,3470.2
rv2072c,2329914,469.7
rv2072c,2329951,2342.6
rv2072c,2330031,55.2
rv2072c,2330066,18.1
rv2072c,2330071,41.1
rv2080,2337390,1925.5
rv2080,2337439,540.5
rv2080,2337571,3439.9
rv2080,2337593,1023.1999999999999
rv2080,2337644,5266.7
rv2080,2337710,6628.6
rv2080,2337723,5466.0999999999995
rv2080,2337762,2335
rv2080,2337779,6498.2
rv2080,2337814,8348.3
rv2088,2344458,0
rv2088,2344465,947.1
rv2088,2344477,6410.6
rv2088,2344501,7178
rv2088,2344503,2735.1
rv2088,2344514,1001.1
rv2088,2344532,185.3
rv2088,2344678,635.7
rv2088,2344761,758.6
rv2088,2344794,576.1
rv2088,2344816,3105.2000000000003
rv2088,2344826,63.8
rv2088,2344885,100.6
rv2088,2344962,103.39999999999999
rv2088,2345016,329
rv2088,2345035,73.69999999999999
rv2088,2345047,43.6
rv2088,2345256,39
rv2088,2345308,167.2
rv2088,2345436,0
rv2088,2345614,9.1
rv2088,2345762,522.4
rv2088,2345769,345.3
rv2088,2345796,41.2
rv2088,2345941,752
rv2088,2345954,464.7
rv2088,2346049,1049.8
rv2088,2346086,1774.7
rv2088,2346162,1743.3
rv2088,2346178,246.00000000000003
rv2089c,2346206,1574.8
rv2089c,2346317,816.7
rv2089c,2346381,411.2
rv2089c,2346383,3738.1
rv2089c,2346437,1616.9
rv2089c,2346554,128.5
rv2089c,2346565,398.09999999999997
rv2089c,2346593,185
rv2089c,2346617,1317.6
rv2089c,2346629,1052.5
rv2089c,2346686,70.4
rv2089c,2346739,346.5
rv2089c,2346787,88.2
rv2089c,2346864,1032.9
rv2089c,2346931,213.29999999999998
rv2089c,2347006,0
rv2089c,2347043,2.9
rv2089c,2347214,933.9
rv2089c,2347226,122.2
rv2089c,2347237,1069.4
rv2089c,2347282,58.8
rv2089c,2347301,160.8
rv2092c,2349343,222.9
rv2092c,2349386,43.9
rv2092c,2349401,115.30000000000001
rv2092c,2349431,274.5
rv2092c,2349492,119.5
rv2092c,2349540,349.90000000000003
rv2092c,2349565,2223.6
rv2092c,2349678,44.7
rv2092c,2349742,936.8
rv2092c,2349783,928.3000000000001
rv2092c,2349803,12640.5
rv2092c,2349807,3084.1
rv2092c,2349841,531.6
rv2092c,2349984,1396.8
rv2092c,2350011,8388.8
rv2092c,2350015,3390.2000000000003
rv2092c,2350058,7284.4
rv2092c,2350151,927
rv2092c,2350267,444.2
rv2092c,2350308,359.7
rv2092c,2350449,2034.3000000000002
rv2092c,2350510,1718.3
rv2092c,2350563,2054.8
rv2092c,2350621,3958.4
rv2092c,2350699,2128.4
rv2092c,2350814,88.10000000000001
rv2092c,2350849,5014.1
rv2092c,2350934,486.7
rv2092c,2350962,2210.7
rv2092c,2351055,1798.3
rv2092c,2351074,3868.6
rv2092c,2351077,1658.9
rv2092c,2351085,457.3
rv2092c,2351299,1049.1
rv2092c,2351431,0
rv2092c,2351680,2123.5
rv2092c,2351713,50.8
rv2092c,2351812,1062.6
rv2092c,2351869,1920.3
rv2092c,2351879,2336
rv2092c,2352021,3731.2999999999997
rv2093c,2352112,1169.9
rv2093c,2352258,0
rv2093c,2352382,8.7
rv2093c,2352478,0
rv2093c,2352559,2.9
rv2093c,2352567,9.1
rv2093c,2352637,0
rv2093c,2352670,2.8
rv2093c,2352785,0
rv2093c,2352817,12
rv2093c,2352871,0
rv2093c,2352936,60.1
rv2093c,2352998,58.4
rv2094c,2353055,2328.2
rv2094c,2353140,2.9
rv2094c,2353188,0
rv2101,2360396,4028.4
rv2101,2360531,370
rv2101,2360599,5.8
rv2101,2360617,975
rv2101,2361033,0
rv2101,2361134,4818.1
rv2101,2361337,260.6
rv2101,2361354,18.9
rv2101,2361445,6178
rv2101,2361447,5867.6
rv2101,2361621,0
rv2101,2361660,4565.9
rv2101,2361752,609.8
rv2101,2361853,671.2
rv2101,2361950,1285.3
rv2101,2362016,5858.9
rv2101,2362087,3815.2999999999997
rv2101,2362168,16186.3
rv2101,2362170,4899.5
rv2101,2362207,3811.2
rv2101,2362289,307.3
rv2101,2362414,76.8
rv2101,2362483,7960.3
rv2101,2362555,2744.7
rv2101,2362588,1731.3
rv2101,2362812,3067.8
rv2101,2362891,4085.4
rv2101,2362995,0
rv2101,2363287,2646.9
rv2107,2367383,6909.7
rv2107,2367446,713.2
rv2107,2367502,2535.2000000000003
rv2107,2367506,3083.4
rv2107,2367518,114.19999999999999
rv2107,2367531,1921.3999999999999
rv2107,2367534,1098.2
rv2107,2367550,1464.1
rv2107,2367625,1138.7
rv2107,2367661,2157.6
rv2108,2367765,2277.7999999999997
rv2108,2367767,4905.2
rv2108,2367792,169.9
rv2108,2367887,7119.2
rv2108,2367889,3270.6
rv2108,2367915,2640.2
rv2108,2367932,8999.1
rv2108,2367970,5555.2
rv2108,2368007,2099.9
rv2108,2368018,1537.2
rv2108,2368136,1206.9
rv2108,2368164,2257.6
rv2108,2368178,7057.5
rv2108,2368203,1138.5
rv2108,2368250,2978.6
rv2108,2368286,3701.6
rv2108,2368365,444.8
rv2108,2368374,2090.1
rv2108,2368403,3850.6
rv2108,2368427,3468.2999999999997
rv2108,2368441,5103
rv2109c,2369033,12.5
rv2109c,2369114,0
rv2109c,2369191,0
rv2109c,2369226,0
rv2109c,2369310,0
rv2109c,2369314,0
rv2109c,2369317,0
rv2109c,2369322,0
rv2109c,2369349,0
rv2109c,2369385,0
rv2109c,2369417,0
rv2109c,2369430,0
rv2109c,2369472,11
rv2109c,2369478,0
rv2109c,2369568,0
rv2109c,2369634,1.3
rv2109c,2369674,0
rv2109c,2369724,0
rv2110c,2369763,279.3
rv2110c,2369924,0
rv2110c,2369967,0
rv2110c,2369978,0
rv2110c,2370032,0
rv2110c,2370081,0
rv2110c,2370119,0
rv2110c,2370183,0
rv2110c,2370242,0
rv2110c,2370263,0
rv2110c,2370312,0
rv2110c,2370320,0
rv2110c,2370333,0
rv2110c,2370335,0
rv2110c,2370416,0
rv2110c,2370544,1.3
rv2110c,2370550,0
rv2110c,2370576,0
rv2116,2376598,1128.9
rv2116,2376631,347.2
rv2116,2376888,7098.7
rv2116,2377046,1370.8
rv2116,2377079,2016.7
rv2116,2377106,172.3
rv2121c,2380019,0
rv2121c,2380034,0
rv2121c,2380110,0
rv2121c,2380322,0
rv2121c,2380348,0
rv2121c,2380388,0
rv2121c,2380502,0
rv2121c,2380504,0
rv2121c,2380595,0
rv2122c,2380684,0
rv2122c,2380735,0
rv2122c,2380826,0
rv2123,2381199,1648.3999999999999
rv2123,2381307,73.39999999999999
rv2123,2381314,68.9
rv2123,2381376,303.6
rv2123,2381378,7240.8
rv2123,2381402,7589.6
rv2123,2381407,1072.9
rv2123,2381505,683.3
rv2123,2381547,1418.6000000000001
rv2123,2381608,2475.8
rv2123,2381636,155.4
rv2123,2381677,4753.4000000000005
rv2123,2381706,1606.2
rv2123,2381811,2879.4
rv2123,2381835,4262.9
rv2123,2381914,2.6
rv2123,2382008,443.5
rv2123,2382029,1032.1
rv2123,2382111,514.7
rv2123,2382179,407.6
rv2123,2382425,1185
rv2123,2382433,1349
rv2123,2382498,1997.6
rv2124c,2382510,2135.5
rv2124c,2382569,2943.3
rv2124c,2382581,95.4
rv2124c,2382657,0
rv2124c,2382684,2.9
rv2124c,2382699,2326.1
rv2124c,2382783,585.2
rv2124c,2382817,33.1
rv2124c,2382834,1242.7
rv2124c,2382843,302.5
rv2124c,2383017,0
rv2124c,2383089,1370.7
rv2124c,2383095,1672.9
rv2124c,2383149,348.90000000000003
rv2124c,2383191,548.7
rv2124c,2383223,106.80000000000001
rv2124c,2383272,278.2
rv2124c,2383432,2293
rv2124c,2383459,555.1
rv2124c,2383554,357.09999999999997
rv2124c,2383572,489.6
rv2124c,2383599,1618.2
rv2124c,2383803,382.8
rv2124c,2383932,578.5
rv2124c,2383952,2964.1
rv2124c,2384159,1788.3
rv2124c,2384238,2173
rv2124c,2384259,943.6
rv2124c,2384748,747.6
rv2124c,2384904,1580.8
rv2124c,2384976,119.1
rv2124c,2385081,2210.1
rv2124c,2385105,1664
rv2124c,2385163,85.6
rv2124c,2385264,342.4
rv2124c,2385563,2990.5
rv2124c,2385633,3640.8
rv2124c,2385654,860.9
rv2124c,2385711,3539
rv2124c,2385779,3226.9
rv2124c,2385807,819.7
rv2124c,2385876,823.9
rv2124c,2385980,8871.300000000001
rv2124c,2386050,1938.8
rv2126c,2387290,2643.3
rv2126c,2387500,181.2
rv2126c,2387686,331.59999999999997
rv2126c,2387842,0
rv2126c,2387919,1813.6
rv2126c,2387962,12.9
rv2127,2388672,616.7
rv2127,2388795,8755.5
rv2127,2388885,14740.8
rv2127,2388918,1603
rv2127,2388936,5503
rv2127,2388990,7755.6
rv2127,2389150,2012.7
rv2127,2389182,149.6
rv2127,2389271,2707.9
rv2127,2389293,1285.8
rv2127,2389312,1330.3
rv2127,2389398,5571.2
rv2127,2389420,684.9
rv2127,2389437,6647.5
rv2127,2389439,2025.2
rv2127,2389446,4923.5
rv2127,2389532,706.6
rv2127,2389566,3659.6
rv2127,2389653,785.8
rv2127,2389866,2553.6
rv2127,2389875,593.4
rv2127,2389910,1868.9
rv2127,2389961,6970.8
rv2127,2389992,2187
rv2127,2389999,3000.7
rv2127,2390042,2289.4
rv2131c,2392601,2118.2
rv2131c,2392619,1546.7
rv2131c,2392724,2634.7000000000003
rv2131c,2392736,1034.8
rv2131c,2392902,132.1
rv2131c,2392913,1162.5
rv2131c,2393002,2047.8
rv2131c,2393061,2148.5
rv2131c,2393169,906.3000000000001
rv2138,2397342,650.9
rv2138,2397352,795.3
rv2138,2397433,16
rv2138,2397449,0
rv2138,2397493,27.3
rv2138,2397552,40.5
rv2138,2397734,12
rv2138,2397866,21.4
rv2138,2397918,1.3
rv2138,2397960,6.8999999999999995
rv2138,2397973,1.3
rv2138,2398128,76.1
rv2138,2398136,51.1
rv2138,2398169,0
rv2138,2398190,8.8
rv2138,2398256,20.200000000000003
rv2138,2398275,17.9
rv2138,2398281,7.1
rv2138,2398295,0
rv2138,2398352,35.1
rv2139,2398731,0
rv2139,2398951,11
rv2139,2398980,0
rv2139,2399156,0
rv2139,2399202,0
rv2139,2399241,0
rv2139,2399281,11
rv2139,2399422,0
rv2139,2399562,0
rv2139,2399659,0
rv2139,2399667,0
rv2139,2399669,0
rv2139,2399682,0
rv2139,2399799,5956.6
rv2140c,2399807,107
rv2140c,2399819,1429.5
rv2140c,2399876,3425.9
rv2140c,2399929,85.9
rv2140c,2399939,1799.3
rv2140c,2399942,1249.6
rv2140c,2399984,1301.8999999999999
rv2140c,2399994,547.1999999999999
rv2140c,2400137,577.1
rv2140c,2400145,0
rv2140c,2400243,163
rv2140c,2400314,422.6
rv2145c,2404625,1417.7
rv2145c,2404730,0
rv2145c,2404751,0
rv2145c,2404767,0
rv2145c,2404858,0
rv2145c,2405055,0
rv2145c,2405171,0
rv2145c,2405202,0
rv2145c,2405339,0
rv2145c,2405355,0
rv2145c,2405364,0
rv2145c,2405397,0
rv2149c,2407731,665.1
rv2149c,2407868,12925.6
rv2149c,2408007,213.3
rv2149c,2408079,2067.8
rv2149c,2408115,2041.2
rv2149c,2408346,955.8
rv2149c,2408370,3451.4
rv2150c,2408696,0
rv2150c,2408924,0
rv2150c,2408938,0
rv2150c,2408989,0
rv2150c,2409011,0
rv2150c,2409304,0
rv2150c,2409487,0
rv2150c,2409513,0
rv2151c,2409706,943.4
rv2151c,2409742,0
rv2151c,2409950,0
rv2151c,2409976,0
rv2151c,2410108,0
rv2151c,2410294,0
rv2151c,2410463,749.3
rv2151c,2410580,135.3
rv2152c,2410771,0
rv2152c,2410818,0
rv2152c,2410893,0
rv2152c,2410904,27.700000000000003
rv2152c,2410971,0
rv2152c,2411076,0
rv2152c,2411291,0
rv2152c,2411311,0
rv2152c,2411388,0
rv2152c,2411517,0
rv2152c,2411535,0
rv2152c,2411589,11
rv2152c,2411662,0
rv2152c,2411893,0
rv2153c,2412337,0
rv2153c,2412389,0
rv2153c,2412415,0
rv2153c,2412470,0
rv2153c,2412494,0
rv2153c,2412509,1.3
rv2153c,2412822,0
rv2153c,2412928,0
rv2153c,2412932,0
rv2153c,2412940,0
rv2153c,2412950,0
rv2153c,2413100,0
rv2153c,2413129,0
rv2153c,2413155,0
rv2154c,2413363,15.5
rv2154c,2413414,238.1
rv2154c,2413615,3759.4
rv2154c,2413725,0
rv2154c,2413813,0
rv2154c,2413898,0
rv2154c,2413918,0
rv2154c,2413935,0
rv2154c,2414020,0
rv2154c,2414104,0
rv2154c,2414164,0
rv2154c,2414248,0
rv2154c,2414432,0
rv2154c,2414605,0
rv2154c,2414615,0
rv2154c,2414680,0
rv2154c,2414825,23.3
rv2154c,2414925,0
rv2155c,2414943,9.1
rv2155c,2414994,0
rv2155c,2415140,0
rv2155c,2415178,0
rv2155c,2415184,0
rv2155c,2415236,0
rv2155c,2415356,0
rv2155c,2415369,0
rv2155c,2415426,0
rv2155c,2415584,0
rv2155c,2415761,0
rv2155c,2415798,0
rv2155c,2415961,0
rv2155c,2416077,0
rv2155c,2416094,0
rv2155c,2416106,0
rv2155c,2416157,0
rv2155c,2416203,0
rv2155c,2416211,0
rv2155c,2416237,0
rv2155c,2416364,0
rv2157c,2417600,0
rv2157c,2417762,0
rv2157c,2417801,0
rv2157c,2417928,0
rv2157c,2418076,0
rv2157c,2418142,0
rv2157c,2418465,0
rv2157c,2418734,0
rv2157c,2418818,0
rv2157c,2418955,0
rv2158c,2419033,0
rv2158c,2419312,0
rv2158c,2419439,0
rv2158c,2419589,0
rv2158c,2419600,0
rv2158c,2419624,0
rv2158c,2419844,0
rv2158c,2420113,0
rv2158c,2420132,0
rv2158c,2420172,0
rv2158c,2420201,0
rv2162c,2423326,2781.3
rv2162c,2423397,856
rv2162c,2423412,170.79999999999998
rv2162c,2423511,362.5
rv2162c,2423678,493.2
rv2162c,2423907,379.1
rv2162c,2423976,0
rv2162c,2424107,408.4
rv2162c,2424293,529.2
rv2162c,2424429,110.8
rv2162c,2424443,1265.8
rv2162c,2424587,5350.3
rv2162c,2424632,3175.5
rv2162c,2424662,2566.7
rv2163c,2425057,1560.6
rv2163c,2425219,0
rv2163c,2425264,0
rv2163c,2425279,11
rv2163c,2425313,0
rv2163c,2425336,0
rv2163c,2425364,0
rv2163c,2425375,0
rv2163c,2425511,0
rv2163c,2425524,9.1
rv2163c,2425555,0
rv2163c,2425601,0
rv2163c,2425610,0
rv2163c,2425619,0
rv2163c,2425715,0
rv2163c,2425720,0
rv2163c,2425723,0
rv2163c,2425799,0
rv2163c,2425801,0
rv2163c,2425838,0
rv2163c,2425872,0
rv2163c,2426100,0
rv2163c,2426134,0
rv2163c,2426203,0
rv2163c,2426242,0
rv2163c,2426362,0
rv2163c,2426401,0
rv2163c,2426452,10.1
rv2163c,2426540,0
rv2163c,2426763,0
rv2171,2433024,221.1
rv2171,2433181,2885.7999999999997
rv2171,2433196,3740.2999999999997
rv2171,2433258,6403.2
rv2171,2433347,2.9
rv2171,2433434,3974.1
rv2171,2433490,2931.7
rv2171,2433492,4639.8
rv2171,2433640,3709.6
rv2173,2434888,1163
rv2173,2434933,472.4
rv2173,2434988,425
rv2173,2435005,810.2
rv2173,2435161,448.9
rv2173,2435337,0
rv2173,2435365,1063.6000000000001
rv2173,2435446,902.9
rv2173,2435453,0
rv2173,2435465,331.3
rv2173,2435504,1144.7
rv2173,2435543,786.6999999999999
rv2173,2435621,946.1
rv2173,2435637,319.4
rv2173,2435648,0
rv2173,2435699,743
rv2173,2435702,514.7
rv2173,2435741,137.6
rv2173,2435911,61.3
rv2176,2438003,1556.4
rv2176,2438048,3842.2
rv2176,2438108,955.5
rv2176,2438169,422.90000000000003
rv2176,2438173,4802.3
rv2176,2438195,448.7
rv2176,2438254,327.7
rv2176,2438274,5728.4
rv2176,2438470,593.6
rv2176,2438488,0
rv2176,2438498,6191.2
rv2176,2438552,2416.2
rv2176,2438573,1170
rv2176,2438583,47.599999999999994
rv2176,2438630,432.3
rv2176,2438670,1442.6
rv2176,2438682,868.9
rv2176,2438741,0
rv2176,2438814,8.8
rv2176,2438858,1823.7
rv2176,2438872,457.8
rv2176,2438914,1998.3999999999999
rv2176,2439096,5779
rv2176,2439146,2137.3
rv2178c,2440341,944.1
rv2178c,2440422,0
rv2178c,2440492,0
rv2178c,2440747,0
rv2178c,2440773,0
rv2178c,2440828,0
rv2178c,2440968,0
rv2178c,2440998,0
rv2178c,2441015,0
rv2178c,2441088,10.1
rv2178c,2441206,0
rv2178c,2441211,0
rv2178c,2441289,0
rv2178c,2441337,0
rv2178c,2441385,0
rv2178c,2441434,0
rv2178c,2441708,0
rv2185c,2447116,814.3
rv2185c,2447136,1713.6
rv2185c,2447186,1005.5
rv2185c,2447225,801
rv2185c,2447245,133.5
rv2185c,2447274,65.39999999999999
rv2185c,2447303,2398.5
rv2185c,2447366,59.4
rv2185c,2447386,911.1999999999999
rv2185c,2447403,4332.8
rv2185c,2447405,7208.4
rv2185c,2447426,199.1
rv2185c,2447480,1529.5
rv2187,2448179,1912.3
rv2187,2448261,3972.8
rv2187,2448270,10041.7
rv2187,2448385,1757.7
rv2187,2448408,502.4
rv2187,2448460,1349.1
rv2187,2448468,3755.8
rv2187,2448505,5217.7
rv2187,2448601,5214.2
rv2187,2448679,2672
rv2187,2448700,959.1
rv2187,2448725,4233
rv2187,2448729,7275.1
rv2187,2448797,2323.2
rv2187,2448813,6558.9
rv2187,2448865,3807.4
rv2187,2448893,1946.7
rv2187,2449017,9289.1
rv2187,2449132,1986.3
rv2187,2449170,246.5
rv2187,2449257,774.2
rv2187,2449281,2517.4
rv2187,2449290,1479.8999999999999
rv2187,2449342,2931.6
rv2187,2449384,1468.4
rv2187,2449429,3000.4
rv2187,2449440,486.4
rv2187,2449460,1262.6000000000001
rv2187,2449559,2267.9
rv2187,2449577,348.59999999999997
rv2187,2449678,532.8
rv2187,2449852,1677.1
rv2187,2449943,0
rv2187,2449956,9384.800000000001
rv2187,2449968,1215
rv2188c,648618,384.1
rv2188c,648854,995.2
rv2188c,648882,0
rv2188c,648905,791
rv2188c,648938,1328.3999999999999
rv2188c,649042,15.8
rv2188c,649065,81
rv2188c,649319,1176.5
rv2188c,649343,62.8
rv2188c,649365,936
rv2188c,649425,0
rv2188c,649467,68.8
rv2188c,649562,0
rv2188c,649634,462.5
rv2188c,649673,10.5
rv2192c,2455941,0
rv2192c,2456020,0
rv2192c,2456176,0
rv2192c,2456195,0
rv2192c,2456398,0
rv2192c,2456463,0
rv2193,2456935,0
rv2193,2456997,0
rv2193,2457006,0
rv2193,2457018,0
rv2193,2457047,0
rv2193,2457110,0
rv2193,2457215,25.9
rv2193,2457263,33.5
rv2193,2457269,0
rv2193,2457314,0
rv2193,2457329,27.3
rv2193,2457396,9.2
rv2193,2457418,0
rv2193,2457455,21.4
rv2193,2457458,0
rv2193,2457492,0
rv2193,2457506,36.8
rv2194,2457596,24.3
rv2194,2457658,0
rv2194,2457701,0
rv2194,2457858,27.6
rv2194,2457963,0
rv2194,2457997,30.2
rv2194,2458001,0
rv2194,2458033,14.299999999999999
rv2194,2458134,9.2
rv2194,2458260,0
rv2194,2458299,0
rv2194,2458303,0
rv2195,2458431,629.1
rv2195,2458476,0
rv2195,2458489,79.3
rv2195,2458519,0
rv2195,2458625,0
rv2195,2458704,0
rv2195,2458793,0
rv2195,2458804,18.5
rv2195,2458814,9.2
rv2195,2458868,0
rv2195,2458882,0
rv2195,2459046,0
rv2195,2459159,0
rv2195,2459177,0
rv2195,2459239,0
rv2195,2459317,12.1
rv2195,2459341,0
rv2195,2459347,0
rv2195,2459486,0
rv2195,2459501,0
rv2195,2459554,0
rv2195,2459621,0
rv2196,2459758,0
rv2196,2459842,0
rv2196,2459875,0
rv2196,2459917,0
rv2196,2459929,12.1
rv2196,2459965,2.9
rv2196,2460166,18
rv2196,2460175,2.9
rv2196,2460243,0
rv2196,2460251,0
rv2196,2460322,0
rv2196,2460338,23.099999999999998
rv2196,2460501,0
rv2196,2460568,12.899999999999999
rv2196,2460610,55
rv2196,2460661,0
rv2196,2460731,0
rv2196,2460739,0
rv2196,2460762,15
rv2196,2460772,0
rv2196,2460850,24.099999999999998
rv2196,2460852,0
rv2196,2460903,0
rv2196,2460967,30.599999999999998
rv2196,2460979,7.9
rv2196,2460990,18.299999999999997
rv2196,2461072,9.2
rv2196,2461124,0
rv2196,2461135,1519.8999999999999
rv2196,2461194,307
rv2196,2461333,802.6
rv2198c,2462319,2958.5
rv2198c,2462361,1818.6
rv2198c,2462374,2933.2999999999997
rv2198c,2462395,78.5
rv2198c,2462409,929.8000000000001
rv2198c,2462653,1560.8
rv2198c,2462680,407.8
rv2198c,2462735,670.3
rv2198c,2462808,491.1
rv2198c,2462817,943.4
rv2198c,2462823,1616.4
rv2198c,2462847,1847.4
rv2198c,2462886,705.4
rv2198c,2462898,475.4
rv2200c,2463669,3384
rv2200c,2463674,6015.4
rv2200c,2463706,708.7
rv2200c,2463798,0
rv2200c,2463855,2.9
rv2200c,2463952,0
rv2200c,2464001,21
rv2200c,2464033,13.9
rv2200c,2464110,0
rv2200c,2464164,9.1
rv2200c,2464227,15.899999999999999
rv2200c,2464263,0
rv2200c,2464297,0
rv2200c,2464325,0
rv2200c,2464362,14.899999999999999
rv2200c,2464391,9.1
rv2200c,2464412,2.9
rv2200c,2464425,0
rv2200c,2464475,0
rv2200c,2464508,0
rv2200c,2464576,0
rv2201,2465254,0
rv2201,2465281,0
rv2201,2465287,0
rv2201,2465371,0
rv2201,2465493,0
rv2201,2465605,0
rv2201,2465620,11
rv2201,2465654,0
rv2201,2465722,0
rv2201,2465779,0
rv2201,2465823,0
rv2201,2465865,0
rv2201,2466061,0
rv2201,2466095,0
rv2201,2466181,0
rv2201,2466190,0
rv2201,2466223,0
rv2201,2466334,0
rv2201,2466337,0
rv2201,2466380,0
rv2201,2466433,2.6
rv2201,2466530,11
rv2201,2466627,0
rv2201,2466640,0
rv2201,2466666,10.1
rv2201,2466760,0
rv2201,2466814,0
rv2201,2466885,1.3
rv2201,2466946,1122.3
rv2201,2466961,7265
rv2207,2471644,384
rv2207,2471817,103.9
rv2207,2471921,522.1
rv2207,2471931,58.1
rv2207,2471949,164.9
rv2207,2472021,97.1
rv2207,2472045,590.1
rv2207,2472146,512.8
rv2208,2472544,177.4
rv2208,2472706,1551.1000000000001
rv2208,2472752,0
rv2208,2472774,5190.8
rv2208,2472925,406.5
rv2208,2472946,797.7
rv2208,2473010,116.5
rv2208,2473099,94.8
rv2208,2473111,51.1
rv2208,2473248,1488.1
rv2210c,2475099,0
rv2210c,2475138,0
rv2210c,2475267,0
rv2210c,2475269,0
rv2210c,2475353,0
rv2210c,2475400,0
rv2210c,2475404,0
rv2210c,2475452,0
rv2210c,2475482,9.1
rv2210c,2475488,0
rv2210c,2475548,0
rv2210c,2475601,0
rv2210c,2475731,0
rv2210c,2475764,2.2
rv2210c,2475806,0
rv2210c,2475814,0
rv2210c,2475848,0
rv2210c,2475864,0
rv2210c,2475878,0
rv2210c,2475946,11
rv2211c,2476438,0
rv2211c,2476503,0
rv2211c,2476564,0
rv2211c,2476582,0
rv2211c,2476618,0
rv2211c,2476633,10.1
rv2211c,2476642,1.3
rv2211c,2476701,0
rv2211c,2476717,0
rv2211c,2476767,0
rv2211c,2476790,0
rv2211c,2476834,2.9
rv2211c,2476837,0
rv2211c,2476888,0
rv2211c,2476910,0
rv2211c,2477050,0
rv2211c,2477130,2.9
rv2211c,2477166,1460.1
rv2213,2478364,2876
rv2213,2478368,4278.9
rv2213,2478657,2565.2
rv2213,2478725,70.7
rv2213,2478734,2701.6
rv2213,2478787,358.09999999999997
rv2213,2478978,46.6
rv2213,2479026,493.8
rv2213,2479057,480
rv2213,2479197,0
rv2213,2479393,1711.5
rv2213,2479489,3474.1
rv2213,2479547,1214.5
rv2213,2479792,3289
rv2213,2479816,3517.2
rv2213,2479891,835.7
rv2214c,2479932,1303.5
rv2214c,2479954,130
rv2214c,2479992,2916
rv2214c,2479994,1748.7
rv2214c,2480001,2951
rv2214c,2480066,1582
rv2214c,2480082,1139.6
rv2214c,2480170,411
rv2214c,2480265,16376.1
rv2214c,2480289,1065.3
rv2214c,2480316,1499.5
rv2214c,2480577,4131.7
rv2214c,2480583,2002.5
rv2214c,2480653,786.1
rv2214c,2480722,0
rv2214c,2480748,1217.5
rv2214c,2480777,663.5
rv2214c,2480928,1387.3
rv2214c,2480934,421.90000000000003
rv2214c,2480946,3090.5
rv2214c,2480990,3338.6
rv2214c,2481036,1541.6
rv2214c,2481048,968.8
rv2214c,2481188,181.8
rv2214c,2481207,5789.1
rv2214c,2481239,635.4
rv2214c,2481279,1559.2
rv2214c,2481285,4011.7999999999997
rv2214c,2481366,1723.1000000000001
rv2214c,2481477,1321.1
rv2214c,2481528,856
rv2214c,2481645,1224.2
rv2215,2482029,0
rv2215,2482503,176.2
rv2215,2482699,103.7
rv2215,2482913,173.2
rv2215,2483039,0
rv2215,2483154,108.9
rv2215,2483158,225
rv2215,2483185,422.59999999999997
rv2215,2483188,172.5
rv2215,2483204,169.79999999999998
rv2215,2483301,0
rv2215,2483379,0
rv2215,2483518,152
rv2215,2483533,275.4
rv2215,2483624,452.6
rv2217,2484603,639.3
rv2217,2484655,0
rv2217,2484674,0
rv2217,2484686,0
rv2217,2484748,0
rv2217,2484765,9.1
rv2217,2484862,0
rv2217,2484904,0
rv2217,2485167,0
rv2217,2485235,419.1
rv2217,2485268,1726.5
rv2217,2485280,516.5
rv2218,2485312,0
rv2218,2485395,0
rv2218,2485629,0
rv2218,2485686,0
rv2218,2485838,0
rv2218,2485869,0
rv2218,2485892,0
rv2218,2486012,0
rv2218,2486025,0
rv2218,2486128,0
rv2218,2486147,0
rv2218,2486157,0
rv2218,2486175,0
rv2218,2486189,1562.6
rv2218,2486214,13.100000000000001
rv2220,2487680,0
rv2220,2487892,0
rv2220,2487932,0
rv2220,2487974,11
rv2220,2488007,0
rv2220,2488031,11
rv2220,2488079,0
rv2220,2488154,0
rv2220,2488178,0
rv2220,2488205,0
rv2220,2488310,0
rv2220,2488355,0
rv2220,2488361,0
rv2220,2488490,0
rv2220,2488505,0
rv2220,2488535,11
rv2220,2488551,0
rv2220,2488601,0
rv2220,2488622,0
rv2220,2488646,0
rv2220,2488648,0
rv2220,2488751,0
rv2220,2488792,0
rv2220,2488838,0
rv2220,2488867,0
rv2220,2488928,0
rv2220,2489030,0
rv2220,2489045,0
rv2220,2489048,0
rv2220,2489057,15492.400000000001
rv2221c,2489401,24.1
rv2221c,2489428,62.1
rv2221c,2489432,183.6
rv2221c,2489695,62.9
rv2221c,2489799,3.9000000000000004
rv2221c,2489858,0
rv2221c,2489881,57
rv2221c,2489929,29.3
rv2221c,2489969,103.9
rv2221c,2489972,50.6
rv2221c,2489981,22
rv2221c,2490182,0
rv2221c,2490434,0
rv2221c,2490518,23.7
rv2221c,2490563,43.5
rv2221c,2490573,25.9
rv2221c,2490632,5.8
rv2221c,2490671,0
rv2221c,2490704,51.9
rv2221c,2490815,5.8
rv2221c,2490911,399.2
rv2221c,2490928,450.9
rv2221c,2491124,626.3
rv2221c,2491163,522
rv2221c,2491213,0
rv2221c,2491227,30
rv2221c,2491249,1677.3
rv2221c,2491255,350.4
rv2221c,2491421,72.9
rv2221c,2491505,107.9
rv2221c,2491508,128.4
rv2221c,2491530,335
rv2221c,2491660,168.5
rv2221c,2491682,603.1
rv2221c,2491888,362.59999999999997
rv2221c,2491895,96.9
rv2221c,2491904,18.1
rv2221c,2491941,748.8
rv2221c,2492299,101.3
rv2222c,2492411,811.6
rv2222c,2492423,1444.9
rv2222c,2492438,383.9
rv2222c,2492459,437.4
rv2222c,2492562,293
rv2222c,2492588,20.1
rv2222c,2492626,2497.8
rv2222c,2492657,1331.7
rv2222c,2492668,1780.5
rv2222c,2492711,990.1
rv2222c,2492740,714.7
rv2222c,2492777,1285.1
rv2222c,2492794,221.39999999999998
rv2222c,2492864,1029.5
rv2222c,2492937,340.8
rv2222c,2493104,773.4
rv2222c,2493284,291.9
rv2222c,2493368,3420.3
rv2222c,2493552,174.5
rv2222c,2493720,426.4
rv2222c,2493750,1316.2
rv2225,2497764,0
rv2225,2497768,0
rv2225,2497779,2.6
rv2225,2497826,0
rv2225,2497873,2.2
rv2225,2497879,0
rv2225,2497954,0
rv2225,2497960,0
rv2225,2498068,0
rv2225,2498388,0
rv2225,2498444,0
rv2225,2498500,0
rv2225,2498522,0
rv2225,2498542,0
rv2225,2498567,0
rv2231c,2504695,411.8
rv2231c,2504758,94.89999999999999
rv2231c,2504766,38.2
rv2231c,2504796,151.1
rv2231c,2505016,432.8
rv2231c,2505059,1473.2
rv2231c,2505168,499.3
rv2231c,2505221,15.8
rv2231c,2505285,454.40000000000003
rv2231c,2505327,513.8
rv2231c,2505378,755.9
rv2231c,2505499,0
rv2231c,2505619,276.6
rv2231c,2505641,815.6
rv2231c,2505648,634.6
rv2231c,2505672,2445.5
rv2234,2507186,771.5
rv2234,2507302,3301.5
rv2234,2507352,81.60000000000001
rv2234,2507357,388.8
rv2234,2507473,17.2
rv2234,2507535,2434.5
rv2234,2507538,881.6
rv2236c,2508478,411.5
rv2236c,2508590,10.1
rv2236c,2508697,0
rv2236c,2508773,2050.7000000000003
rv2236c,2508821,0
rv2236c,2508836,0
rv2236c,2508872,84
rv2236c,2509069,282.5
rv2236c,2509159,0
rv2236c,2509216,1186.6
rv2236c,2509244,929.6
rv2238c,2510724,1143.3999999999999
rv2238c,2510731,1029.9
rv2238c,2510842,0
rv2238c,2510874,1445.4
rv2238c,2510984,32.7
rv2238c,2511108,0
rv2241,2512556,724
rv2241,2512646,218.8
rv2241,2512665,334.2
rv2241,2512711,473.7
rv2241,2512718,1045.7
rv2241,2512784,55.4
rv2241,2512861,1569.9
rv2241,2512871,778.8
rv2241,2512892,1969
rv2241,2512985,463.59999999999997
rv2241,2513078,487.3
rv2241,2513156,1142.4
rv2241,2513177,1944.8
rv2241,2513194,96.5
rv2241,2513487,276.4
rv2241,2513494,4817.2
rv2241,2513513,259.59999999999997
rv2241,2513522,6663.2
rv2241,2513524,1146.1000000000001
rv2241,2513543,1522.9
rv2241,2513614,2057
rv2241,2513645,155.8
rv2241,2513657,550.2
rv2241,2513666,264.9
rv2241,2513729,259.5
rv2241,2513800,687
rv2241,2513861,436.9
rv2241,2513873,398.8
rv2241,2513876,1665
rv2241,2513909,1774.9
rv2241,2513999,1297.3
rv2241,2514105,578.8
rv2241,2514165,377
rv2241,2514173,3337.7000000000003
rv2241,2514175,377.5
rv2241,2514194,2559.7
rv2241,2514196,814.5
rv2241,2514227,1210.2
rv2241,2514314,751.5
rv2241,2514347,3800.7000000000003
rv2241,2514356,843.3
rv2241,2514388,1832.2
rv2241,2514533,1628.1
rv2241,2514551,122.1
rv2241,2514563,1141.5
rv2241,2514623,3787.3
rv2241,2514635,1815.3999999999999
rv2241,2514647,2407.8
rv2241,2514700,853.3
rv2241,2514704,6040.2
rv2241,2514710,212.8
rv2241,2514765,23.8
rv2241,2514858,526
rv2241,2514926,1810.1
rv2241,2515028,6247.6
rv2241,2515088,334.7
rv2241,2515190,96.6
rv2241,2515250,1862.8
rv2243,2516910,0
rv2243,2517086,0
rv2243,2517105,0
rv2243,2517616,0
rv2243,2517622,0
rv2243,2517699,2645
rv2243,2517701,4.3
rv2245,2518143,11
rv2245,2518289,0
rv2245,2518366,0
rv2245,2518403,0
rv2245,2518469,0
rv2245,2518498,0
rv2245,2518929,0
rv2245,2518950,0
rv2245,2518986,0
rv2245,2519070,0
rv2245,2519131,0
rv2245,2519239,0
rv2245,2519293,0
rv2245,2519302,0
rv2245,2519308,0
rv2245,2519368,127.39999999999999
rv2246,2519442,422.3
rv2246,2519481,79.5
rv2246,2519500,377.7
rv2246,2519504,874.3
rv2246,2519556,761.8
rv2246,2519595,1019.8
rv2246,2519707,869
rv2246,2519839,554.2
rv2246,2519847,1634
rv2246,2519896,2015.1
rv2246,2519966,0
rv2246,2520339,72.4
rv2246,2520478,752.4
rv2246,2520590,205.6
rv2246,2520649,391.09999999999997
rv2246,2520655,102.5
rv2246,2520666,1141
rv2246,2520715,1361.3
rv2246,2520718,1500.8
rv2247,2520988,42.3
rv2247,2521082,0
rv2247,2521120,10.1
rv2247,2521171,5.9
rv2247,2521354,0
rv2247,2521474,5.6
rv2247,2521598,1.3
rv2247,2521616,0
rv2247,2521726,22.6
rv2247,2521840,0
rv2247,2521852,52.1
rv2247,2521932,2.9
rv2247,2522097,33.7
rv2247,2522170,757.4
rv2249c,2523272,22.2
rv2249c,2523285,10.5
rv2249c,2523338,351.90000000000003
rv2249c,2523376,73.5
rv2249c,2523475,0
rv2249c,2523631,3679.5
rv2249c,2523637,78.5
rv2249c,2523753,78
rv2249c,2523772,288.3
rv2249c,2523827,2.9
rv2249c,2523913,175.4
rv2249c,2524047,381.5
rv2249c,2524186,1739.6
rv2249c,2524270,81.69999999999999
rv2249c,2524376,0
rv2249c,2524383,218.9
rv2249c,2524570,878
rv2249c,2524674,3812.2
rv2249c,2524694,4.3
rv2249c,2524707,207.9
rv2266,2540182,300.09999999999997
rv2266,2540336,1474.9
rv2266,2540351,3727.9
rv2266,2540384,539.6
rv2266,2540421,1556.8
rv2266,2540429,2992.6
rv2266,2540514,1491.3999999999999
rv2266,2540578,2356.2
rv2266,2540638,3355.6
rv2266,2540777,1950.9
rv2266,2540969,0
rv2266,2541062,4778.5
rv2266,2541140,1119.8
rv2266,2541195,770.1999999999999
rv2266,2541264,522.7
rv2266,2541300,2854.1
rv2266,2541388,4922.6
rv2268c,2542837,2.9
rv2268c,2542850,154.1
rv2268c,2542910,822.9
rv2268c,2542921,206
rv2268c,2543058,67.2
rv2268c,2543139,0
rv2268c,2543180,1061
rv2268c,2543182,966.8
rv2268c,2543256,75.9
rv2268c,2543284,288.2
rv2268c,2543290,819.8
rv2268c,2543307,141
rv2268c,2543410,13.100000000000001
rv2268c,2543525,327.6
rv2268c,2543573,932.1
rv2268c,2543593,46.5
rv2268c,2543654,41.900000000000006
rv2268c,2543725,1265.5
rv2268c,2543842,2.8
rv2268c,2543868,27.2
rv2268c,2543883,989.3
rv2268c,2543904,4404.1
rv2268c,2543937,101.69999999999999
rv2268c,2543946,0
rv2268c,2543998,59.9
rv2268c,2544084,600
rv2268c,2544125,0
rv2268c,2544221,0
rv2270,2544733,1842.1000000000001
rv2270,2544735,7050.7
rv2270,2544848,0
rv2270,2544899,424.2
rv2270,2544955,0
rv2270,2545000,2033.9
rv2270,2545002,2758.7
rv2270,2545080,499.9
rv2270,2545110,425.9
rv2270,2545122,2463.7999999999997
rv2270,2545145,1630.2
rv2276,2547832,1478.6
rv2276,2547848,415.8
rv2276,2547859,1630.8
rv2276,2547869,0
rv2276,2547900,2151.7
rv2276,2548096,149.8
rv2276,2548133,20.6
rv2276,2548244,544.1
rv2276,2548253,1051.2
rv2276,2548320,2194.6
rv2276,2548401,84.4
rv2276,2548423,251.7
rv2276,2548498,323.4
rv2276,2548507,738.8
rv2276,2548567,1225.5
rv2276,2548609,132.8
rv2276,2548718,162.4
rv2276,2548947,543.5
rv2281,2553227,0
rv2281,2553360,2199
rv2281,2553646,0
rv2281,2553677,414.6
rv2281,2553683,1552.1000000000001
rv2281,2553690,0
rv2281,2553861,1376.5
rv2281,2553870,854.1999999999999
rv2281,2553900,3386.8
rv2281,2553925,484.3
rv2281,2553935,566.5
rv2281,2554011,434.09999999999997
rv2281,2554013,440.4
rv2281,2554086,584.6
rv2281,2554089,146.8
rv2281,2554099,370
rv2281,2554241,723.1
rv2281,2554253,4349.6
rv2281,2554257,659
rv2281,2554304,18
rv2281,2554379,328.7
rv2281,2554513,1264.3999999999999
rv2281,2554694,85.6
rv2281,2554723,1233.1
rv2281,2554765,176.9
rv2281,2554825,204.5
rv2284,2556207,80.80000000000001
rv2284,2556242,2801.8
rv2284,2556244,2571.5
rv2284,2556289,444.1
rv2284,2556304,40.3
rv2284,2556318,8.8
rv2284,2556402,139.29999999999998
rv2284,2556480,1606.2
rv2284,2556550,122.80000000000001
rv2284,2556590,404.3
rv2284,2556599,541
rv2284,2556623,850.6
rv2284,2556632,359.3
rv2284,2556655,765.7
rv2284,2556675,803.1
rv2284,2556783,804.5
rv2284,2556809,909.3000000000001
rv2284,2556896,193.7
rv2284,2556969,0
rv2284,2557043,1895.1999999999998
rv2284,2557052,935.3
rv2284,2557151,2587.5
rv2284,2557209,996.4
rv2284,2557239,653.3
rv2284,2557296,1836.6
rv2284,2557298,705.3
rv2284,2557315,35.4
rv2284,2557397,589.9
rv2284,2557448,1322.8999999999999
rv2287,2559732,2021.1000000000001
rv2287,2559766,123.9
rv2287,2559818,35.3
rv2287,2559941,5807.6
rv2287,2560009,610
rv2287,2560173,2762
rv2287,2560295,1933.4
rv2287,2560347,2311
rv2287,2560481,7083.6
rv2287,2560500,617.6
rv2287,2560605,675.9
rv2287,2560635,3223.2
rv2287,2560678,11.8
rv2287,2560701,1062.8
rv2287,2560815,0
rv2287,2560855,1298.7
rv2287,2561020,170
rv2287,2561108,1004.9
rv2287,2561202,1045.3
rv2287,2561301,2211.1
rv2289,2561725,4097.7
rv2289,2561737,1014.1
rv2289,2561767,2.6
rv2289,2561773,824.6
rv2289,2561850,70.4
rv2289,2561858,591.2
rv2289,2561868,1047.1
rv2289,2561913,1700.6
rv2289,2561934,791.3000000000001
rv2289,2561963,962
rv2289,2561989,1398.7
rv2289,2562012,4316
rv2289,2562018,1699
rv2289,2562047,0
rv2289,2562085,7806.9
rv2289,2562142,8561.7
rv2289,2562188,2284.3
rv2289,2562198,4897.8
rv2289,2562303,2790.5
rv2289,2562313,1230
rv2289,2562364,974.3
rv2290,2562650,1271.6
rv2290,2562763,1896.3
rv2290,2562773,10013.6
rv2290,2562820,252.1
rv2290,2562857,1853.6
rv2290,2562866,41.6
rv2290,2562941,890.9
rv2290,2562950,1674
rv2290,2562969,451
rv2290,2562981,818.6999999999999
rv2290,2563035,4253.6
rv2290,2563105,503.7
rv2290,2563111,1582.7
rv2290,2563122,835.9
rv2291,2563307,3811.2999999999997
rv2291,2563311,2256.4
rv2291,2563335,7037.9
rv2291,2563369,2779.2000000000003
rv2291,2563411,1501.5
rv2291,2563469,1082.8
rv2291,2563515,1397.6
rv2291,2563539,1637.2
rv2291,2563548,566.4
rv2291,2563649,354.4
rv2291,2563665,4.5
rv2291,2563671,426.9
rv2291,2563722,4.3
rv2291,2563804,1118.6
rv2291,2563849,137.79999999999998
rv2291,2563901,5528.8
rv2291,2564036,3186.5
rv2299c,2570070,2450.2000000000003
rv2299c,2570077,2466
rv2299c,2570160,0
rv2299c,2570165,113.2
rv2299c,2570267,672.5
rv2299c,2570307,317.7
rv2299c,2570604,1643.8
rv2299c,2570617,1359.5
rv2299c,2570673,1773.8
rv2299c,2570712,4349.4
rv2299c,2570745,2882.2
rv2299c,2570767,970.4
rv2299c,2570788,0
rv2299c,2570850,1566.3
rv2299c,2571012,1531.4
rv2299c,2571063,2832.7000000000003
rv2299c,2571073,48.099999999999994
rv2299c,2571141,1098.1
rv2299c,2571213,4304.8
rv2299c,2571225,4072.1
rv2299c,2571396,1490.1
rv2299c,2571412,87.2
rv2299c,2571435,2351
rv2299c,2571525,7762.3
rv2299c,2571583,470.7
rv2299c,2571621,4394.7
rv2299c,2571781,2058
rv2299c,2571881,844.2
rv2299c,2571928,1643.4
rv2299c,2571936,1777.2
rv2301,2573035,4180.8
rv2301,2573099,2184.2
rv2301,2573124,47
rv2301,2573274,4919
rv2301,2573286,1683.5
rv2301,2573366,372
rv2301,2573388,687
rv2301,2573419,3777.8
rv2301,2573553,2214.1
rv2301,2573658,13531.8
rv2301,2573715,2828.5
rv2316,2588884,5601.3
rv2316,2588951,3679.5
rv2316,2588995,676.8
rv2316,2589101,4003.6000000000004
rv2316,2589169,2201.6
rv2316,2589343,484.5
rv2316,2589362,2.2
rv2316,2589371,70.2
rv2316,2589489,0
rv2316,2589529,9.1
rv2316,2589586,1182.5
rv2316,2589685,692.4
rv2316,2589706,518
rv2316,2589718,832.3
rv2317,2589743,309.8
rv2317,2589768,0
rv2317,2589838,0
rv2317,2589878,1231
rv2317,2589886,0
rv2317,2589983,176.3
rv2317,2590034,210.8
rv2317,2590082,745
rv2317,2590101,187.2
rv2317,2590141,1285.2
rv2317,2590157,224.89999999999998
rv2317,2590173,105.1
rv2317,2590377,624.1
rv2318,2590607,934.5
rv2318,2590649,22.2
rv2318,2590687,501.90000000000003
rv2318,2590728,0
rv2318,2590756,1170
rv2318,2590765,63.7
rv2318,2590823,0
rv2318,2590834,916.3
rv2318,2590846,1629
rv2318,2590865,411.8
rv2318,2590981,1003.2
rv2318,2591082,630.9
rv2318,2591158,2185
rv2318,2591188,1136.5
rv2318,2591193,1681.9
rv2318,2591197,1910.3999999999999
rv2318,2591250,0
rv2318,2591278,62.400000000000006
rv2318,2591355,0
rv2318,2591384,0
rv2318,2591401,715.8000000000001
rv2318,2591417,0
rv2318,2591480,0
rv2318,2591496,4.3
rv2318,2591511,0
rv2318,2591584,800
rv2318,2591638,627.6
rv2318,2591647,694.9
rv2318,2591658,154
rv2318,2591761,563.1
rv2318,2591848,596.4
rv2320c,2592782,1306.1
rv2320c,2592830,1209.1
rv2320c,2592852,2006.3
rv2320c,2592854,855
rv2320c,2592893,8.2
rv2320c,2592901,32.7
rv2320c,2592919,624.4
rv2320c,2592940,1374.6000000000001
rv2320c,2593011,1180
rv2320c,2593021,799.1
rv2320c,2593163,1777.6
rv2320c,2593337,1410.8999999999999
rv2320c,2593442,3429
rv2320c,2593523,1157.5
rv2320c,2593636,265.3
rv2320c,2593705,2317.5
rv2320c,2593734,1988.7
rv2320c,2593754,1669.8
rv2320c,2593789,1091.3
rv2320c,2593796,288.8
rv2320c,2593807,759.1
rv2320c,2593853,2901.1
rv2320c,2593859,773.4
rv2320c,2593865,786.2
rv2320c,2593907,14.700000000000001
rv2320c,2593914,240.70000000000002
rv2320c,2594013,2175.5
rv2320c,2594017,1494.1
rv2328,2600825,1228
rv2328,2600901,1593.4
rv2328,2600912,532.3
rv2328,2600999,717.8
rv2328,2601120,455.9
rv2328,2601427,1535.3
rv2328,2601457,171.5
rv2328,2601597,303
rv2328,2601648,1854.7
rv2328,2601754,316.6
rv2328,2601795,2280.5
rv2328,2601804,1026.3
rv2328,2601887,237.7
rv2329c,2601925,1548.8999999999999
rv2329c,2601977,1119.7
rv2329c,2602057,1910.6
rv2329c,2602090,3598.4
rv2329c,2602141,5066.9
rv2329c,2602160,3787.1
rv2329c,2602212,2613.3
rv2329c,2602306,2246.3
rv2329c,2602332,57.3
rv2329c,2602363,1552.5
rv2329c,2602376,630
rv2329c,2602464,4949.3
rv2329c,2602466,3632.4
rv2329c,2602513,754.3
rv2329c,2602672,5099.1
rv2329c,2602791,78.9
rv2329c,2602816,11408.4
rv2329c,2602834,974.5
rv2329c,2602878,4253.1
rv2329c,2602908,112.1
rv2329c,2602954,3065.8
rv2329c,2603001,635.1
rv2329c,2603029,884.3
rv2329c,2603043,94.2
rv2329c,2603088,1261.8
rv2329c,2603152,2269.7
rv2329c,2603227,929.5
rv2329c,2603281,229.79999999999998
rv2329c,2603358,5177.9000000000005
rv2330c,2603706,4725.8
rv2330c,2603820,2238.7000000000003
rv2330c,2603855,3911.3
rv2330c,2603865,6058.8
rv2330c,2603992,1844.2
rv2330c,2604029,853.9
rv2330c,2604062,273.3
rv2330c,2604217,1330.9
rv2332,2605272,2000.1000000000001
rv2332,2605337,417.2
rv2332,2605355,3728.7999999999997
rv2332,2605403,4858.5
rv2332,2605448,926.6
rv2332,2605579,0
rv2332,2605634,4622.5
rv2332,2605727,3754
rv2332,2605766,380.9
rv2332,2605787,3472.5
rv2332,2605789,701.1
rv2332,2605809,857.1
rv2332,2605869,2006.2
rv2332,2605877,8182.8
rv2332,2605889,3143.1
rv2332,2605944,1764.1000000000001
rv2332,2605946,3525.5
rv2332,2605963,210.7
rv2332,2605969,36.2
rv2332,2605992,6884.6
rv2332,2606162,453.59999999999997
rv2332,2606245,1388.2
rv2332,2606270,651.3
rv2332,2606459,5131.5
rv2332,2606538,76.1
rv2332,2606669,323.5
rv2332,2606730,1907.3
rv2332,2606756,6058.4
rv2332,2606762,1122.1
rv2334,2608933,1203.7
rv2334,2608943,0
rv2334,2609024,384.3
rv2334,2609067,0
rv2334,2609130,1400.8999999999999
rv2334,2609220,883.8
rv2334,2609410,356.2
rv2334,2609497,28.2
rv2334,2609512,670.6
rv2334,2609528,24.7
rv2334,2609537,0
rv2334,2609665,402.90000000000003
rv2334,2609674,529.6
rv2334,2609700,694.8
rv2334,2609736,1981.2
rv2335,2609801,12.7
rv2335,2609826,37.9
rv2335,2609938,1968.7
rv2335,2609942,601.6
rv2335,2610042,1056.7
rv2335,2610403,203.4
rv2338c,2613118,4257.9
rv2338c,2613121,2043.2
rv2338c,2613142,374
rv2338c,2613156,459.5
rv2338c,2613159,401.2
rv2338c,2613180,1342.7
rv2338c,2613184,306.9
rv2338c,2613216,1590
rv2338c,2613240,287.7
rv2338c,2613256,2041.2
rv2338c,2613268,0
rv2338c,2613289,1.3
rv2338c,2613301,1573.7
rv2338c,2613412,414.5
rv2338c,2613423,7128.8
rv2338c,2613453,1168.6
rv2338c,2613462,287.2
rv2338c,2613464,294.1
rv2338c,2613479,86.30000000000001
rv2338c,2613514,60.099999999999994
rv2338c,2613530,220.9
rv2338c,2613536,2436.2
rv2338c,2613560,1540.9
rv2338c,2613585,119.5
rv2338c,2613592,573.4
rv2338c,2613619,84.5
rv2338c,2613684,60.5
rv2338c,2613692,105.2
rv2338c,2613713,147
rv2338c,2613749,13.2
rv2338c,2613752,321.3
rv2338c,2613764,0
rv2338c,2613809,69.89999999999999
rv2338c,2613817,2.9
rv2338c,2613837,60.699999999999996
rv2338c,2613876,311.1
rv2338c,2613947,0
rv2338c,2613977,0
rv2338c,2614012,886.6
rv2339,2614732,5596.1
rv2339,2614813,994.5
rv2339,2614951,375.2
rv2339,2614989,40.3
rv2339,2615005,514.8000000000001
rv2339,2615009,2157.3
rv2339,2615012,152.1
rv2339,2615029,54.099999999999994
rv2339,2615037,258.5
rv2339,2615053,48.4
rv2339,2615119,702.9
rv2339,2615129,760.7
rv2339,2615141,331.6
rv2339,2615212,226.9
rv2339,2615215,554.8
rv2339,2615240,1840.7
rv2339,2615316,918.8000000000001
rv2339,2615328,384.5
rv2339,2615354,168.1
rv2339,2615398,330.6
rv2339,2615441,365
rv2339,2615479,18
rv2339,2615509,86.4
rv2339,2615516,151.3
rv2339,2615540,142.3
rv2339,2615557,0
rv2339,2615585,133.1
rv2339,2615594,1120
rv2339,2615608,0
rv2339,2615651,2261.4
rv2339,2615709,4887.8
rv2339,2615833,310.09999999999997
rv2339,2615907,761.6
rv2339,2615915,42.9
rv2339,2615927,1790.8
rv2339,2615929,2356.1
rv2339,2615939,3048.4
rv2339,2615942,12438.4
rv2339,2615975,2190.5
rv2339,2616224,6224.7
rv2339,2616247,2520
rv2339,2616331,206.8
rv2339,2616370,1381.6
rv2339,2616373,727.5
rv2339,2616430,608.8
rv2339,2616434,422.5
rv2339,2616440,6.5
rv2339,2616504,1134.2
rv2339,2616544,0
rv2339,2616559,839.8
rv2339,2616660,410.2
rv2339,2616669,158.6
rv2339,2616688,11
rv2339,2616752,48.5
rv2339,2616775,0
rv2339,2616823,0
rv2339,2616840,20.1
rv2339,2616868,327.5
rv2339,2616877,506.5
rv2339,2616897,0
rv2339,2616946,0
rv2339,2616953,30.7
rv2339,2616955,126.7
rv2339,2616977,778.4
rv2339,2616997,43.9
rv2339,2617004,262.59999999999997
rv2339,2617009,108.6
rv2339,2617024,96.3
rv2339,2617026,71.8
rv2339,2617035,709.6
rv2339,2617044,204.60000000000002
rv2339,2617048,1471.5
rv2339,2617066,27
rv2339,2617107,2912.1
rv2339,2617123,861
rv2339,2617232,6740.4
rv2339,2617281,2562.9
rv2339,2617344,1545.2
rv2339,2617390,0
rv2339,2617425,2665.3
rv2339,2617435,422
rv2339,2617482,11958.3
rv2340c,2617751,8856.4
rv2340c,2617812,2309.7
rv2340c,2617857,12965.9
rv2340c,2618015,335.6
rv2340c,2618043,110.2
rv2340c,2618078,578.6
rv2340c,2618318,221.4
rv2340c,2618432,582.7
rv2340c,2618659,5130.1
rv2340c,2618688,2496.8
rv2340c,2618723,1325.5
rv2340c,2618734,2159.2
rv2340c,2618846,3328.1
rv2340c,2618865,3334.6
rv2340c,2618906,317
rv2340c,2618918,5373.5999999999995
rv2341,2619614,6490.6
rv2341,2619853,12366
rv2341,2619967,6833.4
rv2341,2619987,373.8
rv2343c,2620576,0
rv2343c,2620592,0
rv2343c,2620631,11
rv2343c,2620737,0
rv2343c,2620739,0
rv2343c,2620836,0
rv2343c,2620857,0
rv2343c,2620872,0
rv2343c,2620910,0
rv2343c,2620973,0
rv2343c,2621210,0
rv2343c,2621254,0
rv2343c,2621292,0
rv2343c,2621395,0
rv2343c,2621516,0
rv2343c,2621654,0
rv2343c,2621738,0
rv2343c,2621765,1.3
rv2343c,2621997,0
rv2343c,2622035,0
rv2343c,2622080,0
rv2343c,2622164,0
rv2343c,2622248,0
rv2343c,2622386,0
rv2343c,2622408,0
rv2343c,2622435,26
rv2344c,2622473,2583.4
rv2344c,2622532,1152
rv2344c,2622534,4474.1
rv2344c,2622589,363.9
rv2344c,2622606,1644.8
rv2344c,2622639,3087.1
rv2344c,2622664,2484.2
rv2344c,2622740,209.5
rv2344c,2622758,2297.3
rv2344c,2622912,4767.2
rv2344c,2623007,181.2
rv2344c,2623101,557
rv2344c,2623178,249.8
rv2344c,2623203,1954
rv2344c,2623257,1143.3
rv2344c,2623289,87.6
rv2344c,2623306,639
rv2344c,2623325,349.59999999999997
rv2344c,2623351,263.8
rv2344c,2623431,374.9
rv2344c,2623457,609.6
rv2344c,2623552,694.5
rv2344c,2623561,1404.8
rv2344c,2623601,0
rv2344c,2623662,386
rv2344c,2623709,2.2
rv2344c,2623737,622.4
rv2346c,2625989,3606.9
rv2346c,2626005,1931.2
rv2346c,2626169,6294.2
rv2347c,2626234,1669.5
rv2347c,2626276,4148.6
rv2347c,2626368,1474.2
rv2347c,2626514,3323
rv2349c,2627183,187.6
rv2349c,2627246,1139.5
rv2349c,2627258,167.1
rv2349c,2627394,2875.7
rv2349c,2627519,2597.1
rv2349c,2627572,5427.9
rv2349c,2627690,2550.4
rv2349c,2627746,3606.7
rv2349c,2627879,2145.7
rv2349c,2627897,229.7
rv2349c,2627948,3805.2999999999997
rv2349c,2627955,479.09999999999997
rv2349c,2628002,11293.3
rv2349c,2628143,5505
rv2349c,2628153,1633
rv2349c,2628185,6215.4000000000005
rv2349c,2628207,1949.6
rv2349c,2628221,6353.3
rv2349c,2628232,13680.3
rv2349c,2628248,10748.4
rv2349c,2628251,7226.4
rv2349c,2628408,8014.3
rv2349c,2628419,250.79999999999998
rv2349c,2628429,17203.9
rv2349c,2628533,7911.3
rv2349c,2628559,2565.2
rv2349c,2628582,124.2
rv2349c,2628617,17682
rv2349c,2628684,903.7
rv2350c,2628867,86.1
rv2350c,2628899,3306
rv2350c,2629009,6491.2
rv2350c,2629132,4750.3
rv2350c,2629134,5830.9000000000005
rv2350c,2629302,6662.4
rv2350c,2629451,1138.5
rv2350c,2629491,1577
rv2350c,2629569,1536.1
rv2350c,2629614,4486.1
rv2350c,2629671,9557.2
rv2350c,2629690,2221.4
rv2350c,2629755,1184.3
rv2350c,2629797,764.1
rv2350c,2629826,51
rv2350c,2629833,1880
rv2350c,2629860,6514
rv2350c,2630034,750.2
rv2350c,2630099,2784.6
rv2350c,2630154,3854.6
rv2350c,2630238,1694.1
rv2350c,2630251,182.20000000000002
rv2350c,2630290,2175
rv2351c,2630614,129.4
rv2351c,2630626,591.6
rv2351c,2630672,4204.1
rv2351c,2630899,3015
rv2351c,2630970,1718.7
rv2351c,2631067,6964.9
rv2351c,2631077,7121.5
rv2351c,2631156,147.7
rv2351c,2631198,5923.4
rv2351c,2631216,49
rv2351c,2631256,5722
rv2351c,2631269,163.8
rv2351c,2631274,799.9
rv2351c,2631332,1245.4
rv2351c,2631379,5062.4
rv2351c,2631465,2333.1
rv2351c,2631520,3638.2000000000003
rv2351c,2631562,2290
rv2351c,2631598,4126.7
rv2351c,2631625,10128.1
rv2351c,2631628,4520.4
rv2351c,2631649,65484
rv2351c,2631910,619.4
rv2351c,2631950,1444.2
rv2351c,2631994,162.29999999999998
rv2352c,2632934,445.09999999999997
rv2352c,2633022,2473
rv2352c,2633043,3342.5
rv2352c,2633103,9362.2
rv2352c,2633199,2469.9
rv2352c,2633245,12095.7
rv2352c,2633265,2186.2000000000003
rv2352c,2633343,6727.3
rv2352c,2633385,15844.6
rv2352c,2633396,652.1
rv2352c,2633598,5904.7
rv2352c,2633642,3674
rv2352c,2633684,15465.300000000001
rv2352c,2633832,795.8
rv2352c,2633888,19695.6
rv2352c,2634027,3489.2
rv2352c,2634056,6890.2
rv2353c,2634539,118.9
rv2353c,2634675,237
rv2353c,2634677,496.4
rv2353c,2634695,2.6
rv2353c,2634720,382.1
rv2353c,2634747,716
rv2353c,2634755,1398.2
rv2353c,2634834,532.6
rv2353c,2634840,94.5
rv2353c,2634918,249.39999999999998
rv2353c,2634930,1155
rv2353c,2634952,105.8
rv2353c,2635054,9.2
rv2353c,2635068,199.4
rv2353c,2635085,480.1
rv2353c,2635128,63.4
rv2353c,2635209,30.2
rv2353c,2635228,2003.3
rv2353c,2635350,4.3
rv2353c,2635422,4750.6
rv2353c,2635431,370.4
rv2353c,2635440,192.7
rv2353c,2635470,1.3
rv2353c,2635560,0
rv2353c,2635575,47.1
rv2357c,2639684,6650.6
rv2357c,2639711,0
rv2357c,2639823,10.1
rv2357c,2639846,0
rv2357c,2639859,0
rv2357c,2639899,0
rv2357c,2640012,0
rv2357c,2640030,11
rv2357c,2640053,0
rv2357c,2640113,0
rv2357c,2640122,0
rv2357c,2640146,0
rv2357c,2640187,0
rv2357c,2640257,0
rv2357c,2640284,0
rv2357c,2640339,0
rv2357c,2640351,0
rv2357c,2640353,0
rv2357c,2640380,0
rv2357c,2640510,0
rv2357c,2640528,0
rv2357c,2640593,0
rv2357c,2640629,0
rv2357c,2640717,33.1
rv2357c,2640746,0
rv2357c,2640773,0
rv2357c,2640780,0
rv2357c,2640952,0
rv2357c,2640962,0
rv2357c,2640989,11
rv2357c,2641007,0
rv2357c,2641030,0
rv2362c,2643483,0
rv2362c,2643485,2.2
rv2362c,2643538,746.8
rv2362c,2643670,582.8
rv2362c,2643690,894.6999999999999
rv2362c,2643853,854.5
rv2362c,2643981,87.7
rv2362c,2644000,1017.5
rv2362c,2644009,349.2
rv2362c,2644100,330.4
rv2362c,2644258,99.89999999999999
rv2363,2644411,3496.2
rv2363,2644508,118.9
rv2363,2644551,172.8
rv2363,2644657,4108.5999999999995
rv2363,2644671,684.6
rv2363,2644737,5591.8
rv2363,2644839,9.1
rv2363,2644869,0
rv2363,2644878,2.9
rv2363,2644931,9699
rv2363,2645012,1531.1
rv2363,2645167,783
rv2363,2645250,4622.7
rv2363,2645275,755.8
rv2363,2645282,3851.5
rv2363,2645345,130.8
rv2363,2645378,316.8
rv2363,2645782,720
rv2364c,2645854,14.7
rv2364c,2645888,0
rv2364c,2645900,0
rv2364c,2645954,8.8
rv2364c,2645968,41.400000000000006
rv2364c,2645982,29.900000000000002
rv2364c,2646142,0
rv2364c,2646145,13
rv2364c,2646177,12.899999999999999
rv2364c,2646195,2.9
rv2364c,2646264,9.1
rv2364c,2646332,8.100000000000001
rv2364c,2646411,0
rv2364c,2646436,2.8
rv2364c,2646533,10.1
rv2368c,2648993,424.9
rv2368c,2649002,4107
rv2368c,2649037,2053.1
rv2368c,2649066,295.1
rv2368c,2649267,2376.2
rv2368c,2649278,6411.9
rv2368c,2649350,3708.5
rv2368c,2649362,13268.6
rv2368c,2649373,3453
rv2368c,2649377,2649.1
rv2368c,2649457,3109.5
rv2368c,2649512,5231.9
rv2368c,2649578,4491.3
rv2368c,2649637,1748.6
rv2368c,2649703,1654.3
rv2368c,2649769,77.2
rv2368c,2649880,2447.3
rv2371,2651806,23.9
rv2373c,2652850,2631.5
rv2373c,2653148,16.3
rv2373c,2653249,53.2
rv2373c,2653406,0
rv2373c,2653518,0
rv2373c,2653577,0
rv2373c,2653638,17.4
rv2373c,2653843,0
rv2373c,2653927,0
rv2373c,2653981,25.8
rv2373c,2653984,7.7
rv2374c,2654098,825.3
rv2374c,2654100,4898.2
rv2374c,2654128,1646.8999999999999
rv2374c,2654139,2565.5
rv2374c,2654170,326.3
rv2374c,2654178,563.6
rv2374c,2654185,867.1999999999999
rv2374c,2654194,382.8
rv2374c,2654199,1968.1
rv2374c,2654255,3541.2999999999997
rv2374c,2654336,2135.1
rv2374c,2654378,1618.1000000000001
rv2374c,2654389,128.4
rv2374c,2654426,637.4
rv2374c,2654441,3867.7999999999997
rv2374c,2654561,729.9
rv2374c,2654579,1848.2
rv2374c,2654724,1176.5
rv2374c,2654846,135
rv2374c,2654886,112.60000000000001
rv2374c,2654935,3426.7
rv2374c,2654937,5468.9
rv2374c,2654998,1320.1
rv2376c,2656022,3167.9
rv2376c,2656024,3863.3
rv2378c,2656474,1077.2
rv2378c,2656608,413.9
rv2378c,2657015,847.2
rv2378c,2657192,246.5
rv2378c,2657348,2263
rv2378c,2657352,1551
rv2378c,2657430,1878
rv2378c,2657445,798.8
rv2378c,2657502,0
rv2379c,2657719,3742.1
rv2379c,2657809,107.8
rv2379c,2657908,742.7
rv2379c,2657952,40.699999999999996
rv2379c,2657960,2304.3
rv2379c,2657995,413.8
rv2379c,2658009,0
rv2379c,2658023,29.1
rv2379c,2658038,205.4
rv2379c,2658058,0
rv2379c,2658104,866.8
rv2379c,2658150,690.6999999999999
rv2379c,2658258,42.3
rv2379c,2658340,1276.2
rv2379c,2658432,29.7
rv2379c,2658444,87.8
rv2379c,2658479,437.3
rv2379c,2658917,401.40000000000003
rv2379c,2658923,759.1
rv2379c,2658943,141.6
rv2379c,2659114,330.9
rv2379c,2659288,69.3
rv2379c,2659308,151.3
rv2379c,2659321,724.1999999999999
rv2379c,2659325,354.7
rv2379c,2659342,93.2
rv2379c,2659397,1071.1
rv2379c,2659592,2218.3
rv2379c,2659602,0
rv2379c,2659661,254.4
rv2379c,2659691,1171.7
rv2379c,2659745,579.5
rv2379c,2659833,143.8
rv2379c,2659841,959.3
rv2379c,2660219,48.699999999999996
rv2379c,2660262,13
rv2379c,2660291,477.6
rv2379c,2660338,524.8000000000001
rv2379c,2660495,1796.6
rv2379c,2660600,235.6
rv2379c,2660673,0
rv2379c,2660794,450.9
rv2379c,2660866,82.1
rv2379c,2660932,76.3
rv2379c,2661011,981
rv2379c,2661019,582.6
rv2379c,2661042,0
rv2379c,2661077,463.5
rv2379c,2661112,799.4
rv2379c,2661138,0
rv2379c,2661174,271
rv2379c,2661285,26.3
rv2379c,2661396,12.7
rv2379c,2661433,22.4
rv2379c,2661486,95.8
rv2379c,2661521,690.2
rv2379c,2661530,0
rv2379c,2661578,230.1
rv2379c,2661673,35.1
rv2379c,2661808,1093.1
rv2379c,2661811,4221.4
rv2379c,2661841,1271.1
rv2379c,2661950,1443
rv2379c,2662005,92
rv2380c,2662257,694.8000000000001
rv2380c,2662333,299.9
rv2380c,2662513,17.9
rv2380c,2662615,172.5
rv2380c,2662618,1300.7
rv2380c,2662638,19.9
rv2380c,2662652,3956.5
rv2380c,2662672,1536.7
rv2380c,2662800,968.2
rv2380c,2662837,1592
rv2380c,2662852,401.90000000000003
rv2380c,2662870,90.60000000000001
rv2380c,2662902,464.7
rv2380c,2663101,2640.9
rv2380c,2663262,199.8
rv2380c,2663283,4836.9
rv2380c,2663307,1740.7
rv2380c,2663482,103
rv2380c,2663523,68.6
rv2380c,2663545,784.4
rv2380c,2663554,1426.4
rv2380c,2663608,85.2
rv2380c,2663752,32.3
rv2380c,2663872,167.8
rv2380c,2664004,261
rv2380c,2664017,379.09999999999997
rv2380c,2664101,362.6
rv2380c,2664415,582.4
rv2380c,2664431,1754.3
rv2380c,2664433,447.5
rv2380c,2664526,6007.1
rv2380c,2664563,0
rv2380c,2664590,115.6
rv2380c,2664615,228.7
rv2380c,2664724,83.9
rv2380c,2664743,10.1
rv2380c,2664793,311.7
rv2380c,2664799,264.4
rv2380c,2664821,177.7
rv2380c,2664823,1710.5
rv2380c,2664944,93.80000000000001
rv2380c,2664982,191.5
rv2380c,2665041,0
rv2380c,2665062,0
rv2380c,2665119,7.8
rv2380c,2665177,208.3
rv2380c,2665209,294.7
rv2380c,2665290,18.3
rv2380c,2665315,362.2
rv2380c,2665339,45.699999999999996
rv2380c,2665391,12
rv2380c,2665402,766.2
rv2380c,2665411,301.8
rv2380c,2665431,0
rv2380c,2665474,0
rv2380c,2665491,84.6
rv2380c,2665558,130.1
rv2380c,2665579,8173.0999999999995
rv2380c,2665644,196.9
rv2380c,2665668,0
rv2380c,2665726,0
rv2380c,2665747,619.1
rv2380c,2665820,142.6
rv2380c,2666074,51.900000000000006
rv2380c,2666190,134.3
rv2380c,2666304,11.4
rv2380c,2666320,47.3
rv2380c,2666395,1974.8999999999999
rv2380c,2666437,463.1
rv2380c,2666602,410.3
rv2380c,2666621,61.1
rv2380c,2666676,105.5
rv2380c,2666692,45.9
rv2380c,2666911,558.1
rv2380c,2666980,217
rv2380c,2666987,240
rv2380c,2666994,0
rv2380c,2667067,14.7
rv2380c,2667087,29.8
rv2381c,2667266,254.9
rv2381c,2667408,7.9
rv2381c,2667560,38
rv2381c,2667622,23.5
rv2381c,2667714,23.5
rv2381c,2667766,113.7
rv2381c,2667851,702
rv2381c,2668011,22.2
rv2381c,2668067,28.8
rv2381c,2668107,72.3
rv2381c,2668226,305
rv2381c,2668235,377.1
rv2381c,2668352,1327.9
rv2381c,2668360,0
rv2381c,2668372,129.9
rv2381c,2668399,0
rv2381c,2668408,84.8
rv2381c,2668585,308.2
rv2381c,2668608,455.5
rv2381c,2668619,385
rv2381c,2668743,0
rv2381c,2669012,0
rv2381c,2669037,1.3
rv2381c,2669043,307
rv2381c,2669176,92.6
rv2381c,2669241,84.7
rv2381c,2669258,0
rv2381c,2669264,181.4
rv2381c,2669337,30.1
rv2381c,2669365,0
rv2381c,2669397,131.8
rv2381c,2669470,0
rv2381c,2669600,164.7
rv2381c,2669670,319.7
rv2381c,2669684,1196.3
rv2381c,2669695,238.6
rv2381c,2669709,519.8
rv2381c,2669722,123.6
rv2381c,2669752,559.8
rv2381c,2669849,149.4
rv2381c,2669915,310.3
rv2381c,2669933,0
rv2381c,2670162,8.6
rv2381c,2670182,151.79999999999998
rv2382c,2670350,104.4
rv2382c,2670356,125.9
rv2382c,2670625,261.8
rv2382c,2670788,88.6
rv2382c,2670925,41.2
rv2382c,2670951,0
rv2382c,2670982,12.3
rv2382c,2670992,1004
rv2382c,2671046,0
rv2382c,2671094,107.89999999999999
rv2382c,2671132,28.5
rv2382c,2671219,31.8
rv2382c,2671243,387.1
rv2382c,2671311,1175.3
rv2382c,2671391,0
rv2382c,2671537,0
rv2382c,2671604,0
rv2383c,2671658,565
rv2383c,2671808,178.7
rv2383c,2671826,57.3
rv2383c,2672002,221.1
rv2383c,2672050,116.2
rv2383c,2672183,0
rv2383c,2672218,0
rv2383c,2672240,2.6
rv2383c,2672298,0
rv2383c,2672388,426.8
rv2383c,2672401,274.7
rv2383c,2672405,1477.3
rv2383c,2672538,0
rv2383c,2672684,497.09999999999997
rv2383c,2672769,54.9
rv2383c,2672785,295.8
rv2383c,2672990,0
rv2383c,2673053,71.4
rv2383c,2673077,601.3
rv2383c,2673137,246
rv2383c,2673217,53.4
rv2383c,2673251,32
rv2383c,2673509,2286.6
rv2383c,2673519,136.7
rv2383c,2673664,382.59999999999997
rv2383c,2673767,5653.5999999999995
rv2383c,2673789,163.5
rv2383c,2673892,698.9
rv2383c,2673962,4732.8
rv2383c,2674051,740.1
rv2383c,2674109,332.2
rv2383c,2674255,300.3
rv2383c,2674525,1706.7
rv2383c,2674592,673.9
rv2383c,2674888,302.09999999999997
rv2383c,2674944,10.1
rv2383c,2675043,190.5
rv2383c,2675054,357.5
rv2383c,2675063,516.9
rv2383c,2675069,523.6
rv2383c,2675099,1396.8
rv2383c,2675132,2520.1
rv2383c,2675173,2518.6
rv2383c,2675194,1326.2
rv2383c,2675197,3466.2000000000003
rv2383c,2675218,23.9
rv2383c,2675468,2187
rv2383c,2675482,3744
rv2383c,2675569,50.6
rv2383c,2675835,3219.7999999999997
rv2384,2676007,2713
rv2384,2676036,22
rv2384,2676051,308.5
rv2384,2676162,424.3
rv2384,2676238,79.3
rv2384,2676289,338.1
rv2384,2676414,65.7
rv2384,2676633,1421.8
rv2384,2676674,737.4
rv2384,2676690,798.1999999999999
rv2384,2676943,1129.8999999999999
rv2384,2676967,64.9
rv2384,2677084,1004.2
rv2384,2677173,1435.3
rv2384,2677188,238.9
rv2384,2677239,343
rv2384,2677402,3615.5
rv2384,2677413,276.5
rv2384,2677463,208
rv2384,2677485,55.6
rv2384,2677514,313.2
rv2385,2677791,559.4
rv2385,2677916,3013.4
rv2385,2677967,5022.5
rv2385,2677970,3123.8
rv2385,2677974,4065.7
rv2385,2677988,226.6
rv2385,2678052,121.8
rv2385,2678058,1413.3999999999999
rv2385,2678072,290.9
rv2385,2678090,36.5
rv2385,2678139,41.2
rv2385,2678148,1792.3
rv2385,2678157,683.1
rv2385,2678372,2386.6
rv2385,2678375,2285.8
rv2385,2678472,514.8
rv2385,2678526,2550.3
rv2385,2678612,6032
rv2385,2678635,430.2
rv2386c,2678664,0
rv2386c,2678682,384.5
rv2386c,2678699,10.1
rv2386c,2678793,173.8
rv2386c,2678822,0
rv2386c,2678862,0
rv2386c,2679088,40.3
rv2386c,2679205,0
rv2386c,2679270,90.30000000000001
rv2386c,2679345,27.5
rv2386c,2679408,41
rv2386c,2679437,0
rv2386c,2679524,30.2
rv2386c,2679660,23
rv2386c,2679781,45.099999999999994
rv2386c,2679818,978.8
rv2386c,2679873,1163.9
rv2386c,2679882,1454.9
rv2386c,2679904,0
rv2388c,2682101,1265.8
rv2388c,2682157,83.69999999999999
rv2388c,2682172,63.099999999999994
rv2388c,2682250,0
rv2388c,2682274,693.2
rv2388c,2682284,2083.6
rv2388c,2682329,1801.7
rv2388c,2682377,780.1
rv2388c,2682431,1444.4
rv2388c,2682476,1004.8
rv2388c,2682569,2173.2
rv2388c,2682653,7336.7
rv2388c,2682691,17.7
rv2388c,2682797,425.4
rv2388c,2682962,11462.2
rv2388c,2682969,2116.9
rv2388c,2683073,6088.4
rv2388c,2683077,4499.1
rv2388c,2683091,1086.6
rv2388c,2683127,983
rv2389c,2683350,3798.2
rv2389c,2683359,3506.9
rv2389c,2683395,7785.8
rv2389c,2683499,9968.7
rv2389c,2683501,1306.8
rv2389c,2683509,92.9
rv2389c,2683657,7219
rv2389c,2683701,2625.4
rv2389c,2683704,7097.7
rv2389c,2683722,7458.9
rv2392,2686414,16.9
rv2392,2686557,479
rv2392,2686561,218.3
rv2392,2686624,28.4
rv2392,2686643,2.9
rv2392,2686650,9.1
rv2392,2686698,34.5
rv2392,2686842,5.699999999999999
rv2392,2686864,0
rv2392,2686930,175.2
rv2392,2686980,33.6
rv2392,2687006,0
rv2392,2687028,0
rv2394,2688169,13.5
rv2394,2688221,0
rv2394,2688257,3631.7000000000003
rv2394,2688306,615.2
rv2394,2688322,253
rv2394,2688404,1269.8
rv2394,2688413,2232.9
rv2394,2688446,1660.4
rv2394,2688488,4144.7
rv2394,2688564,262.2
rv2394,2688645,550.9
rv2394,2688743,4240.6
rv2394,2688803,601.9
rv2394,2688851,1607.9
rv2394,2688947,372.1
rv2394,2688983,849.2
rv2394,2689076,1168.3
rv2394,2689137,654.8000000000001
rv2394,2689160,621.6
rv2394,2689178,10842.8
rv2394,2689180,3214.7
rv2394,2689244,3355.4
rv2394,2689266,2910.6
rv2394,2689382,520.5
rv2394,2689433,5119.6
rv2394,2689498,1874.3
rv2394,2689519,54.3
rv2394,2689607,611.8
rv2394,2689747,1205.5
rv2394,2689840,2416.2
rv2396,2692840,63
rv2396,2692857,14393.1
rv2396,2692868,4242.3
rv2396,2692992,8207.8
rv2396,2693042,3800.4
rv2396,2693067,13350.6
rv2396,2693269,87.8
rv2396,2693450,21.200000000000003
rv2396,2693555,939.7
rv2396,2693598,2082.6
rv2396,2693642,80.1
rv2396,2693735,0
rv2396,2693789,0
rv2396,2693825,236.70000000000002
rv2396,2693892,202
rv2397c,2693970,41.7
rv2397c,2694010,56.8
rv2397c,2694030,8.3
rv2397c,2694153,35.1
rv2397c,2694200,8.5
rv2397c,2694307,42.7
rv2397c,2694338,6.9
rv2397c,2694354,15.9
rv2397c,2694583,14.7
rv2397c,2694662,36.2
rv2397c,2694721,19.8
rv2397c,2694825,35.5
rv2397c,2694894,12
rv2397c,2694934,20.1
rv2397c,2694967,301.7
rv2398c,2695027,2137.5
rv2398c,2695088,80.10000000000001
rv2398c,2695097,32.9
rv2398c,2695115,20.1
rv2398c,2695190,78
rv2398c,2695219,377.8
rv2398c,2695229,162.2
rv2398c,2695339,37
rv2398c,2695527,2.9
rv2398c,2695612,10.2
rv2398c,2695620,2.9
rv2398c,2695633,0
rv2398c,2695654,11.8
rv2398c,2695668,0
rv2398c,2695682,357.79999999999995
rv2398c,2695729,11
rv2398c,2695757,83.9
rv2398c,2695784,51
rv2399c,2695854,110.8
rv2399c,2695890,206.7
rv2399c,2695899,9.1
rv2399c,2696018,13.4
rv2399c,2696049,8.8
rv2399c,2696105,20
rv2399c,2696266,38.2
rv2399c,2696324,34
rv2399c,2696436,0
rv2399c,2696567,158.70000000000002
rv2400c,2696673,51.6
rv2400c,2696837,22.8
rv2400c,2696859,78.60000000000001
rv2400c,2696912,41.9
rv2400c,2697006,19.2
rv2400c,2697100,156.1
rv2400c,2697127,54.9
rv2400c,2697156,30.2
rv2400c,2697164,61
rv2400c,2697220,11.8
rv2400c,2697265,1.3
rv2400c,2697409,28.9
rv2400c,2697450,364.40000000000003
rv2400c,2697457,203.29999999999998
rv2400c,2697537,32.6
rv2400c,2697559,198
rv2400c,2697625,0
rv2400c,2697661,445.4
rv2400c,2697685,96.9
rv2403c,2700586,10.1
rv2403c,2700683,1508.1999999999998
rv2403c,2700719,826.7
rv2403c,2700996,257
rv2403c,2701017,583.9
rv2403c,2701052,1743.4
rv2403c,2701160,0
rv2404c,2701448,144.3
rv2404c,2701589,265.1
rv2404c,2701595,1750.6
rv2404c,2701700,259.5
rv2404c,2701715,454.6
rv2404c,2701781,825
rv2404c,2701811,5633.1
rv2404c,2701913,1511.7
rv2404c,2701994,739.1
rv2404c,2702132,3144.7000000000003
rv2404c,2702189,73.5
rv2404c,2702210,812.6
rv2404c,2702222,803.8000000000001
rv2404c,2702246,27.7
rv2404c,2702348,154.9
rv2404c,2702492,1123.9
rv2404c,2702510,2001.8999999999999
rv2404c,2702519,43
rv2404c,2702547,158.5
rv2404c,2702690,59.199999999999996
rv2404c,2702768,581.3
rv2404c,2702861,2302.6
rv2404c,2702906,880.5
rv2404c,2702932,27.3
rv2404c,2702996,1325.1000000000001
rv2404c,2703009,993.3000000000001
rv2404c,2703102,646.3
rv2404c,2703177,0
rv2404c,2703186,294.6
rv2404c,2703234,2993.6
rv2408,2706047,557
rv2408,2706052,14132.199999999999
rv2408,2706172,9303.7
rv2408,2706195,3838.7
rv2408,2706241,1945.1999999999998
rv2408,2706260,6989.8
rv2408,2706270,986.1
rv2408,2706470,0
rv2408,2706505,692.6
rv2408,2706562,4595.2
rv2408,2706592,655.1
rv2408,2706603,4209.3
rv2408,2706619,6479.2
rv2408,2706655,965.3000000000001
rv2408,2706708,392.6
rv2408,2706737,238.8
rv2408,2706744,1337.2
rv2412,2710171,11
rv2416c,2714226,197.8
rv2416c,2714236,0
rv2416c,2714264,676.4
rv2416c,2714278,338.8
rv2416c,2714322,210.6
rv2416c,2714374,307.6
rv2416c,2714414,1642.3999999999999
rv2416c,2714440,648.8
rv2416c,2714481,994.1
rv2416c,2714499,0
rv2416c,2714518,13
rv2416c,2714611,0
rv2416c,2714638,480.40000000000003
rv2416c,2714666,219.4
rv2416c,2714675,171.5
rv2416c,2714692,301.8
rv2416c,2714770,2631.3
rv2416c,2714807,1651.7
rv2416c,2714869,288.2
rv2416c,2714940,210.5
rv2416c,2714951,126.7
rv2416c,2714966,962.7
rv2416c,2714982,635
rv2416c,2715005,0
rv2416c,2715019,11.8
rv2416c,2715152,2606.5
rv2416c,2715289,1996.3
rv2416c,2715324,970.5
rv2421c,2718247,0
rv2421c,2718268,0
rv2421c,2718295,11
rv2421c,2718407,0
rv2421c,2718433,0
rv2421c,2718501,0
rv2421c,2718510,0
rv2421c,2718535,0
rv2421c,2718589,0
rv2421c,2718666,0
rv2421c,2718670,7.9
rv2421c,2718732,0
rv2421c,2718790,0
rv2427c,2724300,0
rv2427c,2724431,0
rv2427c,2724490,5.8
rv2427c,2724500,533.4
rv2427c,2724559,276.8
rv2427c,2724597,1726.9
rv2427c,2724728,988.7
rv2427c,2724766,942
rv2427c,2724819,347.5
rv2427c,2724972,822.4
rv2427c,2725037,0
rv2427c,2725093,985
rv2427c,2725157,985.8000000000001
rv2427c,2725159,614
rv2427c,2725223,26.2
rv2427c,2725344,1182.1
rv2428,2726213,247.7
rv2428,2726239,765.6999999999999
rv2428,2726302,1878
rv2428,2726313,1298.8999999999999
rv2428,2726388,31.8
rv2428,2726519,973.9
rv2428,2726610,336.8
rv2428,2726684,1017.4
rv2428,2726756,792.7
rv2428,2726788,107.3
rv2429,2726821,2520.6
rv2429,2726823,2712
rv2429,2726852,4425.9000000000005
rv2429,2726919,1710
rv2429,2726967,383.6
rv2429,2726970,270.6
rv2429,2727058,784.2
rv2429,2727068,948.7
rv2429,2727098,286.3
rv2429,2727150,485.6
rv2429,2727241,750.3
rv2429,2727246,2187.2
rv2429,2727336,927.9000000000001
rv2429,2727347,2529.4
rv2430c,2727357,1689
rv2430c,2727402,2113.6
rv2430c,2727473,5113.9
rv2430c,2727515,3425.9
rv2430c,2727602,4665.8
rv2430c,2727624,3122.5
rv2430c,2727644,1874.8
rv2430c,2727884,1768.1
rv2430c,2727886,8425.4
rv2430c,2727914,410.8
rv2431c,2727978,10092.5
rv2431c,2727982,2022.2
rv2431c,2728017,11981.5
rv2431c,2728021,2041.8
rv2431c,2728092,1211.1
rv2431c,2728104,603.2
rv2431c,2728223,854.6
rv2436,2733260,2237.2
rv2436,2733295,1214.2
rv2436,2733439,1581
rv2436,2733560,18.1
rv2436,2733631,0
rv2436,2733658,2633.4
rv2436,2733794,0
rv2436,2733891,189
rv2436,2733919,144.1
rv2436,2733934,73
rv2436,2733947,30.2
rv2436,2733967,803.1
rv2438c,2734855,0
rv2438c,2734948,0
rv2438c,2734956,0
rv2438c,2735007,0
rv2438c,2735112,0
rv2438c,2735120,0
rv2438c,2735144,0
rv2438c,2735243,0
rv2438c,2735337,20.1
rv2438c,2735364,8.8
rv2438c,2735411,10.1
rv2438c,2735437,0
rv2438c,2735448,0
rv2438c,2735493,0
rv2438c,2735514,0
rv2438c,2735560,0
rv2438c,2735578,0
rv2438c,2735617,8.8
rv2438c,2735749,0
rv2438c,2735763,0
rv2438c,2735811,11
rv2438c,2735820,1.3
rv2438c,2735945,11
rv2438c,2736153,15.8
rv2438c,2736159,0
rv2438c,2736344,0
rv2438c,2736450,0
rv2438c,2736462,0
rv2438c,2736470,17.6
rv2438c,2736474,0
rv2438c,2736531,18.9
rv2438c,2736572,0
rv2438c,2736578,14.3
rv2438c,2736650,11
rv2438c,2736653,0
rv2438c,2736669,0
rv2438c,2736743,0
rv2438c,2736822,0
rv2438c,2736831,0
rv2439c,2737128,153.1
rv2439c,2737138,431.6
rv2439c,2737205,0
rv2439c,2737254,0
rv2439c,2737274,0
rv2439c,2737345,0
rv2439c,2737434,0
rv2439c,2737544,0
rv2439c,2737606,0
rv2439c,2737618,0
rv2439c,2737710,0
rv2439c,2737953,0
rv2439c,2738185,0
rv2441c,2739817,0
rv2441c,2739916,0
rv2441c,2739966,0
rv2441c,2739973,0
rv2442c,2740058,58.3
rv2442c,2740118,0
rv2442c,2740146,0
rv2442c,2740328,0
rv2442c,2740358,11
rv2443,2740763,365.9
rv2443,2740797,3211.6
rv2443,2740822,531.3
rv2443,2741007,3074.1
rv2443,2741014,3311.5
rv2443,2741062,5476.1
rv2443,2741075,526
rv2443,2741090,8252.4
rv2443,2741201,1879.8
rv2443,2741227,4222.8
rv2443,2741341,839.5
rv2443,2741384,1276.2
rv2443,2741445,5463.3
rv2443,2741488,6939
rv2443,2741532,4052.6
rv2443,2741536,3695.1
rv2443,2741547,12036.3
rv2443,2741661,328.7
rv2443,2741687,6727.3
rv2443,2741691,11624.2
rv2443,2742139,1057.7
rv2443,2742192,184.2
rv2444c,2742612,2363.7
rv2444c,2742945,0
rv2444c,2743041,0
rv2444c,2743211,0
rv2444c,2743256,0
rv2444c,2743332,0
rv2444c,2743361,0
rv2444c,2743438,0
rv2444c,2743491,0
rv2444c,2743607,11
rv2444c,2743659,0
rv2444c,2743666,0
rv2444c,2743697,11
rv2444c,2743778,0
rv2444c,2743859,0
rv2444c,2743917,0
rv2444c,2743946,0
rv2444c,2744206,0
rv2444c,2744245,16.9
rv2444c,2744280,0
rv2444c,2744361,28.099999999999998
rv2444c,2744415,0
rv2444c,2744539,0
rv2444c,2744579,0
rv2444c,2744614,0
rv2444c,2744655,69.2
rv2444c,2744657,0
rv2444c,2744701,0
rv2444c,2744926,0
rv2444c,2744989,0
rv2447c,2746291,0
rv2447c,2746740,0
rv2447c,2746752,9.1
rv2447c,2746781,0
rv2447c,2746811,0
rv2447c,2746984,0
rv2447c,2746998,0
rv2447c,2747179,0
rv2447c,2747238,0
rv2447c,2747250,0
rv2447c,2747404,0
rv2447c,2747418,0
rv2447c,2747510,0
rv2448c,2748054,0
rv2448c,2748060,0
rv2448c,2748090,0
rv2448c,2748154,0
rv2448c,2748278,0
rv2448c,2748311,0
rv2448c,2748341,0
rv2448c,2748467,0
rv2448c,2748800,0
rv2448c,2748807,0
rv2448c,2748827,0
rv2448c,2748903,0
rv2448c,2748986,0
rv2448c,2749168,0
rv2448c,2749223,0
rv2448c,2749526,0
rv2448c,2749560,0
rv2448c,2749631,0
rv2448c,2749635,0
rv2448c,2749667,0
rv2448c,2749736,0
rv2448c,2749754,0
rv2448c,2749932,11
rv2448c,2750021,11
rv2448c,2750129,11
rv2448c,2750165,11
rv2448c,2750189,0
rv2448c,2750235,0
rv2450c,2751707,208.8
rv2450c,2751826,3409.6
rv2450c,2751829,1773.4
rv2450c,2751836,0
rv2450c,2751901,1075.3
rv2450c,2752010,1330.4
rv2450c,2752118,36.2
rv2450c,2752175,1810.6
rv2453c,2753029,1110.6
rv2453c,2753200,963.8
rv2453c,2753215,2865.2999999999997
rv2453c,2753222,366.1
rv2453c,2753305,1019.3
rv2453c,2753504,7993.5
rv2457c,2758219,2119.4
rv2457c,2758345,11
rv2457c,2758489,11
rv2457c,2758717,0
rv2457c,2758808,0
rv2457c,2758898,0
rv2457c,2758948,1.3
rv2457c,2758981,0
rv2457c,2758997,0
rv2457c,2759035,0
rv2457c,2759084,0
rv2457c,2759113,0
rv2457c,2759221,0
rv2457c,2759230,0
rv2457c,2759261,0
rv2457c,2759278,0
rv2457c,2759372,0
rv2457c,2759401,0
rv2457c,2759487,0
rv2457c,2759498,0
rv2458,2759929,2205.3
rv2458,2759936,3414.3
rv2458,2759975,4013.5
rv2458,2760012,7237.9
rv2458,2760096,3704.2
rv2458,2760122,2830.9
rv2458,2760152,793.4
rv2458,2760161,1228
rv2458,2760164,9799.8
rv2458,2760219,2622.1
rv2458,2760265,0
rv2458,2760310,3770.7
rv2458,2760329,3809.1
rv2458,2760500,1035.1
rv2458,2760546,5024.3
rv2458,2760636,1717
rv2458,2760649,836
rv2460c,2762569,2.6
rv2460c,2762596,5.7
rv2460c,2762603,0
rv2460c,2762888,0
rv2460c,2762902,0
rv2460c,2762917,0
rv2460c,2762962,11
rv2460c,2762972,0
rv2460c,2763088,0
rv2460c,2763145,11
rv2462c,2764005,345.2
rv2462c,2764121,545
rv2462c,2764151,2636.7
rv2462c,2764231,1492.5
rv2462c,2764347,2885.4
rv2462c,2764397,12229.9
rv2462c,2764432,549.1
rv2462c,2764546,676.6
rv2462c,2764576,1706.6
rv2462c,2764590,83.8
rv2462c,2764611,311.3
rv2462c,2764768,3761.1
rv2462c,2764863,787.9
rv2462c,2764867,5548.1
rv2462c,2765003,1987.7
rv2462c,2765075,18
rv2462c,2765143,612.8
rv2462c,2765207,1680.8
rv2462c,2765259,2091.6
rv2463,2765714,7129.4
rv2463,2765832,81.5
rv2463,2765877,165.7
rv2463,2765888,1019.0999999999999
rv2463,2765956,2517.9
rv2463,2765982,399.1
rv2463,2766139,1163.1
rv2463,2766198,1954.2
rv2463,2766211,6192.2
rv2463,2766219,426.9
rv2463,2766296,5971.5
rv2463,2766303,5022.5
rv2463,2766349,49
rv2463,2766362,2030.7
rv2463,2766508,4471.9
rv2463,2766637,8844.9
rv2463,2766742,1270.2
rv2463,2766748,7733.5
rv2463,2766820,2546.8
rv2463,2766836,416.70000000000005
rv2463,2766847,7740.6
rv2467,2769048,395.40000000000003
rv2467,2769062,2991.5
rv2467,2769091,51.2
rv2467,2769236,387.1
rv2467,2769311,1413.1
rv2467,2769319,150
rv2467,2769368,5381.1
rv2467,2769374,327.2
rv2467,2769522,1509.7
rv2467,2769538,81.4
rv2467,2769557,4413.1
rv2467,2769584,253.5
rv2467,2769605,6116.1
rv2467,2769641,3468.3
rv2467,2769665,1919.8
rv2467,2769716,35.8
rv2467,2769740,454.5
rv2467,2769755,483.9
rv2467,2769830,1488.6
rv2467,2769863,2650.7
rv2467,2770058,384.8
rv2467,2770148,1453.5
rv2467,2770187,1313.4
rv2467,2770226,1146.1
rv2467,2770469,1689.7
rv2467,2770616,2304.6
rv2467,2770647,148
rv2467,2770659,855.9
rv2467,2770824,837
rv2467,2770850,1995.7
rv2467,2770955,4902.7
rv2467,2770957,6721.3
rv2467,2771007,495.5
rv2467,2771055,1426.6000000000001
rv2467,2771088,310.5
rv2467,2771354,1769.1000000000001
rv2467,2771376,1380.9
rv2467,2771426,255.9
rv2467,2771579,1372
rv2470,2773203,305.5
rv2470,2773254,220.3
rv2470,2773279,104.5
rv2470,2773293,96.5
rv2470,2773309,263.4
rv2470,2773350,83.5
rv2470,2773371,480
rv2470,2773466,622
rv2470,2773530,114.2
rv2471,2773685,1600.3999999999999
rv2471,2773694,1479.7
rv2471,2773838,1475.9
rv2471,2774011,71.39999999999999
rv2471,2774030,1937.7
rv2471,2774150,3363.8
rv2471,2774420,436.09999999999997
rv2471,2774433,19.9
rv2471,2774454,1852.8
rv2471,2774480,1893.2
rv2471,2774647,211.29999999999998
rv2471,2774654,63.900000000000006
rv2471,2774735,4758.6
rv2471,2775003,8767.9
rv2471,2775007,2041.3999999999999
rv2471,2775069,1752.8
rv2471,2775212,2778
rv2476c,2777571,394.3
rv2476c,2777620,0
rv2476c,2777630,201.60000000000002
rv2476c,2777634,137.8
rv2476c,2777695,0
rv2476c,2777744,2133.3
rv2476c,2777813,251.29999999999998
rv2476c,2777819,255.60000000000002
rv2476c,2777840,650
rv2476c,2778005,1065.2
rv2476c,2778146,2852.2999999999997
rv2476c,2778203,1808
rv2476c,2778219,92.8
rv2476c,2778320,613.6
rv2476c,2778358,12
rv2476c,2778370,828
rv2476c,2778524,1814.5
rv2476c,2778628,1262.5
rv2476c,2778938,2378.5
rv2476c,2778996,588.3
rv2476c,2779103,904.5
rv2476c,2779139,978.6
rv2476c,2779291,561.6
rv2476c,2779375,877.9
rv2476c,2779424,437.1
rv2476c,2779472,1431.6
rv2476c,2779497,24.400000000000002
rv2476c,2779515,2587.1
rv2476c,2779534,681.1
rv2476c,2779541,2002.4
rv2476c,2779649,978.8000000000001
rv2476c,2779895,269.8
rv2476c,2779910,52.2
rv2476c,2779969,575
rv2476c,2780009,288.8
rv2476c,2780199,387.90000000000003
rv2476c,2780231,1560.2
rv2476c,2780243,189.6
rv2476c,2780267,976
rv2476c,2780276,177
rv2476c,2780465,1666.1
rv2476c,2780714,1739.1
rv2476c,2780738,1015.8000000000001
rv2476c,2780745,2050.4
rv2476c,2780911,0
rv2476c,2781035,599.3
rv2476c,2781053,1630.1000000000001
rv2476c,2781074,1477.8
rv2476c,2781368,1745.5
rv2476c,2781389,1048.1000000000001
rv2476c,2781395,1175.2
rv2476c,2781404,241.10000000000002
rv2476c,2781413,1104.7
rv2476c,2781504,206.3
rv2476c,2781524,339.09999999999997
rv2476c,2781557,236.9
rv2476c,2781793,2294.9
rv2476c,2781911,164.4
rv2476c,2781942,511.79999999999995
rv2476c,2782022,117.2
rv2476c,2782070,911.9
rv2476c,2782169,1834.4
rv2476c,2782181,1508.8
rv2476c,2782251,816.1
rv2482c,2786925,4277.6
rv2482c,2786997,1327.9
rv2482c,2787023,956.4
rv2482c,2787046,2248.8
rv2482c,2787074,1870.1
rv2482c,2787128,0
rv2482c,2787255,4316.3
rv2482c,2787309,3394.9
rv2482c,2787420,1909
rv2482c,2787564,442.1
rv2482c,2787596,2907.7000000000003
rv2482c,2787600,5016.2
rv2482c,2787605,1345.1
rv2482c,2787738,487.1
rv2482c,2787945,190.4
rv2482c,2787981,1629
rv2482c,2788026,729.4
rv2482c,2788071,69.6
rv2482c,2788080,328.6
rv2482c,2788158,790.2
rv2482c,2788173,773.3
rv2482c,2788269,288.1
rv2482c,2788278,717.5
rv2482c,2788293,1963.5
rv2482c,2788297,2412.5
rv2482c,2788299,2717.2
rv2482c,2788318,2085.4
rv2482c,2788412,10.1
rv2482c,2788439,132.9
rv2482c,2788458,939.6
rv2482c,2788527,1101.3
rv2482c,2788536,239.6
rv2482c,2788564,0
rv2482c,2788595,757.9
rv2482c,2788737,471.5
rv2482c,2788758,0
rv2482c,2788837,147.7
rv2482c,2788912,885.3
rv2482c,2788950,437.7
rv2482c,2789038,1655.1000000000001
rv2482c,2789144,2060.5
rv2482c,2789257,1647.3
rv2483c,2789310,1842.2
rv2483c,2789355,849.8
rv2483c,2789394,68.9
rv2483c,2789421,1188.8999999999999
rv2483c,2789451,102.4
rv2483c,2789522,305.4
rv2483c,2789576,1376.1
rv2483c,2789598,299.4
rv2483c,2789760,2.9
rv2483c,2789799,269.5
rv2483c,2789811,217.60000000000002
rv2483c,2789836,289.6
rv2483c,2790045,3504.8
rv2483c,2790141,245
rv2483c,2790168,0
rv2483c,2790190,93.5
rv2483c,2790362,2104.4
rv2483c,2790395,806.5
rv2483c,2790401,4040.9
rv2483c,2790502,401.2
rv2483c,2790659,2758.9
rv2483c,2790688,1089.8
rv2483c,2790756,173.7
rv2483c,2790810,883.3
rv2483c,2790834,118.1
rv2483c,2790955,7.8
rv2483c,2790967,29.5
rv2485c,2792794,548.3
rv2485c,2792893,2832.7
rv2485c,2793016,1716.1000000000001
rv2485c,2793061,2056.7
rv2485c,2793068,680.1
rv2485c,2793113,2717.5
rv2485c,2793136,4839
rv2485c,2793145,4667.7
rv2485c,2793148,2008.3
rv2485c,2793165,3772.1
rv2485c,2793292,247.4
rv2485c,2793379,3737.3
rv2485c,2793433,261.09999999999997
rv2485c,2793513,728.4
rv2485c,2793540,1762.5
rv2485c,2793565,264.3
rv2485c,2793592,1615.2
rv2485c,2793621,2869.4
rv2485c,2793681,12629.2
rv2485c,2793789,3066.5
rv2485c,2793998,5519.7
rv2486,2794369,2916.5
rv2486,2794508,2921.6
rv2486,2794517,1465.9
rv2486,2794610,931.5
rv2486,2794618,930
rv2486,2794641,6928
rv2486,2794647,8325.1
rv2486,2794844,1835
rv2486,2794898,338.8
rv2486,2795054,1086.3
rv2486,2795128,4703.5
rv2487c,2795312,8.8
rv2487c,2795403,10.1
rv2487c,2795448,109.6
rv2487c,2795517,781.1
rv2487c,2795535,132.3
rv2487c,2795610,1123.5
rv2487c,2795812,2304.5
rv2487c,2795883,44.900000000000006
rv2487c,2796168,204
rv2487c,2796211,1153.3
rv2487c,2796291,350
rv2487c,2796309,140.3
rv2487c,2796318,137.3
rv2487c,2796340,1901.7
rv2487c,2796369,278.09999999999997
rv2487c,2796391,969.9
rv2487c,2796498,72.5
rv2487c,2796732,57.4
rv2487c,2796777,5.9
rv2487c,2796888,468
rv2487c,2797136,3599.6
rv2487c,2797195,2862.8
rv2487c,2797211,2070.7
rv2487c,2797311,166.9
rv2487c,2797335,1873.8
rv2487c,2797342,1169.5
rv2490c,2801265,3011.4
rv2490c,2801275,619.1
rv2490c,2801799,3625.9
rv2490c,2801803,3859.8
rv2490c,2801830,1331.4
rv2490c,2801952,46.300000000000004
rv2490c,2801998,890.6
rv2490c,2802022,18.1
rv2490c,2802047,346.3
rv2490c,2802161,610.1
rv2490c,2802596,466.2
rv2490c,2802796,0
rv2490c,2802829,1052.5
rv2490c,2803030,3236.5
rv2490c,2803039,96.2
rv2490c,2803072,0
rv2490c,2803399,467.3
rv2490c,2803786,1200.1
rv2490c,2803933,1450.2
rv2490c,2803937,1746.3
rv2490c,2804072,3272.9
rv2490c,2804104,261.8
rv2490c,2804149,54.1
rv2490c,2804206,0
rv2490c,2804242,69.8
rv2490c,2804389,13.9
rv2490c,2804543,1298.4
rv2490c,2804575,20.1
rv2490c,2804677,429.2
rv2490c,2804698,528
rv2490c,2804728,652.4
rv2490c,2804736,322.1
rv2490c,2804821,0
rv2490c,2805123,1331.8
rv2490c,2805131,712.9
rv2490c,2805232,204.1
rv2490c,2805248,823.9
rv2490c,2805256,39.4
rv2490c,2805337,0
rv2490c,2805478,1713
rv2490c,2805503,6139.1
rv2490c,2805550,38.1
rv2490c,2805664,178.5
rv2490c,2805712,1070.4
rv2490c,2805764,833.6
rv2490c,2805911,465.1
rv2490c,2805987,3570.5
rv2490c,2806052,473.9
rv2490c,2806062,1685.3
rv2490c,2806162,365.7
rv2490c,2806186,921.9
rv2490c,2806239,15938.1
rv2498c,2812525,621.9
rv2498c,2812634,13
rv2498c,2812644,3766.5
rv2498c,2812723,377.4
rv2498c,2812751,574.7
rv2498c,2812931,1749.4
rv2498c,2812933,1692.4
rv2498c,2812979,80.2
rv2498c,2812994,1217.6
rv2500c,2813763,220.3
rv2500c,2813822,303.2
rv2500c,2813840,0
rv2500c,2813850,922.3000000000001
rv2500c,2813858,38.8
rv2500c,2813869,837.3
rv2500c,2813981,482.8
rv2500c,2813984,228.2
rv2500c,2814047,3842.7000000000003
rv2500c,2814089,3389
rv2500c,2814185,962.3000000000001
rv2500c,2814282,990.1999999999999
rv2500c,2814284,660.6
rv2500c,2814378,0
rv2500c,2814429,35.800000000000004
rv2500c,2814591,0
rv2500c,2814602,299.90000000000003
rv2500c,2814649,0
rv2500c,2814682,80.6
rv2500c,2814701,463.09999999999997
rv2500c,2814722,11.2
rv2500c,2814782,88.1
rv2500c,2814817,0
rv2500c,2814855,0
rv2500c,2814872,57.4
rv2500c,2814883,667
rv2500c,2814886,2479.2
rv2500c,2814906,598.1
rv2501c,2814927,2258.7
rv2501c,2814947,361.8
rv2501c,2814992,85.1
rv2501c,2815117,1449.8
rv2501c,2815245,781
rv2501c,2815265,7.9
rv2501c,2815417,1234.8
rv2501c,2815494,1.3
rv2501c,2815511,1641.6
rv2501c,2815565,759.2
rv2501c,2815740,924
rv2501c,2815766,163.1
rv2501c,2815866,1528.6
rv2501c,2815975,13.4
rv2501c,2816014,58.5
rv2501c,2816088,1231.6
rv2501c,2816176,0
rv2501c,2816300,183.6
rv2501c,2816305,580.3
rv2501c,2816381,0
rv2501c,2816433,0
rv2501c,2816646,63.7
rv2501c,2816704,0
rv2501c,2816712,339.8
rv2501c,2816796,1010.9
rv2501c,2816819,90.19999999999999
rv2501c,2816873,955.8
rv2501c,2816876,1432.1
rv2502c,2816914,414.5
rv2502c,2816991,413.4
rv2502c,2816996,0
rv2502c,2817025,848.3
rv2502c,2817028,235.5
rv2502c,2817035,9.1
rv2502c,2817049,287.9
rv2502c,2817217,1017.1
rv2502c,2817238,1280.6
rv2502c,2817242,110.5
rv2502c,2817253,622.5
rv2502c,2817349,4185.5
rv2502c,2817535,499.1
rv2502c,2817539,1847.3
rv2502c,2817601,550.6
rv2502c,2817634,546.4
rv2502c,2817652,58.900000000000006
rv2502c,2817922,4317.2
rv2502c,2818000,1005.5
rv2502c,2818081,2297.6
rv2502c,2818097,1894.5
rv2502c,2818150,270.3
rv2502c,2818153,3770.2999999999997
rv2502c,2818157,783.1
rv2502c,2818209,0
rv2502c,2818258,1955.2
rv2502c,2818409,1328
rv2502c,2818461,1118.7
rv2502c,2818467,87.5
rv2503c,2818532,236.1
rv2503c,2818664,1428.6
rv2503c,2818678,247.1
rv2503c,2818730,720.7
rv2503c,2818790,1398.9
rv2503c,2818962,31.5
rv2503c,2819067,6644.1
rv2504c,2819218,2053.6
rv2504c,2819327,4931.7
rv2504c,2819405,7314.3
rv2504c,2819474,135.1
rv2504c,2819508,9.1
rv2504c,2819526,2650.5
rv2504c,2819528,3589.2
rv2504c,2819539,2333.7999999999997
rv2504c,2819651,1290.7
rv2504c,2819692,44.599999999999994
rv2504c,2819757,0
rv2504c,2819836,658.7
rv2504c,2819880,395.4
rv2505c,2819982,891.3
rv2505c,2820017,6448.5999999999995
rv2505c,2820063,1859.8999999999999
rv2505c,2820102,1479.7
rv2505c,2820177,876.3
rv2505c,2820217,756.4
rv2505c,2820315,295.2
rv2505c,2820405,2.2
rv2505c,2820423,1207.8
rv2505c,2820597,599.9
rv2505c,2820619,7039.8
rv2505c,2820676,808.3
rv2505c,2820705,585.1
rv2505c,2820759,2763.3
rv2505c,2820872,1409.7
rv2505c,2820891,2755
rv2505c,2820930,388.2
rv2505c,2820954,253.6
rv2505c,2820970,1159.7
rv2505c,2820983,217.7
rv2505c,2821002,143.6
rv2505c,2821023,1185
rv2505c,2821034,47.3
rv2505c,2821052,748.9
rv2505c,2821188,2561.2
rv2505c,2821211,0
rv2505c,2821243,277.8
rv2505c,2821251,4688.5
rv2505c,2821272,400.2
rv2505c,2821283,4282.8
rv2505c,2821292,5106.7
rv2505c,2821320,670.4
rv2505c,2821440,1835.4
rv2505c,2821491,2746.6
rv2505c,2821566,3681.5
rv2505c,2821586,1132.8
rv2511,2827240,0
rv2511,2827402,25.4
rv2511,2827431,0
rv2511,2827545,0
rv2511,2827593,0
rv2511,2827605,5.1
rv2511,2827683,0
rv2511,2827721,346
rv2511,2827812,882.4
rv2519,2835907,1786.7
rv2519,2835934,901.7
rv2519,2835955,609.8
rv2519,2835966,2534.5
rv2519,2835978,1931.4
rv2519,2836053,862.7
rv2519,2836108,3021.9
rv2519,2836218,68.4
rv2519,2836239,225.79999999999998
rv2519,2836292,311.9
rv2519,2836298,9.1
rv2519,2836366,420.8
rv2519,2836406,1861.7
rv2519,2836486,3189.2
rv2519,2836581,766.3
rv2519,2836605,516.6
rv2519,2836649,73.4
rv2519,2836676,429.2
rv2519,2836686,132.1
rv2519,2836756,5054.7
rv2519,2836785,5102.4
rv2519,2836872,4752.3
rv2519,2836959,694.7
rv2519,2836977,587.3
rv2519,2837064,222.2
rv2519,2837084,1162.1
rv2519,2837098,5912.8
rv2519,2837121,2470
rv2519,2837127,2142.8
rv2519,2837188,241.4
rv2519,2837212,3052.1
rv2519,2837214,9082.3
rv2519,2837216,6784.9
rv2519,2837231,1901.7
rv2519,2837259,113.6
rv2519,2837271,1356.8
rv2521,2837784,509.7
rv2521,2837808,4274.6
rv2521,2837814,573.5
rv2521,2837909,1097.7
rv2521,2837939,1517.8
rv2521,2838018,152.5
rv2521,2838036,7004.2
rv2521,2838111,2069.2
rv2521,2838140,658.5
rv2521,2838163,954.6
rv2521,2838165,841.1
rv2523c,2839583,0
rv2523c,2839630,0
rv2523c,2839676,0
rv2523c,2839694,0
rv2524c,2840141,546.7
rv2524c,2840143,4493
rv2524c,2840248,0
rv2524c,2840326,0
rv2524c,2840556,0
rv2524c,2841192,0
rv2524c,2841214,0
rv2524c,2841218,0
rv2524c,2841226,0
rv2524c,2841254,0
rv2524c,2841316,0
rv2524c,2841388,0
rv2524c,2841456,0
rv2524c,2841814,0
rv2524c,2841865,0
rv2524c,2841988,0
rv2524c,2842312,0
rv2524c,2842486,0
rv2524c,2842795,0
rv2524c,2842837,2.9
rv2524c,2842855,0
rv2524c,2842867,0
rv2524c,2843002,0
rv2524c,2843047,0
rv2524c,2843087,0
rv2524c,2843102,0
rv2524c,2843238,0
rv2524c,2843480,0
rv2524c,2843499,0
rv2524c,2843788,0
rv2524c,2843797,0
rv2524c,2844220,0
rv2524c,2844445,0
rv2524c,2844550,0
rv2524c,2844747,0
rv2524c,2844766,0
rv2524c,2844898,0
rv2524c,2844988,0
rv2524c,2845018,0
rv2524c,2845138,0
rv2524c,2845162,0
rv2524c,2845215,0
rv2524c,2845342,0
rv2524c,2845386,0
rv2524c,2845859,0
rv2524c,2845898,0
rv2524c,2846691,0
rv2524c,2846734,0
rv2524c,2846896,0
rv2524c,2846958,0
rv2524c,2847115,0
rv2524c,2847136,0
rv2524c,2847163,0
rv2524c,2847290,0
rv2524c,2847475,0
rv2524c,2847502,0
rv2524c,2847580,0
rv2524c,2847584,0
rv2524c,2847889,0
rv2524c,2847919,0
rv2524c,2847965,0
rv2524c,2848165,0
rv2524c,2848235,0
rv2524c,2848470,0
rv2524c,2848591,0
rv2524c,2848749,0
rv2524c,2848979,0
rv2524c,2849061,0
rv2524c,2849169,0
rv2524c,2849242,10.1
rv2524c,2849285,0
rv2528c,2851762,1355.3
rv2528c,2851794,654.6
rv2528c,2851834,0
rv2528c,2851942,2985.6
rv2528c,2852026,571.9
rv2528c,2852044,3221.3
rv2528c,2852140,31.5
rv2528c,2852165,129.7
rv2528c,2852359,3191.3
rv2528c,2852515,6665.7
rv2528c,2852635,703.9
rv2533c,2858444,0
rv2533c,2858574,0
rv2533c,2858582,0
rv2533c,2858692,0
rv2534c,2858759,33.1
rv2534c,2858763,0
rv2534c,2858785,0
rv2534c,2858799,0
rv2534c,2858936,0
rv2534c,2858938,0
rv2534c,2859038,0
rv2534c,2859080,0
rv2534c,2859086,11
rv2534c,2859093,0
rv2534c,2859259,0
rv2535c,2859311,1836.4
rv2535c,2859400,787.2
rv2535c,2859439,372.7
rv2535c,2859443,1692.5
rv2535c,2859481,442.4
rv2535c,2859486,614.2
rv2535c,2859523,2498.7
rv2535c,2859572,0
rv2535c,2859680,1800.1
rv2535c,2859688,1477.7
rv2535c,2859732,161
rv2535c,2859743,253.6
rv2535c,2859994,59.4
rv2535c,2860026,348.9
rv2535c,2860184,664.9
rv2535c,2860206,126.4
rv2535c,2860250,18.1
rv2535c,2860330,1000.4
rv2535c,2860334,2281.4
rv2535c,2860345,713.6
rv2537c,2861179,1199.8
rv2537c,2861183,0
rv2537c,2861201,0
rv2537c,2861252,0
rv2537c,2861295,11
rv2537c,2861439,0
rv2537c,2861528,0
rv2538c,2861620,0
rv2538c,2861628,0
rv2538c,2861767,0
rv2538c,2861905,0
rv2538c,2861934,0
rv2538c,2861947,0
rv2538c,2862543,0
rv2538c,2862617,0
rv2538c,2862634,0
rv2538c,2862677,0
rv2539c,2862730,11
rv2539c,2862795,0
rv2539c,2862828,0
rv2539c,2862918,0
rv2539c,2863036,0
rv2540c,2863218,23
rv2540c,2863269,0
rv2540c,2863578,0
rv2540c,2863833,0
rv2540c,2863841,0
rv2540c,2863865,0
rv2540c,2863896,0
rv2540c,2864052,0
rv2540c,2864070,0
rv2540c,2864234,0
rv2540c,2864292,0
rv2543,2866551,3013.8
rv2543,2866566,2747.8
rv2543,2866664,2559.6
rv2543,2866686,617.1
rv2543,2866770,10966.3
rv2543,2866819,344
rv2543,2866848,2150
rv2543,2866897,1428.8
rv2543,2866922,1233.4
rv2543,2866947,500.5
rv2543,2866951,71.8
rv2543,2866973,631.9
rv2543,2866994,0
rv2543,2867032,1292.8
rv2544,2867207,1486.7
rv2544,2867222,4362.9
rv2544,2867320,2053.9
rv2544,2867422,507
rv2544,2867437,760.1999999999999
rv2544,2867439,302.9
rv2544,2867457,1981.2
rv2544,2867475,0
rv2544,2867514,73.5
rv2544,2867553,109.69999999999999
rv2544,2867578,4558.3
rv2544,2867607,0
rv2544,2867629,89
rv2544,2867650,0
rv2544,2867688,5382.9
rv2552c,2871217,1714.1
rv2552c,2871264,2.9
rv2552c,2871382,0
rv2552c,2871427,0
rv2552c,2871913,11
rv2552c,2871943,0
rv2555c,2873796,0
rv2555c,2873840,0
rv2555c,2873882,0
rv2555c,2873980,0
rv2555c,2874035,0
rv2555c,2874125,0
rv2555c,2874228,0
rv2555c,2874249,0
rv2555c,2874340,0
rv2555c,2874438,0
rv2555c,2874490,0
rv2555c,2874641,0
rv2555c,2874658,0
rv2555c,2874792,0
rv2555c,2874875,0
rv2555c,2874955,0
rv2555c,2874972,0
rv2555c,2875014,0
rv2555c,2875043,0
rv2555c,2875135,0
rv2555c,2875233,16.7
rv2555c,2875288,0
rv2555c,2875355,0
rv2555c,2875465,0
rv2555c,2875579,0
rv2555c,2875660,1.3
rv2555c,2875693,0
rv2555c,2875721,9.1
rv2555c,2875753,0
rv2555c,2875846,0
rv2555c,2875912,0
rv2555c,2875969,0
rv2555c,2875972,0
rv2555c,2876020,0
rv2555c,2876082,0
rv2555c,2876110,0
rv2555c,2876146,0
rv2555c,2876212,0
rv2555c,2876268,0
rv2555c,2876285,0
rv2555c,2876294,0
rv2555c,2876329,0
rv2564,2883362,686.7
rv2564,2883388,1221
rv2564,2883403,281.8
rv2564,2883428,1375.9
rv2564,2883595,795.1
rv2564,2883611,3519.7
rv2564,2883651,60.6
rv2564,2883714,307.2
rv2564,2883917,0
rv2564,2884093,978.8
rv2564,2884180,362.8
rv2564,2884229,207.10000000000002
rv2564,2884261,1477.8
rv2564,2884263,2809.1
rv2564,2884342,1348.4
rv2572c,2896056,0
rv2572c,2896070,0
rv2572c,2896085,0
rv2572c,2896316,0
rv2572c,2896331,0
rv2572c,2896378,0
rv2572c,2896403,0
rv2572c,2896768,0
rv2572c,2896870,0
rv2572c,2896961,10.1
rv2572c,2896987,0
rv2572c,2897020,0
rv2572c,2897025,0
rv2572c,2897102,0
rv2572c,2897155,0
rv2572c,2897173,0
rv2572c,2897176,0
rv2572c,2897232,0
rv2572c,2897239,0
rv2572c,2897425,0
rv2572c,2897431,0
rv2572c,2897595,0
rv2572c,2897778,0
rv2579,2903673,510.09999999999997
rv2579,2903688,1826
rv2579,2903692,1331.7
rv2579,2903718,15054.7
rv2579,2903720,481.7
rv2579,2903778,2750
rv2579,2903889,390.1
rv2579,2903891,16952.8
rv2579,2903895,6522.9
rv2579,2903959,820.9
rv2579,2904005,0
rv2579,2904219,17.6
rv2579,2904330,37.4
rv2579,2904417,584.1
rv2579,2904508,1058.6
rv2580c,2904832,2.8
rv2580c,2904852,0
rv2580c,2904951,0
rv2580c,2905018,0
rv2580c,2905240,0
rv2580c,2905312,0
rv2580c,2905315,0
rv2580c,2905351,1.3
rv2580c,2905567,0
rv2580c,2905719,11
rv2580c,2905729,0
rv2580c,2905753,0
rv2580c,2905774,0
rv2580c,2905892,0
rv2580c,2905894,0
rv2580c,2905982,11
rv2580c,2905984,0
rv2580c,2906056,0
rv2580c,2906064,3.9
rv2582,2906858,670.5
rv2582,2906927,186.8
rv2582,2906970,141.6
rv2582,2907014,10.1
rv2582,2907166,13
rv2582,2907224,66.8
rv2582,2907284,241
rv2582,2907312,2.9
rv2582,2907321,78.6
rv2582,2907420,78
rv2582,2907448,85.9
rv2582,2907466,108.9
rv2582,2907481,290.7
rv2582,2907520,62.5
rv2582,2907558,249.9
rv2582,2907561,495.5
rv2582,2907589,125.7
rv2582,2907616,320.5
rv2582,2907748,82.4
rv2583c,2907837,111
rv2583c,2907858,0
rv2583c,2907867,0
rv2583c,2907991,78.7
rv2583c,2908103,0
rv2583c,2908204,275.9
rv2583c,2908363,0
rv2583c,2908432,92.2
rv2583c,2908434,14.1
rv2583c,2908455,0
rv2583c,2908552,0
rv2583c,2908724,0
rv2583c,2908785,0
rv2583c,2908843,0
rv2583c,2908875,0
rv2583c,2909013,464.1
rv2583c,2909037,179
rv2583c,2909065,0
rv2583c,2909127,629.9
rv2583c,2909136,1773.1
rv2583c,2909154,1977
rv2583c,2909186,235.1
rv2583c,2909198,248.20000000000002
rv2583c,2909214,294.3
rv2583c,2909287,196.1
rv2583c,2909304,1219.6
rv2583c,2909316,1750.5
rv2583c,2909400,4353
rv2583c,2909451,478.6
rv2583c,2909612,433.09999999999997
rv2583c,2909630,1802.3
rv2583c,2909680,2753.4
rv2583c,2909790,1322.3
rv2583c,2909895,5165.4
rv2583c,2909949,1736.8
rv2583c,2909985,4222
rv2583c,2910103,6988.8
rv2584c,2910314,424.6
rv2584c,2910389,2673.9
rv2584c,2910468,1465.5
rv2584c,2910477,9360.5
rv2584c,2910480,4200.3
rv2584c,2910641,60.599999999999994
rv2584c,2910671,555
rv2584c,2910758,9135.9
rv2584c,2910794,724.6
rv2584c,2910845,1052.7
rv2584c,2910879,4059.5
rv2584c,2910895,8118.5
rv2586c,2912694,1099.6
rv2586c,2912734,142
rv2586c,2912911,3438.3
rv2586c,2912971,35.4
rv2586c,2913006,17.599999999999998
rv2586c,2913252,0
rv2586c,2913324,2.6
rv2586c,2913365,1.3
rv2586c,2913384,11.4
rv2586c,2913393,0
rv2586c,2913403,9.4
rv2586c,2913408,4.1
rv2586c,2913554,0
rv2586c,2913675,0
rv2586c,2913678,2.2
rv2586c,2913733,4.3
rv2586c,2913842,1.3
rv2586c,2913867,0
rv2586c,2913886,4742.6
rv2587c,2914026,250
rv2587c,2914095,5360.1
rv2587c,2914134,14.4
rv2587c,2914236,4.2
rv2587c,2914399,0
rv2587c,2914420,0
rv2587c,2914433,5.6
rv2587c,2914440,0
rv2587c,2914447,14.8
rv2587c,2914449,0
rv2587c,2914499,0
rv2587c,2914533,0
rv2587c,2914536,0
rv2587c,2914548,0
rv2587c,2914671,0
rv2587c,2914822,0
rv2587c,2914836,0
rv2587c,2914887,0
rv2587c,2914909,0
rv2587c,2914965,0
rv2587c,2915085,2.6
rv2587c,2915235,0
rv2587c,2915397,0
rv2587c,2915673,1.3
rv2587c,2915709,0
rv2588c,2916069,3464.4
rv2588c,2916148,8432
rv2589,2916494,693.9
rv2589,2916534,21
rv2589,2916633,1922.2
rv2589,2916661,4313.7
rv2589,2916670,8450.6
rv2589,2916702,562.1
rv2589,2916787,2341.6
rv2589,2916826,2494.3
rv2589,2916845,7269.7
rv2589,2916877,2667.2
rv2589,2916913,4671.3
rv2589,2916931,8782.9
rv2589,2916937,127.6
rv2589,2916957,986.3000000000001
rv2589,2916969,874.1
rv2589,2916983,3331.6
rv2589,2917022,4587.7
rv2589,2917103,11932.5
rv2589,2917179,0
rv2589,2917223,992.6
rv2589,2917517,778.2
rv2589,2917640,636.6
rv2590,2917924,24663.399999999998
rv2590,2917926,7900.2
rv2590,2918021,7499.2
rv2590,2918037,2251.3
rv2590,2918116,3916
rv2590,2918142,1412.6
rv2590,2918250,3667.9
rv2590,2918437,1392.7
rv2590,2918445,978.3
rv2590,2918610,6378.7
rv2590,2918621,2424.6
rv2590,2918624,957.6999999999999
rv2590,2918649,3568.2
rv2590,2918712,14.899999999999999
rv2590,2918772,1460.8
rv2590,2918795,9.1
rv2590,2918802,1991.5
rv2590,2919105,425.59999999999997
rv2590,2919171,5420
rv2590,2919201,1346.7
rv2590,2919222,357.09999999999997
rv2590,2919270,1006.8
rv2590,2919273,4614.1
rv2590,2919321,1416.2
rv2590,2919349,2005.9
rv2590,2919369,1992.7
rv2590,2919394,5513.3
rv2590,2919480,6609.9
rv2590,2919501,877
rv2590,2919595,4452.0999999999995
rv2590,2919621,1616.6000000000001
rv2590,2919726,7527.2
rv2590,2919750,3144
rv2590,2919752,3253.2000000000003
rv2590,2919767,6.5
rv2590,2919863,1119.6000000000001
rv2590,2920072,2261.9
rv2590,2920192,3466.9
rv2590,2920227,1613.2
rv2590,2920340,40.5
rv2590,2920353,2349.6
rv2590,2920368,463.6
rv2590,2920459,96.9
rv2590,2920518,1323.7
rv2590,2920520,1037.1
rv2590,2920596,15057.2
rv2590,2920602,16048.2
rv2590,2920704,4519.9
rv2590,2920716,25769.399999999998
rv2590,2920824,9737.8
rv2590,2920826,2483.7
rv2590,2920883,0
rv2590,2920908,6008.2
rv2590,2920947,15750.4
rv2590,2921003,14977.2
rv2590,2921025,11577.2
rv2590,2921043,694.4
rv2590,2921096,4036.6
rv2590,2921133,809.7
rv2590,2921223,2362.2
rv2590,2921245,323.2
rv2590,2921352,2259.4
rv2591,2921620,1725.7
rv2591,2921700,8207.3
rv2591,2921710,1922.3
rv2591,2921732,4576.8
rv2591,2921744,1825.9
rv2591,2921819,3322.3
rv2591,2921981,1005.1
rv2591,2922399,1293.5
rv2591,2922532,0
rv2591,2922596,465.8
rv2591,2922640,522.7
rv2591,2922979,3260.7
rv2591,2922982,864.6
rv2591,2923190,410.1
rv2592c,2923210,4749.0999999999995
rv2592c,2923313,10.1
rv2592c,2923480,299.1
rv2592c,2923637,0
rv2592c,2923690,28.6
rv2592c,2923757,2.9
rv2592c,2923861,92.7
rv2592c,2923907,47.5
rv2592c,2924157,0
rv2593c,2924320,32.9
rv2593c,2924450,67.5
rv2593c,2924540,9.2
rv2593c,2924621,174.8
rv2593c,2924652,32.2
rv2593c,2924754,5.8
rv2594c,2924851,111.2
rv2594c,2924855,222.1
rv2594c,2924988,23.6
rv2594c,2925084,29.2
rv2594c,2925195,0
rv2594c,2925342,2.9
rv2601,2928441,372.9
rv2601,2928500,759.8
rv2601,2928578,4176.1
rv2601,2928582,2681.5
rv2601,2928621,878.6
rv2601,2928701,2567
rv2601,2928884,2323.1
rv2601,2928939,1800.3999999999999
rv2601,2929053,2634.9
rv2601,2929139,1797.1
rv2601,2929160,167.29999999999998
rv2601,2929175,3940.8999999999996
rv2601,2929220,1655
rv2601,2929259,1788.2
rv2601,2929265,2961.6
rv2601,2929283,889.1
rv2601,2929473,2235.7
rv2601,2929506,2102.3
rv2601,2929570,835
rv2601,2929592,3587.2000000000003
rv2601,2929607,6835.8
rv2601,2929670,3217.1
rv2601,2929724,280.2
rv2601,2929739,592.5
rv2601,2929792,6162.4
rv2601,2929967,1803.6000000000001
rv2605c,2932449,986.5
rv2605c,2932581,1925.5
rv2605c,2932798,2579.6
rv2605c,2932813,283.9
rv2605c,2932856,1604.1000000000001
rv2605c,2932971,130.20000000000002
rv2605c,2932995,2556.4
rv2605c,2933042,1075.3
rv2605c,2933103,536.4
rv2607,2934240,580.3
rv2607,2934271,573.8
rv2607,2934440,1914.8999999999999
rv2607,2934480,1233.8999999999999
rv2607,2934487,7411.4
rv2607,2934526,3268
rv2607,2934550,303.6
rv2607,2934557,4741.4
rv2607,2934575,9067.5
rv2607,2934611,5144.6
rv2607,2934619,6921.4
rv2607,2934705,31.5
rv2607,2934778,0
rv2608,2935099,1536.1
rv2608,2935269,7312.9
rv2608,2935330,5.9
rv2608,2935473,3929
rv2608,2935483,6526.9000000000005
rv2608,2935515,1359.7
rv2608,2935556,1219
rv2608,2935607,4.3
rv2608,2935721,264.5
rv2608,2935766,365
rv2608,2935858,1077.2
rv2608,2935891,5595.1
rv2608,2935915,3923.2
rv2608,2935923,3458.2999999999997
rv2608,2935959,5537.5
rv2608,2935967,6514.9
rv2608,2936015,2247.1
rv2608,2936025,13169.4
rv2608,2936050,187.9
rv2608,2936134,930
rv2608,2936154,2831.5
rv2608,2936207,964.8
rv2608,2936249,640.6
rv2608,2936269,2042.8
rv2608,2936316,542.4
rv2608,2936331,351.9
rv2608,2936343,1130
rv2608,2936370,811.1
rv2608,2936505,12804.4
rv2608,2936555,3364.9
rv2608,2936625,2420.5
rv2608,2936782,127.4
rv2608,2936796,501.4
rv2610c,2937921,0
rv2610c,2937960,0
rv2610c,2937993,4.2
rv2610c,2938215,0
rv2610c,2938343,0
rv2610c,2938422,0
rv2610c,2938447,0
rv2610c,2938461,19.2
rv2610c,2938562,0
rv2610c,2938733,0
rv2610c,2938742,0
rv2610c,2938827,0
rv2610c,2938846,0
rv2610c,2938863,0
rv2610c,2938946,0
rv2610c,2938986,0
rv2612c,2940225,11
rv2612c,2940299,0
rv2612c,2940577,0
rv2614c,2941234,749.8
rv2614c,2941494,0
rv2614c,2941569,0
rv2614c,2941613,11
rv2614c,2941665,0
rv2614c,2941770,0
rv2614c,2941908,0
rv2614c,2941926,0
rv2614c,2942067,0
rv2614c,2942073,0
rv2614c,2942115,0
rv2614c,2942175,0
rv2614c,2942178,0
rv2614c,2942217,0
rv2614c,2942259,0
rv2614c,2942328,9.1
rv2614c,2942358,9.1
rv2614c,2942408,0
rv2614c,2942544,0
rv2614c,2942586,0
rv2614c,2942703,0
rv2614c,2942778,0
rv2614c,2942823,0
rv2614c,2942928,0
rv2614c,2942931,0
rv2614c,2943070,0
rv2614c,2943151,0
rv2614c,2943164,0
rv2615c,2943909,0
rv2615c,2943933,483.90000000000003
rv2615c,2943984,18
rv2615c,2943989,1513.5
rv2615c,2943994,703.5
rv2615c,2944014,57.5
rv2615c,2944134,528.7
rv2615c,2944219,618.7
rv2615c,2944257,116.4
rv2615c,2944359,0
rv2615c,2944471,832.9
rv2615c,2944599,0
rv2615c,2944739,2682.7
rv2615c,2944759,1775.3
rv2615c,2944784,1234
rv2615c,2944814,4363
rv2615c,2944966,11989.3
rv2623,2949632,344.7
rv2623,2949745,1193.8
rv2623,2950090,3842.7000000000003
rv2623,2950293,105.7
rv2623,2950303,1073.7
rv2623,2950309,430.20000000000005
rv2623,2950407,20.700000000000003
rv2623,2950432,0
rv2623,2950494,2013.5
rv2634c,2960116,4515.3
rv2634c,2960150,1320
rv2634c,2960402,472.8
rv2634c,2960438,95.5
rv2634c,2960480,101.39999999999999
rv2634c,2960633,366.5
rv2634c,2960642,63.8
rv2634c,2960693,0
rv2634c,2960814,2742.7999999999997
rv2634c,2960864,10.1
rv2634c,2960880,195.4
rv2634c,2960891,131.1
rv2634c,2960934,2224
rv2634c,2961029,5.9
rv2634c,2961063,2450.2
rv2634c,2961104,34
rv2634c,2961113,548.5
rv2634c,2961131,63.7
rv2634c,2961269,0
rv2634c,2961383,335.5
rv2634c,2961494,834.2
rv2634c,2961549,718.8
rv2634c,2961622,2921.4
rv2634c,2961815,23.400000000000002
rv2634c,2961869,371.2
rv2634c,2961941,641
rv2634c,2961959,79.1
rv2634c,2962085,65.39999999999999
rv2634c,2962137,3129.7
rv2634c,2962188,11872.2
rv2634c,2962192,10566.5
rv2634c,2962211,1032.1
rv2634c,2962267,5684.7
rv2634c,2962279,5019
rv2637,2963641,1064.5
rv2637,2963663,201
rv2637,2963812,319.4
rv2637,2963837,2388.7
rv2637,2963843,96.89999999999999
rv2637,2963972,475.40000000000003
rv2637,2964010,82.8
rv2637,2964079,1613.2
rv2637,2964159,2662.1
rv2637,2964237,90.7
rv2641,2965965,1733.7
rv2641,2966006,3770
rv2641,2966051,525.3
rv2641,2966083,7106.1
rv2641,2966119,761.4
rv2641,2966291,5363.3
rv2641,2966293,41045.7
rv2641,2966405,2268.9
rv2643,2967026,2789.2
rv2643,2967029,3133.5
rv2643,2967065,2004.5
rv2643,2967107,599.8000000000001
rv2643,2967127,4020.7
rv2643,2967151,1321
rv2643,2967191,1496
rv2643,2967218,399.9
rv2643,2967257,1510.8
rv2643,2967277,348.5
rv2643,2967433,5137.3
rv2643,2967446,21.5
rv2643,2967547,518.3
rv2643,2967592,2668
rv2643,2967634,460.4
rv2643,2967736,2100.4
rv2643,2967755,266.1
rv2643,2967763,932.3
rv2643,2967767,2144.1
rv2643,2967788,504.9
rv2643,2967793,247.70000000000002
rv2643,2967871,2765.8
rv2643,2967926,1286.1
rv2643,2967949,14593.6
rv2643,2968022,2396.7
rv2643,2968070,1583.5
rv2643,2968179,1297
rv2643,2968270,4236.4
rv2643,2968288,1374
rv2643,2968304,1134
rv2643,2968414,5463.7
rv2667,2983930,157.3
rv2667,2984048,1133.2
rv2667,2984100,0
rv2667,2984367,364.9
rv2667,2984485,3170.8
rv2667,2984519,3029.3
rv2671,2986889,504.40000000000003
rv2671,2986912,5141.5999999999995
rv2671,2986942,2292.1
rv2671,2986948,368
rv2671,2987007,174
rv2671,2987125,425.1
rv2671,2987243,400.6
rv2671,2987421,450.9
rv2671,2987500,1456.7
rv2671,2987528,4485.6
rv2671,2987596,488.1
rv2671,2987602,4461.3
rv2671,2987611,2455.8
rv2677c,2992645,1365.1
rv2677c,2992665,2447.8
rv2677c,2992738,0
rv2677c,2992813,0
rv2677c,2993338,0
rv2677c,2993491,0
rv2677c,2993493,0
rv2677c,2993502,0
rv2677c,2993725,0
rv2677c,2993807,11
rv2677c,2993855,0
rv2677c,2993871,0
rv2677c,2993885,0
rv2677c,2993944,0
rv2677c,2993976,0
rv2677c,2993986,0
rv2677c,2994002,0
rv2678c,2994011,0
rv2678c,2994082,0
rv2678c,2994197,0
rv2678c,2994408,2.6
rv2678c,2994417,0
rv2678c,2994455,11
rv2678c,2994612,0
rv2678c,2994698,0
rv2678c,2994821,0
rv2678c,2994867,0
rv2678c,2994875,0
rv2678c,2994889,0
rv2678c,2994936,0
rv2678c,2994957,0
rv2678c,2995038,0
rv2678c,2995066,224.70000000000002
rv2679,2995133,6381.7
rv2679,2995137,1232.1
rv2679,2995380,2185.5
rv2679,2995632,8637.2
rv2679,2995635,2761.3
rv2679,2995806,2207.8
rv2682c,2998106,20.1
rv2682c,2998157,0
rv2682c,2998201,0
rv2682c,2998308,0
rv2682c,2998541,0
rv2682c,2998572,0
rv2682c,2998670,0
rv2682c,2998718,0
rv2682c,2998819,0
rv2682c,2998967,0
rv2682c,2998999,0
rv2682c,2999006,0
rv2682c,2999128,0
rv2682c,2999242,0
rv2682c,2999389,0
rv2682c,2999449,0
rv2682c,2999477,0
rv2682c,2999504,0
rv2682c,2999528,0
rv2682c,2999620,11
rv2682c,2999686,0
rv2682c,2999708,22
rv2682c,2999758,0
rv2682c,2999808,0
rv2684,3000660,4946.8
rv2684,3000733,2193.7
rv2684,3000762,4288.7
rv2684,3000858,2145.5
rv2684,3000901,975.5
rv2684,3000922,4735
rv2684,3000956,875.3
rv2684,3000994,1972.6
rv2684,3001012,770
rv2684,3001165,1290.5
rv2684,3001372,376.4
rv2684,3001431,2042.7
rv2684,3001435,4956.9
rv2684,3001484,2186
rv2684,3001559,3417.1
rv2684,3001579,696.1
rv2684,3001613,1197.5
rv2684,3001629,3759.2999999999997
rv2684,3001878,2948.2
rv2684,3001893,1125.5
rv2685,3002021,88.1
rv2685,3002029,1519.5
rv2685,3002037,655
rv2685,3002131,154.8
rv2685,3002227,1487.8
rv2685,3002363,1134.4
rv2685,3002369,4267.7
rv2685,3002771,1337.7
rv2685,3002800,1135.3
rv2685,3002933,414.2
rv2685,3002998,718
rv2685,3003089,133.4
rv2685,3003247,385.6
rv2685,3003262,1992.5
rv2685,3003277,294.2
rv2691,3009418,619.8
rv2691,3009651,12754.5
rv2691,3009675,6923.9
rv2691,3009701,3161.8
rv2691,3009742,636.8000000000001
rv2691,3009779,1568.8
rv2691,3009785,189.89999999999998
rv2691,3009811,2768.4
rv2691,3009901,3839.8
rv2691,3009925,4463.1
rv2691,3009938,1058.7
rv2691,3009945,9461.6
rv2691,3009947,5186.2
rv2691,3009958,490.20000000000005
rv2692,3010041,6405.3
rv2692,3010284,325.59999999999997
rv2692,3010482,803.1
rv2692,3010694,3072.7
rv2697c,3013813,34.7
rv2697c,3013843,46.6
rv2697c,3013901,5.2
rv2697c,3014023,3.9
rv2697c,3014069,29
rv2701c,3015891,1616.1000000000001
rv2701c,3015909,1494.8
rv2701c,3016066,3138.3
rv2701c,3016069,2984.1
rv2701c,3016092,706.8
rv2701c,3016198,273.2
rv2701c,3016211,0
rv2701c,3016312,2458.2
rv2701c,3016390,1663.5
rv2701c,3016405,2527.2
rv2701c,3016466,3533.5
rv2702,3017108,5532.6
rv2702,3017149,136.9
rv2702,3017169,132.7
rv2702,3017191,2086
rv2702,3017267,167.89999999999998
rv2702,3017295,613.3
rv2702,3017301,848.9
rv2702,3017358,410.8
rv2702,3017427,423.9
rv2702,3017450,7087.6
rv2702,3017475,2519.5
rv2702,3017568,96
rv2702,3017589,1969.3
rv2702,3017653,1948.1
rv2703,3017885,0
rv2703,3017967,0
rv2703,3017994,0
rv2703,3018045,0
rv2703,3018535,10.1
rv2703,3018557,0
rv2703,3018590,0
rv2703,3018616,0
rv2703,3018642,0
rv2703,3018761,0
rv2703,3018772,0
rv2703,3018853,0
rv2703,3018865,0
rv2703,3018880,0
rv2703,3018885,0
rv2703,3019090,0
rv2703,3019274,0
rv2703,3019287,0
rv2703,3019330,0
rv2703,3019374,0
rv2703,3019420,0
rv2710,3022558,938.4
rv2710,3022625,1664.8
rv2710,3022639,2394.9
rv2710,3022766,92.4
rv2710,3022783,502.3
rv2710,3022864,753.2
rv2710,3022891,2131.8
rv2710,3022964,939.5
rv2710,3023127,495.3
rv2710,3023222,1850.3999999999999
rv2710,3023339,956.5
rv2710,3023391,1701.5
rv2710,3023431,2478.8
rv2711,3023592,0
rv2711,3023605,0
rv2711,3023620,1.3
rv2711,3023732,0
rv2711,3024084,0
rv2711,3024125,0
rv2711,3024158,1.3
rv2713,3025460,4943.5
rv2713,3025625,15921.400000000001
rv2713,3025655,2015.8
rv2713,3025667,3925.2
rv2713,3025765,279
rv2713,3025868,9681.2
rv2713,3026018,4719
rv2713,3026241,10422.5
rv2713,3026246,3137.7999999999997
rv2713,3026331,2050.9
rv2713,3026355,7313.5
rv2713,3026366,10172
rv2713,3026438,1530.3
rv2713,3026491,3432.1
rv2713,3026495,3193.1
rv2713,3026516,10000
rv2713,3026561,4954.5
rv2713,3026582,0
rv2713,3026621,4719.3
rv2713,3026677,8855
rv2713,3026750,1052.4
rv2713,3026774,855.7
rv2713,3026795,2804.1
rv2720,3031896,0
rv2720,3031926,0
rv2720,3031936,0
rv2720,3032029,0
rv2720,3032033,0
rv2720,3032093,0
rv2720,3032129,9.1
rv2720,3032163,21.5
rv2724c,3036142,1734.4
rv2724c,3036196,875.1999999999999
rv2724c,3036207,1068.7
rv2724c,3036223,1258.5
rv2724c,3036241,1359
rv2724c,3036253,2295.5
rv2724c,3036259,267.7
rv2724c,3036295,5085.3
rv2724c,3036316,3968.4
rv2724c,3036371,5426.3
rv2724c,3036452,855.5999999999999
rv2724c,3036490,7872.9000000000005
rv2724c,3036580,11537.6
rv2724c,3036786,8651.5
rv2724c,3036831,1260.3
rv2724c,3036838,8357
rv2724c,3036872,5044.6
rv2724c,3036887,89.8
rv2724c,3036991,1654.6
rv2724c,3037036,1559.8999999999999
rv2724c,3037075,2231.1
rv2724c,3037091,32
rv2724c,3037105,2083.2999999999997
rv2724c,3037201,1403.5
rv2724c,3037234,576.5
rv2724c,3037282,2060.8
rv2725c,3037438,4053.8
rv2725c,3037533,2569.3
rv2725c,3037579,1252.1
rv2725c,3037652,335.40000000000003
rv2725c,3037727,328.9
rv2725c,3037749,602.3
rv2725c,3037830,0
rv2725c,3037869,4096.3
rv2725c,3037973,2053.4
rv2725c,3038034,2125.2
rv2725c,3038078,1837
rv2725c,3038092,517.9
rv2725c,3038184,2324.2
rv2725c,3038338,11388.5
rv2725c,3038429,2688.8
rv2725c,3038435,1302.5
rv2725c,3038560,4741.5
rv2725c,3038728,2522.2
rv2725c,3038860,7322
rv2725c,3038867,7149.7
rv2725c,3038874,364.7
rv2725c,3038924,2262.7
rv2726c,3039033,0
rv2726c,3039205,0
rv2726c,3039324,0
rv2726c,3039425,0
rv2726c,3039478,0
rv2726c,3039521,9.1
rv2726c,3039584,0
rv2726c,3039593,0
rv2726c,3039640,0
rv2726c,3039666,0
rv2726c,3039786,0
rv2727c,3039841,952.1
rv2727c,3039853,9.2
rv2727c,3039965,28.8
rv2727c,3039983,48
rv2727c,3040042,45.8
rv2727c,3040045,33.6
rv2727c,3040055,0
rv2727c,3040114,34.2
rv2727c,3040206,0
rv2727c,3040351,11.100000000000001
rv2727c,3040411,17.5
rv2727c,3040463,82.2
rv2727c,3040544,1.3
rv2727c,3040655,27.400000000000002
rv2727c,3040761,8.3
rv2736c,3048573,290.4
rv2736c,3048613,27.3
rv2736c,3048642,380.9
rv2736c,3048737,2194.2
rv2736c,3048941,484.7
rv2736c,3048966,40.199999999999996
rv2736c,3048992,602.4
rv2737c,3049234,1170.6
rv2737c,3049321,340.8
rv2737c,3049465,484.7
rv2737c,3049560,2361.5
rv2737c,3049599,955
rv2737c,3049651,810.3
rv2737c,3049687,2937.6
rv2737c,3049742,155.2
rv2737c,3049799,379
rv2737c,3049805,143.2
rv2737c,3049891,605.9
rv2737c,3049972,230.2
rv2737c,3050119,1681
rv2737c,3050123,587.3
rv2737c,3050192,3798.6
rv2737c,3050329,772.2
rv2737c,3050446,1664.1
rv2737c,3050597,2215.7
rv2737c,3050639,1523.4
rv2737c,3050729,196.1
rv2737c,3050779,1072.6
rv2737c,3050882,215.9
rv2737c,3051124,826.3000000000001
rv2737c,3051218,376.7
rv2737c,3051238,3428.9
rv2737c,3051240,5901.4
rv2737c,3051246,807.3
rv2737c,3051291,1151.8
rv2737c,3051370,460.7
rv2741,3053955,755.6
rv2741,3054069,9.1
rv2741,3054107,6849
rv2741,3054176,2077.5
rv2741,3054182,10142.1
rv2741,3054225,5431.2
rv2741,3054237,3451.9
rv2741,3054295,1630.3
rv2741,3054338,3915.2999999999997
rv2741,3054352,21.7
rv2741,3054394,108
rv2741,3054624,4.3
rv2741,3055018,138.70000000000002
rv2741,3055032,2459.7000000000003
rv2741,3055034,605
rv2741,3055102,100.1
rv2741,3055153,27.2
rv2741,3055158,3135.8
rv2741,3055186,0
rv2741,3055202,3851.2000000000003
rv2741,3055329,882.5
rv2741,3055345,272.9
rv2741,3055354,0
rv2741,3055495,1846.2
rv2744c,3057262,8550
rv2744c,3057271,1309.4
rv2744c,3057287,2195.7
rv2744c,3057323,446.8
rv2744c,3057484,745.9
rv2744c,3057692,652.3
rv2744c,3057781,6234.4000000000005
rv2744c,3057914,45.3
rv2744c,3058042,2870.9
rv2744c,3058055,1530.7
rv2746c,3058664,0
rv2746c,3058711,0
rv2746c,3058756,0
rv2746c,3058827,0
rv2746c,3058830,0
rv2746c,3058876,0
rv2746c,3058994,0
rv2746c,3059028,0
rv2746c,3059047,0
rv2746c,3059062,11
rv2746c,3059093,0
rv2746c,3059148,0
rv2746c,3059182,0
rv2746c,3059222,382.4
rv2748c,3059866,861.3
rv2748c,3060146,0
rv2748c,3060169,5.7
rv2748c,3060232,0
rv2748c,3060550,0
rv2748c,3060556,0
rv2748c,3060565,0
rv2748c,3060664,1.3
rv2748c,3060760,11
rv2748c,3061041,0
rv2748c,3061100,0
rv2748c,3061111,0
rv2748c,3061177,0
rv2748c,3061308,0
rv2748c,3061336,0
rv2748c,3061370,0
rv2748c,3061422,0
rv2748c,3061504,0
rv2748c,3061507,0
rv2748c,3061594,0
rv2748c,3061701,0
rv2748c,3061901,0
rv2748c,3062037,0
rv2748c,3062192,0
rv2748c,3062354,0
rv2748c,3062360,630
rv2748c,3062372,341.6
rv2748c,3062379,54.699999999999996
rv2748c,3062391,1564
rv2748c,3062411,116.1
rv2748c,3062451,1997.4
rv2753c,3066435,0
rv2753c,3066560,0
rv2753c,3066563,7.9
rv2753c,3066707,11
rv2753c,3066785,0
rv2753c,3066788,0
rv2753c,3066866,0
rv2753c,3066885,0
rv2753c,3067065,0
rv2753c,3067099,0
rv2754c,3067390,0
rv2754c,3067528,0
rv2754c,3067629,0
rv2754c,3067633,11
rv2754c,3067654,11
rv2754c,3067714,2.9
rv2754c,3067737,0
rv2754c,3067777,2.9
rv2754c,3067825,0
rv2756c,3068476,551.6
rv2756c,3068605,18.1
rv2756c,3068613,164.6
rv2756c,3068634,0
rv2756c,3068671,66.39999999999999
rv2756c,3068694,574.6
rv2756c,3068698,642.3
rv2756c,3068746,1283.5
rv2756c,3068801,398.8
rv2756c,3068854,30.4
rv2756c,3068866,683.2
rv2756c,3068939,165.9
rv2756c,3068989,9.5
rv2756c,3069069,1264.3000000000002
rv2756c,3069093,619.2
rv2756c,3069103,648.3000000000001
rv2756c,3069192,757.8
rv2756c,3069232,804.6999999999999
rv2756c,3069330,898.9
rv2756c,3069366,1929.2
rv2756c,3069420,2010
rv2756c,3069481,1.3
rv2756c,3069534,363.59999999999997
rv2756c,3069540,214
rv2756c,3069601,1605.6000000000001
rv2756c,3069605,1859.6
rv2756c,3069652,1294.5
rv2756c,3069654,763.2
rv2756c,3069698,0
rv2756c,3069821,0
rv2756c,3069828,199.8
rv2756c,3069837,171.7
rv2756c,3069866,186.4
rv2756c,3069930,17.1
rv2756c,3069945,1466.7
rv2756c,3069949,6277.9
rv2756c,3069981,2986.6
rv2761c,3071557,0
rv2761c,3071571,0
rv2761c,3071580,108.8
rv2761c,3071781,4562
rv2761c,3071876,159.7
rv2761c,3072049,735.7
rv2761c,3072065,464.5
rv2761c,3072127,6351.8
rv2761c,3072219,500.7
rv2761c,3072264,0
rv2761c,3072322,0
rv2761c,3072345,175
rv2761c,3072352,1882
rv2761c,3072355,1425.8
rv2761c,3072361,77
rv2761c,3072433,356
rv2761c,3072443,41.1
rv2761c,3072451,544.7
rv2761c,3072508,96.5
rv2761c,3072515,0
rv2761c,3072532,1578.3
rv2761c,3072541,21
rv2761c,3072572,1534.7
rv2761c,3072584,3991.2
rv2761c,3072615,979.6
rv2761c,3072621,228.6
rv2763c,3073153,0
rv2763c,3073159,0
rv2763c,3073168,0
rv2763c,3073283,0
rv2763c,3073303,0
rv2763c,3073321,5.7
rv2763c,3073406,0
rv2763c,3073428,11
rv2763c,3073463,0
rv2764c,3073693,0
rv2764c,3073730,13.399999999999999
rv2764c,3073754,17.8
rv2764c,3073760,0
rv2764c,3073786,0
rv2764c,3073792,2.9
rv2764c,3073802,0
rv2764c,3073834,0
rv2764c,3073856,20.7
rv2764c,3073940,9.2
rv2764c,3073991,8.8
rv2764c,3074024,13.7
rv2764c,3074194,13.2
rv2764c,3074201,0
rv2764c,3074223,0
rv2764c,3074277,8.8
rv2764c,3074312,0
rv2764c,3074317,0
rv2764c,3074343,0
rv2764c,3074375,18.5
rv2764c,3074436,0
rv2764c,3074471,9.2
rv2768c,3076947,204.1
rv2768c,3076962,5560.6
rv2768c,3077002,462.3
rv2768c,3077071,2727.4
rv2768c,3077264,385.9
rv2768c,3077291,1847.8
rv2768c,3077371,614.1
rv2768c,3077408,805.1
rv2768c,3077456,927.3
rv2768c,3077628,1146.6
rv2768c,3077634,7955
rv2768c,3077670,1313.6
rv2768c,3077856,1891.3
rv2768c,3077874,4906.3
rv2768c,3077929,335.5
rv2768c,3077968,4802
rv2768c,3078042,5823.4
rv2768c,3078071,1646.5
rv2769c,3078169,7579.1
rv2769c,3078171,1000.1
rv2769c,3078208,1585.5
rv2769c,3078342,223.1
rv2769c,3078407,201.5
rv2769c,3078420,70.5
rv2769c,3078492,383.8
rv2769c,3078567,6337.8
rv2769c,3078617,3929.8
rv2769c,3078626,3296
rv2769c,3078680,86
rv2769c,3078733,7961.0999999999995
rv2769c,3078775,10669.4
rv2769c,3078777,1901.6
rv2769c,3078808,3571.1
rv2769c,3078820,676.7
rv2769c,3078843,6129.3
rv2769c,3078852,9644.8
rv2770c,3079342,6839.9000000000005
rv2770c,3079362,303.9
rv2770c,3079400,1139.1
rv2770c,3079510,1757.3999999999999
rv2770c,3079663,3271.5
rv2770c,3079684,4180.7
rv2770c,3079745,2844.7
rv2770c,3079798,0
rv2770c,3080007,2271.1
rv2770c,3080013,16837.1
rv2770c,3080049,2742.3
rv2770c,3080062,75
rv2770c,3080253,5572.8
rv2770c,3080366,12405.6
rv2770c,3080421,9803.3
rv2770c,3080450,1817.1
rv2773c,3081629,4.3
rv2773c,3081644,15.6
rv2773c,3081721,8.6
rv2773c,3081812,0
rv2773c,3081853,1.3
rv2773c,3081913,0
rv2773c,3082049,0
rv2773c,3082126,0
rv2773c,3082219,3.9
rv2773c,3082229,0
rv2773c,3082268,0
rv2773c,3082343,0
rv2780,3086841,559.3
rv2780,3086906,1961.2
rv2780,3086961,2484.5
rv2780,3087038,2675
rv2780,3087062,44.2
rv2780,3087073,1287
rv2780,3087178,1715.7
rv2780,3087209,4326.0999999999995
rv2780,3087268,1054.2
rv2780,3087370,1303.5
rv2780,3087411,11.7
rv2780,3087419,3657.4
rv2780,3087484,338.6
rv2780,3087496,1577.3
rv2780,3087575,182.1
rv2780,3087600,85.39999999999999
rv2780,3087617,273
rv2780,3087627,246.6
rv2780,3087629,1583
rv2780,3087676,1253.7
rv2780,3087715,1271.7
rv2780,3087760,1041.1000000000001
rv2780,3087787,3236.4
rv2780,3087845,611.7
rv2780,3087878,354
rv2782c,3089056,1153.6
rv2782c,3089061,583.7
rv2782c,3089128,24.400000000000002
rv2782c,3089227,330.3
rv2782c,3089283,2384.5
rv2782c,3089419,725.4
rv2782c,3089464,119.6
rv2782c,3089473,248.1
rv2782c,3089630,36
rv2782c,3089669,125.4
rv2782c,3089795,2045.2
rv2782c,3089797,2159
rv2782c,3090073,5233.9
rv2782c,3090076,2480.1
rv2783c,3090375,27.2
rv2783c,3090559,0
rv2783c,3090830,0
rv2783c,3090852,0
rv2783c,3091090,0
rv2783c,3091247,0
rv2783c,3091376,0
rv2783c,3091388,0
rv2783c,3091569,0
rv2783c,3091658,11
rv2783c,3091725,0
rv2783c,3091781,11.700000000000001
rv2783c,3091784,0
rv2783c,3091799,0
rv2783c,3091890,0
rv2783c,3092188,11
rv2783c,3092195,0
rv2783c,3092369,0
rv2783c,3092474,0
rv2784c,3093019,3765.2
rv2784c,3093025,5390.9
rv2784c,3093155,532.9
rv2784c,3093170,11433.8
rv2784c,3093244,2708.4
rv2784c,3093338,2666
rv2785c,3093526,53.3
rv2785c,3093553,121.2
rv2785c,3093695,0
rv2785c,3093715,0
rv2786c,3093923,80.9
rv2786c,3093950,0
rv2786c,3094010,0
rv2786c,3094045,0
rv2786c,3094138,2.8
rv2786c,3094204,0
rv2786c,3094231,0
rv2786c,3094293,0
rv2786c,3094378,0
rv2786c,3094545,11
rv2786c,3094702,0
rv2786c,3094749,0
rv2786c,3094821,0
rv2786c,3094901,1497.7
rv2788,3096998,3283.8
rv2788,3097017,2389.6
rv2788,3097164,1499.7
rv2788,3097231,376.6
rv2788,3097263,0
rv2788,3097469,720.8
rv2788,3097500,1019.6
rv2789c,3097717,0
rv2789c,3097764,534.8
rv2789c,3097789,1079.1000000000001
rv2789c,3097834,421.3
rv2789c,3097846,2938.2000000000003
rv2789c,3097909,1112.3
rv2789c,3097980,664.7
rv2789c,3098057,100.8
rv2789c,3098086,408.59999999999997
rv2789c,3098345,0
rv2789c,3098386,1796.1000000000001
rv2789c,3098407,1314.2
rv2789c,3098449,657.9
rv2789c,3098519,0
rv2789c,3098747,0
rv2789c,3098836,41.1
rv2789c,3098922,3185.7
rv2790c,3098993,831.4
rv2790c,3099188,1139.3
rv2790c,3099254,358.7
rv2790c,3099262,1132.8
rv2790c,3099335,0
rv2790c,3099368,9.1
rv2790c,3099378,254.6
rv2790c,3099476,1073.8
rv2790c,3099587,2358.4
rv2790c,3099608,679.1
rv2790c,3099641,218.8
rv2790c,3099677,546.1
rv2790c,3099754,36.2
rv2790c,3099890,818.2
rv2790c,3099942,35.3
rv2790c,3099962,756.1
rv2790c,3099995,600.6
rv2790c,3100001,523.9
rv2790c,3100010,1265.7
rv2790c,3100031,150.1
rv2790c,3100088,319.2
rv2790c,3100148,1031.4
rv2790c,3100173,144.4
rv2793c,3102375,81.1
rv2793c,3102451,36
rv2793c,3102480,839
rv2793c,3102493,2.9
rv2793c,3102738,1720
rv2793c,3102772,0
rv2793c,3102876,11.8
rv2793c,3102985,0
rv2793c,3103062,743.7
rv2793c,3103240,18.1
rv2793c,3103270,0
rv2796c,3105067,1146.8
rv2796c,3105187,4907.3
rv2796c,3105325,5176
rv2796c,3105352,7790.1
rv2796c,3105383,946.3
rv2796c,3105454,403.1
rv2831,3137375,2.9
rv2831,3137602,738.1
rv2831,3137749,947
rv2831,3137890,1129.5
rv2831,3137964,0
rv2831,3137973,319.40000000000003
rv2831,3138028,18
rv2832c,3138201,325
rv2832c,3138272,319.6
rv2832c,3138412,0
rv2832c,3138521,862.2
rv2832c,3138620,286.7
rv2832c,3138926,72
rv2832c,3138935,373.1
rv2832c,3139154,255
rv2832c,3139175,376
rv2832c,3139185,63.4
rv2833c,3139347,914.5
rv2833c,3139413,774.3000000000001
rv2833c,3139461,0
rv2833c,3139482,110.3
rv2833c,3139562,0
rv2833c,3139726,683.3
rv2833c,3139746,97.5
rv2833c,3139773,2482.3
rv2833c,3139833,550.1
rv2833c,3139891,0
rv2833c,3139934,1660.8000000000002
rv2833c,3139988,0
rv2833c,3140019,665.4
rv2833c,3140022,575.8
rv2833c,3140046,1660
rv2833c,3140058,1086.5
rv2833c,3140079,282.5
rv2833c,3140103,126.5
rv2833c,3140262,680.0999999999999
rv2834c,3140498,1360.8
rv2834c,3140530,786.5
rv2834c,3140650,534.2
rv2834c,3140702,919.1
rv2834c,3140948,224.70000000000002
rv2834c,3141155,354.59999999999997
rv2834c,3141167,10.1
rv2834c,3141203,2394.5
rv2834c,3141290,71.69999999999999
rv2834c,3141303,173
rv2835c,3141358,2842.3
rv2835c,3141361,2684.3
rv2835c,3141412,18.5
rv2835c,3141445,3629.6
rv2835c,3141454,477.8
rv2835c,3141654,0
rv2835c,3141676,417.3
rv2835c,3141689,343.7
rv2835c,3141691,348.3
rv2835c,3141712,1347.5
rv2835c,3141754,192.7
rv2835c,3142033,652.5
rv2835c,3142041,297.40000000000003
rv2835c,3142120,645.3
rv2835c,3142137,259.2
rv2835c,3142177,1539.7
rv2836c,3142320,1124
rv2836c,3142353,812.5
rv2836c,3142373,446.7
rv2836c,3142390,976.6
rv2836c,3142414,360.2
rv2836c,3142434,1716.4
rv2836c,3142574,578.8
rv2836c,3142610,93.9
rv2836c,3142631,20.1
rv2836c,3142655,292.3
rv2836c,3142661,0
rv2836c,3142726,430.5
rv2836c,3142787,359.6
rv2836c,3142893,1597.4
rv2836c,3142997,205.20000000000002
rv2836c,3143063,0
rv2836c,3143094,952.6
rv2836c,3143145,3300.2000000000003
rv2836c,3143366,3095.2999999999997
rv2836c,3143406,701.9
rv2836c,3143436,387.4
rv2836c,3143488,9.1
rv2836c,3143507,20.1
rv2836c,3143550,3472.3
rv2838c,3144716,125.4
rv2838c,3144758,262.4
rv2838c,3144766,68
rv2838c,3145005,31.4
rv2838c,3145027,128.9
rv2838c,3145030,150.9
rv2838c,3145111,15
rv2838c,3145166,465.3
rv2839c,3145209,131.5
rv2839c,3145245,0
rv2839c,3145479,0
rv2839c,3145533,1.3
rv2839c,3145545,0
rv2839c,3145548,0
rv2839c,3145663,0
rv2839c,3145720,0
rv2839c,3145753,0
rv2839c,3145876,0
rv2839c,3145903,0
rv2839c,3146040,0
rv2839c,3146101,0
rv2839c,3146230,0
rv2839c,3146294,2.9
rv2839c,3146301,0
rv2839c,3146308,0
rv2839c,3146461,0
rv2839c,3146524,0
rv2839c,3146571,0
rv2839c,3146733,0
rv2839c,3146799,0
rv2839c,3147021,0
rv2839c,3147189,0
rv2839c,3147355,0
rv2839c,3147550,2.9
rv2839c,3147833,0
rv2839c,3147847,0
rv2839c,3147860,7.9
rv2839c,3147871,0
rv2841c,3148396,153.9
rv2841c,3148412,669.1
rv2841c,3148472,0
rv2841c,3148478,0
rv2841c,3148660,0
rv2841c,3148901,0
rv2841c,3148929,0
rv2841c,3148938,10.1
rv2841c,3148942,11
rv2841c,3148969,0
rv2841c,3148983,0
rv2841c,3149072,0
rv2841c,3149128,0
rv2841c,3149338,0
rv2841c,3149390,0
rv2845c,3151213,2881.7999999999997
rv2845c,3151235,0
rv2845c,3151349,0
rv2845c,3151594,0
rv2845c,3151663,0
rv2845c,3151700,0
rv2845c,3151866,0
rv2845c,3151885,0
rv2845c,3151922,0
rv2845c,3151924,0
rv2845c,3151931,0
rv2845c,3151978,11
rv2845c,3152088,11
rv2845c,3152269,0
rv2845c,3152380,0
rv2845c,3152403,2.2
rv2845c,3152413,0
rv2845c,3152434,18.1
rv2845c,3152473,2.8
rv2845c,3152539,0
rv2845c,3152557,0
rv2845c,3152581,0
rv2845c,3152590,0
rv2845c,3152644,0
rv2845c,3152689,2.2
rv2845c,3152716,0
rv2845c,3152745,0
rv2845c,3152796,0
rv2845c,3152826,0
rv2845c,3152836,0
rv2845c,3152863,0
rv2846c,3153050,3590.6
rv2846c,3153111,10.1
rv2846c,3153113,0
rv2846c,3153120,0
rv2846c,3153132,0
rv2846c,3153176,0
rv2846c,3153182,0
rv2846c,3153240,0
rv2846c,3153251,0
rv2846c,3153337,0
rv2846c,3153452,13.9
rv2846c,3153485,0
rv2846c,3153502,0
rv2846c,3153509,0
rv2846c,3153571,0
rv2846c,3153610,0
rv2846c,3153622,0
rv2846c,3153632,0
rv2846c,3153653,0
rv2846c,3153834,0
rv2846c,3153910,0
rv2846c,3153958,0
rv2846c,3153977,0
rv2846c,3154261,0
rv2846c,3154352,0
rv2846c,3154410,0
rv2846c,3154414,0
rv2846c,3154470,0
rv2846c,3154476,0
rv2846c,3154488,0
rv2846c,3154517,0
rv2846c,3154520,0
rv2846c,3154605,0
rv2846c,3154641,0
rv2847c,3154665,994.5
rv2847c,3154676,25.3
rv2847c,3154703,188.4
rv2847c,3154826,0
rv2847c,3154834,13.9
rv2847c,3154856,94.7
rv2847c,3154946,5.8
rv2847c,3155035,22
rv2847c,3155048,0
rv2847c,3155118,233.3
rv2847c,3155232,40.3
rv2847c,3155261,279.5
rv2847c,3155529,198.4
rv2847c,3155572,0
rv2847c,3155661,154.70000000000002
rv2847c,3155691,13
rv2847c,3155792,2.2
rv2847c,3155852,0
rv2847c,3155865,26.3
rv2848c,3156159,49.3
rv2848c,3156172,2277.5
rv2848c,3156232,1703
rv2848c,3156240,911.3
rv2848c,3156303,961.8
rv2848c,3156321,2189.7
rv2848c,3156325,877.6
rv2848c,3156387,1518.7
rv2848c,3156423,1890.6000000000001
rv2848c,3156507,623.8
rv2848c,3156646,1693.2
rv2848c,3156729,30.2
rv2848c,3156739,786.4
rv2848c,3156924,409.6
rv2848c,3156937,0
rv2848c,3156951,3912.2000000000003
rv2848c,3156968,322.7
rv2848c,3157308,531.6
rv2848c,3157321,365
rv2848c,3157340,281.7
rv2848c,3157386,67.5
rv2848c,3157399,605.8000000000001
rv2848c,3157412,1821.7
rv2848c,3157417,2977.4
rv2848c,3157483,1584.6000000000001
rv2848c,3157523,1.3
rv2849c,3157730,1728.5
rv2849c,3157751,1426.5
rv2849c,3157851,3215
rv2849c,3157968,305
rv2849c,3158074,572.8000000000001
rv2849c,3158083,329.2
rv2852c,3160602,2414.3
rv2852c,3160717,235.8
rv2852c,3160794,1215.8
rv2852c,3160805,3542
rv2852c,3160808,672.1
rv2852c,3160884,114.6
rv2852c,3160899,12
rv2852c,3160931,0
rv2852c,3160996,3401.1
rv2852c,3161119,1440
rv2852c,3161212,2674.8
rv2852c,3161214,8108.4000000000005
rv2852c,3161474,604
rv2852c,3161494,787.4
rv2852c,3161585,79.6
rv2852c,3161688,2132.5
rv2852c,3161692,4088.7
rv2852c,3161785,3600.2000000000003
rv2852c,3161875,10257.7
rv2852c,3161943,18.5
rv2852c,3162060,1360.3
rv2853,3162284,25711.9
rv2853,3162288,13236.9
rv2853,3162322,37
rv2853,3162438,380.2
rv2853,3162461,3900.2000000000003
rv2853,3162496,1687.7
rv2853,3162536,2737.8
rv2853,3162546,3236.7
rv2853,3162582,605.7
rv2853,3162592,3057.7
rv2853,3162627,831.8
rv2853,3162634,443.4
rv2853,3162689,405.4
rv2853,3162703,201.5
rv2853,3162811,139.1
rv2853,3162834,648.4
rv2853,3162883,1805.9
rv2853,3163038,1298.2
rv2853,3163060,1058.2
rv2853,3163135,0
rv2853,3163150,2849.7000000000003
rv2853,3163168,222.2
rv2853,3163174,1061.2
rv2853,3163276,565.2
rv2853,3163291,608.1
rv2853,3163300,635.1
rv2853,3163381,9.1
rv2853,3163390,0
rv2853,3163414,1232.6
rv2853,3163522,0
rv2853,3163608,216.3
rv2853,3163686,1105
rv2853,3163819,930.8
rv2853,3163873,139.8
rv2853,3164059,1612.7
rv2855,3165224,664.5
rv2855,3165278,50.6
rv2855,3165368,70.8
rv2855,3165410,91.3
rv2855,3165415,0
rv2855,3165506,784.3
rv2855,3165536,100.7
rv2855,3165581,131.8
rv2855,3165633,15.200000000000001
rv2855,3165689,41.2
rv2855,3165703,8.8
rv2855,3165801,266.4
rv2855,3165834,242.8
rv2855,3165837,1032.7
rv2855,3165960,72.6
rv2855,3165990,4846.7
rv2855,3165999,0
rv2855,3166077,88.6
rv2855,3166088,28.200000000000003
rv2855,3166142,56.300000000000004
rv2855,3166244,956.4
rv2855,3166248,19.6
rv2855,3166260,0
rv2855,3166327,0
rv2855,3166341,111.30000000000001
rv2855,3166349,258.40000000000003
rv2855,3166364,0
rv2855,3166431,73.2
rv2855,3166454,310
rv2855,3166535,471
rv2856,3166904,412.09999999999997
rv2856,3166917,304.7
rv2856,3167055,868.3
rv2856,3167080,268.59999999999997
rv2856,3167123,1341.4
rv2856,3167140,9.2
rv2856,3167165,374.3
rv2856,3167240,2.2
rv2856,3167335,6159.6
rv2856,3167339,1277.3
rv2856,3167438,2566.8
rv2856,3167522,457.6
rv2856,3167558,2173.7
rv2856,3167561,2255.2
rv2856,3167762,192.3
rv2858c,3169435,144.6
rv2858c,3169507,18.1
rv2858c,3169592,152.1
rv2858c,3169617,442.1
rv2858c,3169648,397.6
rv2858c,3169749,0
rv2858c,3169784,1517.3
rv2858c,3169816,54.3
rv2858c,3169873,164.2
rv2858c,3169896,0
rv2858c,3169907,125
rv2858c,3170450,86.5
rv2858c,3170521,385.40000000000003
rv2858c,3170727,917.5
rv2860c,3171658,4871.2
rv2860c,3171722,1112.2
rv2860c,3171801,356.2
rv2860c,3171833,1423.6
rv2860c,3171879,0
rv2860c,3171884,3405.3
rv2860c,3171920,1379.2
rv2860c,3172044,8
rv2860c,3172061,1254.3
rv2860c,3172068,346.2
rv2860c,3172082,429.3
rv2860c,3172164,780.3000000000001
rv2860c,3172224,1107.9
rv2860c,3172227,431
rv2860c,3172244,417.1
rv2860c,3172261,927.7
rv2860c,3172307,873.7
rv2860c,3172346,201.5
rv2860c,3172422,430.8
rv2860c,3172471,181
rv2860c,3172478,1054.8
rv2860c,3172490,3329.7999999999997
rv2860c,3172517,82
rv2860c,3172541,459.40000000000003
rv2860c,3172705,0
rv2860c,3172752,1902.6
rv2860c,3172760,85.30000000000001
rv2860c,3172787,507.2
rv2860c,3172829,3573.9
rv2860c,3172858,6150.5
rv2860c,3172885,0
rv2861c,3173171,608.1
rv2861c,3173199,7.9
rv2861c,3173205,54.3
rv2861c,3173285,405.8
rv2861c,3173369,134.3
rv2861c,3173441,302.5
rv2861c,3173459,29.6
rv2861c,3173481,0
rv2861c,3173624,692.5
rv2861c,3173738,593.6
rv2861c,3173756,210.3
rv2861c,3173777,1177.7
rv2861c,3173812,26.8
rv2861c,3173948,857.4
rv2861c,3174015,444.9
rv2861c,3174021,896
rv2870c,3181792,2804.4
rv2870c,3181857,372.2
rv2870c,3181864,973.4
rv2870c,3181909,0
rv2870c,3181923,0
rv2870c,3182045,0
rv2870c,3182071,0
rv2870c,3182148,0
rv2870c,3182203,0
rv2870c,3182215,0
rv2870c,3182321,0
rv2870c,3182418,0
rv2870c,3182777,0
rv2870c,3182826,0
rv2870c,3182899,0
rv2870c,3182961,0
rv2873,3183979,1400.9
rv2873,3184055,823.1999999999999
rv2873,3184113,1341
rv2873,3184175,79
rv2873,3184205,1080
rv2873,3184278,16655.3
rv2873,3184331,1491.1
rv2873,3184380,1333.8
rv2873,3184390,327.8
rv2873,3184462,3133.7000000000003
rv2873,3184504,236.5
rv2873,3184539,3932.4
rv2873,3184550,244.9
rv2873,3184575,3508.7
rv2874,3184896,2173.5
rv2874,3185067,696.6
rv2874,3185174,364.3
rv2874,3185188,642.1
rv2874,3185212,438.2
rv2874,3185245,2649.6
rv2874,3185275,544.6
rv2874,3185338,72.6
rv2874,3185362,0
rv2874,3185382,0
rv2874,3185461,529.5
rv2874,3185567,74.7
rv2874,3185617,18.599999999999998
rv2874,3185634,2689.6
rv2874,3185659,567
rv2874,3185684,236.6
rv2874,3185782,958
rv2874,3185903,378.5
rv2874,3185913,447
rv2874,3185956,468.5
rv2874,3186159,157.5
rv2874,3186170,369.4
rv2874,3186207,334.2
rv2874,3186216,306.6
rv2874,3186261,1040.7
rv2874,3186321,1255.6
rv2874,3186345,1246.2
rv2874,3186363,1477.1
rv2874,3186375,1316.8999999999999
rv2874,3186390,740.7
rv2874,3186404,111.10000000000001
rv2874,3186444,2324.7
rv2874,3186539,192.5
rv2874,3186557,1470.3
rv2874,3186570,2693.2
rv2874,3186597,2963.5
rv2874,3186615,5094.5
rv2874,3186642,59.900000000000006
rv2874,3186699,1792.6
rv2874,3186734,58.4
rv2874,3186747,1099.3
rv2874,3186765,2595.9
rv2874,3186826,223
rv2874,3186870,14.6
rv2874,3186916,2281.5
rv2874,3186936,3045.9
rv2875,3187047,1529.2
rv2875,3187160,902.9
rv2875,3187293,3621.4
rv2875,3187325,2897.3
rv2875,3187357,3276.7000000000003
rv2875,3187427,3471.2999999999997
rv2875,3187434,6184.2
rv2875,3187519,2065.5
rv2875,3187537,0
rv2875,3187567,743.1
rv2875,3187586,9192.9
rv2875,3187605,2237.6
rv2875,3187619,1609.8
rv2878c,3188980,5840.7
rv2878c,3189013,1921.5
rv2878c,3189067,3664.6
rv2878c,3189140,346.9
rv2878c,3189150,1450.3
rv2878c,3189314,4185
rv2878c,3189347,416.8
rv2881c,3190732,0
rv2881c,3190759,0
rv2881c,3190798,0
rv2881c,3191051,0
rv2881c,3191120,0
rv2881c,3191198,0
rv2881c,3191370,0
rv2881c,3191384,0
rv2881c,3191421,0
rv2881c,3191494,22
rv2881c,3191500,0
rv2881c,3191574,1687
rv2882c,3191655,1046.4
rv2882c,3191686,1305.8000000000002
rv2882c,3191712,0
rv2882c,3191782,0
rv2882c,3191821,0
rv2882c,3191824,0
rv2882c,3191854,0
rv2882c,3191906,0
rv2882c,3191920,0
rv2882c,3191980,0
rv2882c,3192003,0
rv2882c,3192011,0
rv2882c,3192020,0
rv2882c,3192078,0
rv2882c,3192081,0
rv2882c,3192127,0
rv2882c,3192133,11
rv2883c,3192384,4408.5999999999995
rv2883c,3192433,0
rv2883c,3192512,0
rv2883c,3192670,0
rv2883c,3192684,0
rv2883c,3192759,0
rv2883c,3192805,0
rv2883c,3192874,0
rv2883c,3192876,0
rv2883c,3192898,0
rv2883c,3193080,0
rv2888c,3196875,1132.7
rv2888c,3196885,1022.6
rv2888c,3196932,2891.3
rv2888c,3196966,336.1
rv2888c,3197021,18.1
rv2888c,3197103,2143.6
rv2888c,3197110,1251.7
rv2888c,3197121,2806.5
rv2888c,3197172,10943
rv2888c,3197176,657.1999999999999
rv2888c,3197204,1424.3
rv2888c,3197257,7.1
rv2888c,3197296,172.6
rv2888c,3197364,4751.5
rv2888c,3197420,1628.4
rv2888c,3197432,8066.9
rv2888c,3197510,1423.2
rv2888c,3197513,2697.2
rv2888c,3197536,2463.3
rv2888c,3197578,3788.4
rv2888c,3197604,3432.2999999999997
rv2888c,3197624,349.2
rv2888c,3197676,2136.4
rv2888c,3197746,1344.8
rv2888c,3197841,4116.9
rv2888c,3197848,913.2
rv2888c,3197860,1029.6
rv2888c,3197966,1340.7
rv2888c,3197991,1948.9
rv2888c,3198094,148.5
rv2888c,3198135,4683
rv2888c,3198160,20.1
rv2888c,3198284,2059.4
rv2888c,3198295,1288.2
rv2889c,3198303,1359.5
rv2889c,3198382,0
rv2889c,3198558,0
rv2889c,3198624,0
rv2889c,3198635,0
rv2889c,3198678,0
rv2889c,3198820,0
rv2889c,3198949,0
rv2889c,3198979,0
rv2889c,3199048,0
rv2889c,3199117,0
rv2890c,3199130,0
rv2890c,3199350,0
rv2890c,3199400,0
rv2890c,3199668,0
rv2890c,3199721,0
rv2890c,3199832,19.400000000000002
rv2890c,3199839,0
rv2890c,3199877,11
rv2890c,3199984,0
rv2890c,3199992,0
rv2892c,3201059,29.200000000000003
rv2892c,3201086,1640.7
rv2892c,3201096,4586.5999999999995
rv2892c,3201102,3366.5
rv2892c,3201278,768.9
rv2892c,3201294,2050.5
rv2892c,3201384,1148
rv2892c,3201470,2.9
rv2892c,3201511,3051.3
rv2892c,3201570,2131.3
rv2892c,3201576,24629.5
rv2892c,3201612,8762.8
rv2892c,3201741,3031
rv2892c,3201816,6814.2
rv2892c,3201864,1179.6
rv2892c,3201886,1453.9
rv2892c,3201897,27.2
rv2892c,3201934,3823.3
rv2892c,3201984,4729.8
rv2894c,3203465,1449.9
rv2894c,3203580,83.8
rv2894c,3203859,0
rv2894c,3203870,402.59999999999997
rv2894c,3203905,0
rv2894c,3204010,288.1
rv2894c,3204037,299.2
rv2894c,3204072,71.6
rv2894c,3204160,583.3000000000001
rv2894c,3204211,663.4
rv2894c,3204224,549
rv2894c,3204269,830.6
rv2895c,3204392,4664.3
rv2895c,3204470,960.6999999999999
rv2895c,3204524,7917.7
rv2895c,3204537,10666.5
rv2895c,3204567,2476.3
rv2895c,3204677,698.1999999999999
rv2895c,3204756,84
rv2895c,3204860,2493.4
rv2895c,3204884,1808.2
rv2895c,3204928,9.1
rv2895c,3205115,5394.9
rv2895c,3205171,622.4
rv2895c,3205203,107.69999999999999
rv2899c,3208587,665.6
rv2899c,3208611,600.7
rv2899c,3208700,1.3
rv2899c,3208796,140.20000000000002
rv2899c,3208855,25.9
rv2899c,3208895,80.7
rv2899c,3208990,0
rv2899c,3209050,553.1
rv2899c,3209079,1015.4
rv2899c,3209148,1210.2
rv2899c,3209193,384
rv2899c,3209197,466.1
rv2899c,3209296,0
rv2899c,3209409,629.2
rv2900c,3209417,173.20000000000002
rv2900c,3209481,141.6
rv2900c,3209516,188.3
rv2900c,3209519,688.9000000000001
rv2900c,3209549,1310.5
rv2900c,3209711,0
rv2900c,3209729,148.6
rv2900c,3209744,638.8
rv2900c,3209761,98.5
rv2900c,3209770,986.3
rv2900c,3209826,583.5
rv2900c,3209844,219.1
rv2900c,3209915,251.4
rv2900c,3209966,3036.4
rv2900c,3210081,943.3
rv2900c,3210150,209.7
rv2900c,3210396,1408.5
rv2900c,3210475,3521.9
rv2900c,3210600,1307.1
rv2900c,3210725,64.3
rv2900c,3210817,0
rv2900c,3210882,205.4
rv2900c,3211023,217.10000000000002
rv2900c,3211196,350.5
rv2900c,3211235,8769.1
rv2900c,3211292,1276.6
rv2900c,3211319,747.8
rv2900c,3211382,1989.1
rv2900c,3211443,497.59999999999997
rv2900c,3211554,485.2
rv2900c,3211627,1682.7
rv2900c,3211678,99.6
rv2900c,3211694,4998.2
rv2900c,3211751,6289.7
rv2902c,3212173,3342.9
rv2902c,3212338,2094.7
rv2902c,3212398,6629.8
rv2902c,3212422,380.4
rv2902c,3212486,416.5
rv2902c,3212581,2192
rv2902c,3212621,4753.5
rv2902c,3212630,454.1
rv2902c,3212689,3873
rv2902c,3212701,271.7
rv2902c,3212781,442.3
rv2902c,3212930,1094.2
rv2902c,3212966,4325.5
rv2903c,3212981,35.7
rv2903c,3213054,0
rv2903c,3213088,0
rv2903c,3213102,0
rv2903c,3213106,0
rv2903c,3213218,0
rv2903c,3213220,0
rv2903c,3213257,0
rv2903c,3213440,0
rv2903c,3213509,0
rv2903c,3213596,0
rv2903c,3213626,11
rv2903c,3213629,0
rv2904c,3213971,113
rv2904c,3213974,238.6
rv2904c,3214017,0
rv2904c,3214070,0
rv2905,3214731,12757.4
rv2905,3214733,5823
rv2905,3214795,11369.1
rv2905,3214820,1007.8000000000001
rv2905,3214865,396.79999999999995
rv2905,3214940,429.7
rv2905,3214976,2320.2
rv2905,3214982,0
rv2905,3215172,1415.2
rv2905,3215250,1355.4
rv2905,3215253,4902.2
rv2905,3215284,6032.2
rv2905,3215352,0
rv2905,3215385,1989.3999999999999
rv2905,3215426,1626.4
rv2905,3215481,2557.2
rv2906c,3215676,1385.4
rv2906c,3215771,0
rv2906c,3215783,1.3
rv2906c,3215817,10.1
rv2906c,3215957,0
rv2906c,3215961,5.7
rv2906c,3216036,0
rv2906c,3216097,0
rv2906c,3216210,0
rv2906c,3216271,11
rv2906c,3216355,0
rv2907c,3216372,29.5
rv2907c,3216568,38.3
rv2907c,3216591,75.3
rv2907c,3216594,39.5
rv2907c,3216741,101.2
rv2907c,3216784,26.8
rv2907c,3216799,2.6
rv2907c,3216890,64.2
rv2909c,3217302,714.3000000000001
rv2909c,3217396,11
rv2909c,3217404,0
rv2909c,3217481,11
rv2909c,3217535,0
rv2909c,3217546,0
rv2909c,3217601,0
rv2911,3218501,180.4
rv2911,3218515,158.70000000000002
rv2911,3218679,3933.8
rv2911,3218806,6183.5
rv2911,3218845,356.5
rv2911,3218969,45.3
rv2911,3219015,48.5
rv2911,3219045,761.4
rv2911,3219120,3254.7
rv2911,3219150,3075.4
rv2911,3219222,2060.3
rv2914c,3221836,2787.6
rv2914c,3221845,656.4
rv2914c,3221956,2454.9
rv2914c,3222037,683.1
rv2914c,3222130,102
rv2914c,3222256,331.5
rv2914c,3222264,2386.4
rv2914c,3222270,2388.1
rv2914c,3222303,3799.7
rv2914c,3222458,1711.5
rv2914c,3222470,27.2
rv2914c,3222672,2583.7
rv2914c,3222681,12.3
rv2914c,3222693,7183.5
rv2914c,3222956,3780.4
rv2914c,3222964,168
rv2914c,3222978,316.2
rv2914c,3223032,172.3
rv2914c,3223100,147.39999999999998
rv2914c,3223155,454.1
rv2914c,3223172,10.1
rv2914c,3223193,928.8
rv2914c,3223234,6111
rv2914c,3223263,2588.8
rv2914c,3223334,1991.2
rv2914c,3223455,5857.5
rv2914c,3223500,415.9
rv2916c,3224719,2364.1
rv2916c,3224826,80.5
rv2916c,3224906,96.5
rv2916c,3224967,0
rv2916c,3224976,0
rv2916c,3225258,2.8
rv2916c,3225498,0
rv2916c,3226047,0
rv2916c,3226161,0
rv2916c,3226205,0
rv2916c,3226217,0
rv2918c,3228265,543.8
rv2918c,3228404,4051.9
rv2918c,3228557,2802.6000000000004
rv2918c,3228603,1061.7
rv2918c,3228744,0
rv2918c,3228783,568.1
rv2918c,3228852,1969
rv2918c,3228855,962.4
rv2918c,3228887,1482.2
rv2918c,3228928,132.5
rv2918c,3229146,2514.8999999999996
rv2918c,3229166,331.1
rv2918c,3229254,616.1
rv2918c,3229505,871.8000000000001
rv2918c,3229539,4346.7
rv2918c,3229542,6554.3
rv2918c,3229723,1121.4
rv2918c,3229834,53.3
rv2918c,3229996,754.5
rv2918c,3230039,0
rv2918c,3230079,83.9
rv2918c,3230170,1537.8
rv2918c,3230295,247.4
rv2918c,3230339,8.5
rv2918c,3230389,285.7
rv2918c,3230467,1317.8999999999999
rv2918c,3230655,0
rv2919c,3230751,14.700000000000001
rv2919c,3230799,146.6
rv2919c,3230919,157.1
rv2919c,3230935,520.9
rv2919c,3230950,480.2
rv2919c,3230980,767.6
rv2920c,3231113,3166.5
rv2920c,3231115,5462.2
rv2920c,3231139,858.4
rv2920c,3231195,110
rv2920c,3231312,1429.6
rv2920c,3231372,208.8
rv2920c,3231389,0
rv2920c,3231406,3455.9
rv2920c,3231563,117.5
rv2920c,3231586,46.4
rv2920c,3231655,420.6
rv2920c,3231786,630.9
rv2920c,3231919,2687.2
rv2920c,3232032,379
rv2920c,3232171,0
rv2920c,3232186,1473.1
rv2920c,3232260,1937
rv2920c,3232314,682.4
rv2920c,3232320,740.2
rv2920c,3232410,301.1
rv2921c,3232882,11.3
rv2921c,3233213,0
rv2921c,3233340,0
rv2921c,3233385,0
rv2921c,3233409,0
rv2921c,3233412,0
rv2921c,3233499,0
rv2921c,3233559,0
rv2921c,3233582,0
rv2921c,3233862,1.3
rv2921c,3233936,0
rv2921c,3233975,11
rv2921c,3234001,0
rv2921c,3234067,0
rv2922a,3237829,743.1
rv2922a,3238000,138.5
rv2922c,3234200,3254.5
rv2922c,3234213,741.8000000000001
rv2922c,3234286,912
rv2922c,3234293,2078.7000000000003
rv2922c,3234434,2216.7
rv2922c,3234525,9.2
rv2922c,3234661,7.9
rv2922c,3234773,282.9
rv2922c,3234873,60.099999999999994
rv2922c,3234967,238.2
rv2922c,3234986,1817.3999999999999
rv2922c,3235027,1048
rv2922c,3235053,177.1
rv2922c,3235074,167.5
rv2922c,3235165,0
rv2922c,3235518,1376.3
rv2922c,3235540,1109.2
rv2922c,3235584,1366.1000000000001
rv2922c,3235658,2371.6
rv2922c,3235689,395.1
rv2922c,3235912,1039.6
rv2922c,3236029,1024.8
rv2922c,3236049,47.5
rv2922c,3236157,346.8
rv2922c,3236231,0
rv2922c,3236242,385.1
rv2922c,3236326,113.39999999999999
rv2922c,3236359,0
rv2922c,3236445,864.8000000000001
rv2922c,3236776,259.2
rv2922c,3236821,994.5
rv2922c,3236860,46.900000000000006
rv2922c,3236871,0
rv2922c,3236910,210.8
rv2922c,3237112,656.8
rv2922c,3237482,118.1
rv2922c,3237533,1378.5
rv2922c,3237540,230.4
rv2922c,3237570,1173.8
rv2922c,3237738,857.6
rv2922c,3237757,830
rv2922c,3237812,919.7
rv2924c,3238612,1199.7
rv2924c,3238645,2658.4
rv2924c,3238664,2887
rv2924c,3238680,1246.6
rv2924c,3238723,3590.6
rv2924c,3238747,461.8
rv2924c,3238774,5371.2
rv2924c,3238866,5191.2
rv2924c,3238924,4517.5
rv2924c,3239003,84.4
rv2924c,3239007,90.5
rv2924c,3239070,185.4
rv2924c,3239261,4021.4
rv2924c,3239276,622.7
rv2924c,3239296,6246.2
rv2925c,3239840,489
rv2925c,3239951,10.1
rv2925c,3239991,0
rv2925c,3240023,0
rv2925c,3240159,0
rv2925c,3240173,0
rv2925c,3240198,0
rv2925c,3240259,11
rv2925c,3240328,0
rv2925c,3240409,11
rv2925c,3240467,0
rv2925c,3240473,0
rv2928,3242232,5759.7
rv2928,3242267,1656.3
rv2928,3242301,642.2
rv2928,3242303,1589.4
rv2928,3242337,1462.7
rv2928,3242371,157.70000000000002
rv2928,3242391,2.9
rv2928,3242435,504.1
rv2928,3242519,461.29999999999995
rv2928,3242533,728.6
rv2928,3242545,78.8
rv2928,3242556,111
rv2928,3242618,374.79999999999995
rv2928,3242625,752.6
rv2928,3242644,89.2
rv2928,3242705,0
rv2928,3242734,2.9
rv2928,3242769,18.1
rv2928,3242808,54
rv2928,3242816,0
rv2928,3242825,53.300000000000004
rv2928,3242891,9.1
rv2928,3242899,165.4
rv2928,3242919,157.4
rv2928,3242944,275.6
rv2928,3242956,1212.6
rv2928,3242991,1459.2
rv2930,3243779,8019.3
rv2930,3243781,12843.1
rv2930,3243785,12691.2
rv2930,3243794,81.3
rv2930,3243845,785.6
rv2930,3243882,1497
rv2930,3243891,0
rv2930,3243915,249.8
rv2930,3243935,2924.3
rv2930,3243973,4.3
rv2930,3244001,1053.8
rv2930,3244053,20.1
rv2930,3244080,319.70000000000005
rv2930,3244089,248.39999999999998
rv2930,3244097,1187.5
rv2930,3244134,1115.7
rv2930,3244211,1662.5
rv2930,3244220,1357.1
rv2930,3244240,117.8
rv2930,3244297,2579
rv2930,3244301,1560
rv2930,3244307,690.6
rv2930,3244364,479.8
rv2930,3244372,951.1999999999999
rv2930,3244658,4414.6
rv2930,3244680,554.4
rv2930,3244691,1362.3
rv2930,3244713,24463.2
rv2930,3244715,31812.9
rv2930,3244766,2247.3
rv2930,3244838,5344.3
rv2930,3244945,3959.2999999999997
rv2930,3244952,1191.3
rv2930,3245129,1337.5
rv2930,3245248,7224.6
rv2930,3245251,1878.8
rv2930,3245310,0
rv2930,3245417,771.1999999999999
rv2930,3245448,1336.3999999999999
rv2930,3245454,6010.3
rv2931,3245498,589.8
rv2931,3245506,3009.9
rv2931,3245510,15243.699999999999
rv2931,3245513,1952.8
rv2931,3245520,423.7
rv2931,3245597,5118
rv2931,3245636,597.2
rv2931,3245686,1687.3999999999999
rv2931,3245909,653.3
rv2931,3245921,75.10000000000001
rv2931,3245931,1924.8
rv2931,3246136,893.3
rv2931,3246186,1102.4
rv2931,3246226,736.8
rv2931,3246260,896.9
rv2931,3246287,468.9
rv2931,3246377,279.9
rv2931,3246479,993.1
rv2931,3246628,1634.8
rv2931,3246664,2385.6
rv2931,3246909,0
rv2931,3247067,2347.9
rv2931,3247091,611.7
rv2931,3247107,3858.7
rv2931,3247139,788.9
rv2931,3247254,632.7
rv2931,3247265,0
rv2931,3247357,816.1
rv2931,3247494,0
rv2931,3247515,0
rv2931,3247568,3588.2
rv2931,3247579,283.7
rv2931,3247755,9.1
rv2931,3247797,472.5
rv2931,3247801,4131
rv2931,3247902,129
rv2931,3248014,3490.2
rv2931,3248112,0
rv2931,3248131,2014.8999999999999
rv2931,3248218,7121.1
rv2931,3248389,355.1
rv2931,3248521,1065.6
rv2931,3248611,114.19999999999999
rv2931,3248669,385.4
rv2931,3248757,950.1999999999999
rv2931,3249035,0
rv2931,3249061,4020.1
rv2931,3249086,1343
rv2931,3249117,1403.9
rv2931,3249226,5.6
rv2931,3249248,935.3
rv2931,3249258,1248.2
rv2931,3249298,2300.4
rv2931,3249320,752.5
rv2931,3249383,773.7
rv2931,3249407,83.9
rv2931,3249457,414.1
rv2931,3249499,1757.9
rv2931,3249508,1221.8
rv2931,3249573,10.1
rv2931,3249621,193
rv2931,3249635,206.6
rv2931,3249779,432.5
rv2931,3249931,2600.1
rv2931,3250239,2206.4
rv2931,3250290,10556.199999999999
rv2931,3250322,1751.6
rv2931,3250360,1872.2
rv2931,3250385,43.2
rv2931,3250411,3578.5
rv2931,3250429,740.3
rv2931,3250493,41.6
rv2931,3250547,640.4
rv2931,3250615,205
rv2931,3250687,3503.2
rv2931,3250691,2964.1
rv2931,3250757,936.7
rv2931,3250845,77.3
rv2931,3250945,2098.3
rv2931,3251003,264.6
rv2931,3251036,1179.2
rv2932,3251114,29.200000000000003
rv2932,3251140,245.29999999999998
rv2932,3251319,890.6
rv2932,3251335,143.9
rv2932,3251411,143
rv2932,3251497,103.10000000000001
rv2932,3251547,2068.9
rv2932,3251559,955.3
rv2932,3251593,3441.2
rv2932,3251601,470.8
rv2932,3251649,1543
rv2932,3251662,783.6999999999999
rv2932,3251780,399.9
rv2932,3251810,81.8
rv2932,3251905,2197.2999999999997
rv2932,3252004,587
rv2932,3252017,517.9
rv2932,3252087,922.7
rv2932,3252091,1894.2
rv2932,3252156,1556
rv2932,3252262,483.1
rv2932,3252314,1454
rv2932,3252449,372.9
rv2932,3252466,0
rv2932,3252515,685.9
rv2932,3252592,564.8
rv2932,3252655,672.4
rv2932,3252679,218.1
rv2932,3252763,1748.9
rv2932,3252771,213.3
rv2932,3252922,1389.7
rv2932,3252929,0
rv2932,3252982,2834.5
rv2932,3252993,896.7
rv2932,3253180,586.4
rv2932,3253191,81
rv2932,3253215,6405.5
rv2932,3253316,141.8
rv2932,3253428,3088.6
rv2932,3253526,0
rv2932,3253545,835.4
rv2932,3253644,1202.6
rv2932,3253707,2345.6
rv2932,3253736,2964.9
rv2932,3253853,3261.3
rv2932,3254032,78.6
rv2932,3254118,5523
rv2932,3254150,69.2
rv2932,3254163,103
rv2932,3254191,159.6
rv2932,3254225,711.9
rv2932,3254338,308.8
rv2932,3254365,187.70000000000002
rv2932,3254432,67.6
rv2932,3254455,2032.8999999999999
rv2932,3254457,132.1
rv2932,3254479,1452.4
rv2932,3254609,1291.1
rv2932,3254761,403.40000000000003
rv2932,3254781,1403.8
rv2932,3254970,1667.9
rv2932,3255151,259.6
rv2932,3255228,1261.1
rv2932,3255253,5527.8
rv2932,3255323,2005.8
rv2932,3255457,545.6
rv2932,3255531,148.9
rv2932,3255543,555.6
rv2932,3255558,1164.4
rv2932,3255633,1576.2
rv2932,3255682,618.2
rv2933,3255932,2081
rv2933,3255935,2496.2
rv2933,3256104,797
rv2933,3256141,300.90000000000003
rv2933,3256155,3067.6
rv2933,3256175,1204.8
rv2933,3256181,5426.7
rv2933,3256206,50.4
rv2933,3256229,2985.2
rv2933,3256277,3012.7
rv2933,3256384,726.3
rv2933,3256505,6096.9000000000005
rv2933,3256590,80.8
rv2933,3256708,40.3
rv2933,3256715,736.8
rv2933,3256738,144.1
rv2933,3256777,211.79999999999998
rv2933,3256896,58.9
rv2933,3256907,1400.5
rv2933,3256924,2951.4
rv2933,3256990,1908
rv2933,3257298,72.5
rv2933,3257334,87.9
rv2933,3257417,565.2
rv2933,3257639,1593.1
rv2933,3257664,2935.1
rv2933,3257730,620.1
rv2933,3257837,66.3
rv2933,3257861,19683.9
rv2933,3257901,683.6
rv2933,3257950,0
rv2933,3258074,1488.3
rv2933,3258153,583.9
rv2933,3258263,3909.4
rv2933,3258278,4444.1
rv2933,3258458,554.8000000000001
rv2933,3258511,74.30000000000001
rv2933,3258608,1604.3
rv2933,3258771,878.1
rv2933,3258840,202.1
rv2933,3258876,1371.3
rv2933,3258920,1213.9
rv2933,3259017,3839.7000000000003
rv2933,3259023,0
rv2933,3259081,596.7
rv2933,3259179,691.8000000000001
rv2933,3259208,1532.4
rv2933,3259216,24.6
rv2933,3259281,1148.1000000000001
rv2933,3259383,64
rv2933,3259432,9.1
rv2933,3259803,1621.3
rv2933,3259849,3103.3
rv2933,3259860,5061.5
rv2933,3259864,961
rv2933,3259961,3504.5
rv2933,3260109,399.9
rv2933,3260216,464.3
rv2933,3260267,918.6999999999999
rv2933,3260320,1070.3999999999999
rv2933,3260397,187.89999999999998
rv2933,3260432,2582.2999999999997
rv2933,3260472,238.60000000000002
rv2933,3260564,838.5
rv2933,3260621,822.2
rv2933,3260681,471
rv2933,3260789,382.1
rv2933,3260820,31.5
rv2933,3260885,0
rv2933,3260940,447.20000000000005
rv2933,3260959,1695.5
rv2933,3260992,644.3
rv2933,3261004,85.5
rv2933,3261033,831.8
rv2933,3261104,806.9
rv2933,3261121,342.5
rv2933,3261226,0
rv2933,3261250,0
rv2933,3261539,545.8
rv2933,3261714,332.5
rv2933,3261879,695.2
rv2933,3262085,431.7
rv2933,3262133,450.6
rv2933,3262168,17.6
rv2934,3262338,264.3
rv2934,3262436,35.3
rv2934,3262501,131.7
rv2934,3262677,91.6
rv2934,3262741,2597.7
rv2934,3262755,70.4
rv2934,3262783,786.6
rv2934,3262831,2061.4
rv2934,3262865,341.90000000000003
rv2934,3262869,1350.8999999999999
rv2934,3263160,979
rv2934,3263250,317.4
rv2934,3263269,381.3
rv2934,3263338,676.1
rv2934,3263349,62.400000000000006
rv2934,3263657,338.2
rv2934,3263680,2005.8
rv2934,3263962,608.6
rv2934,3264038,0
rv2934,3264056,28.1
rv2934,3264096,0
rv2934,3264173,997.9
rv2934,3264184,1428.9
rv2934,3264382,53.1
rv2934,3264473,0
rv2934,3264545,1525.3
rv2934,3264569,0
rv2934,3264615,349.8
rv2934,3264619,2935.8
rv2934,3264652,1438.2
rv2934,3264798,6825.3
rv2934,3264841,3064.8
rv2934,3265247,0
rv2934,3265259,1268.7
rv2934,3265297,1147.1000000000001
rv2934,3265432,628.5
rv2934,3265484,4098.3
rv2934,3265564,0
rv2934,3265583,1252.6
rv2934,3265619,10.1
rv2934,3265657,5405.2
rv2934,3265690,474.7
rv2934,3265775,3041.2000000000003
rv2934,3265796,4031.9
rv2934,3265819,5722.8
rv2934,3265847,345.5
rv2934,3265859,1130.8
rv2934,3265958,922.6
rv2934,3266067,0
rv2934,3266270,1414.8
rv2934,3266540,2901.4
rv2934,3266578,4573.5
rv2934,3266862,3322.9
rv2934,3266879,4068.7999999999997
rv2934,3266984,8.6
rv2934,3267010,281
rv2934,3267107,2089.5
rv2934,3267274,3543.6
rv2934,3267421,1796.7
rv2934,3267503,882.3
rv2934,3267509,3479.8
rv2934,3267551,47.2
rv2934,3267560,2216.1
rv2934,3267599,7061.8
rv2934,3267654,2699.6
rv2934,3267717,1549.8
rv2934,3267728,2016.3
rv2934,3267739,4770.7
rv2935,3267845,275.90000000000003
rv2935,3267924,10817.6
rv2935,3268102,1607.7
rv2935,3268104,2578
rv2935,3268128,763.1
rv2935,3268312,208.4
rv2935,3268342,820.4
rv2935,3268384,1085.2
rv2935,3268407,489.1
rv2935,3268608,668.5
rv2935,3268692,6988.6
rv2935,3268733,364.6
rv2935,3268879,244.4
rv2935,3268894,519.4
rv2935,3268911,1577.7
rv2935,3268971,6529.4
rv2935,3269033,526.8
rv2935,3269116,2429.7000000000003
rv2935,3269182,256.5
rv2935,3269220,2298.5
rv2935,3269451,2920
rv2935,3269607,1059.2
rv2935,3269655,4434.7
rv2935,3269664,1476.8
rv2935,3269679,1477.8
rv2935,3269704,728.6
rv2935,3269753,6020.2
rv2935,3269817,4187
rv2935,3269848,51
rv2935,3269861,1733.2
rv2935,3269915,580.2
rv2935,3269966,309
rv2935,3270025,3960.2999999999997
rv2935,3270065,234.1
rv2935,3270088,819.6
rv2935,3270221,795.7
rv2935,3270266,2345.4
rv2935,3270402,0
rv2935,3270437,1024.6
rv2935,3270557,657.6999999999999
rv2935,3270708,1189.5
rv2935,3270714,80.3
rv2935,3270825,1369.1
rv2935,3270904,18.1
rv2935,3270911,559.9
rv2935,3270985,209
rv2935,3271154,180.4
rv2935,3271182,2602.2999999999997
rv2935,3271198,7260
rv2935,3271380,1086.2
rv2935,3271442,1409.1
rv2935,3271492,1264.8
rv2935,3271585,2424.4
rv2935,3271597,2166.8
rv2935,3271695,2713.4
rv2935,3271698,1075.4
rv2935,3271705,0
rv2935,3271769,3433.1
rv2935,3271785,804.5
rv2935,3271797,16.700000000000003
rv2935,3271812,643.3
rv2935,3271818,2626
rv2935,3271875,273.2
rv2935,3271897,1555.9
rv2935,3271918,1130.7
rv2935,3271995,948.8
rv2935,3272031,3147.1
rv2935,3272155,1761.5
rv2936,3272253,0
rv2936,3272272,2678.2
rv2936,3272434,2045.5
rv2936,3272462,759
rv2936,3272615,13367
rv2936,3272644,2206
rv2936,3272669,3391.3
rv2936,3272714,1980.4
rv2936,3272757,2929.3
rv2936,3272818,2453.5
rv2936,3272873,5353.3
rv2936,3272936,2304.5
rv2936,3272967,1022.6999999999999
rv2936,3273039,5342.4
rv2936,3273062,18550.5
rv2936,3273066,20863.7
rv2936,3273113,1178.9
rv2936,3273120,903.7
rv2936,3273152,6421.3
rv2937,3273232,9385
rv2937,3273292,428
rv2937,3273321,1775.9
rv2937,3273346,2199.9
rv2937,3273361,5523.5
rv2937,3273385,53
rv2937,3273405,14471
rv2937,3273407,1299.8
rv2937,3273421,138.1
rv2937,3273472,1802.4
rv2937,3273480,13154.300000000001
rv2937,3273562,1772
rv2937,3273664,536.6999999999999
rv2937,3273670,2175.8
rv2937,3273681,982.1999999999999
rv2937,3273717,4611.2
rv2937,3273719,2574.4
rv2937,3273736,404.7
rv2937,3273743,10.1
rv2937,3273794,135.9
rv2937,3273877,575
rv2937,3273965,5874.8
rv2937,3274073,68.7
rv2938,3274194,3141.8
rv2938,3274214,4860.7
rv2938,3274216,2407.7
rv2938,3274225,2.6
rv2938,3274242,988.1
rv2938,3274278,2819.6
rv2938,3274282,2350.5
rv2938,3274287,13877.1
rv2938,3274292,8955.4
rv2938,3274299,1374.4
rv2938,3274319,6110.7
rv2938,3274503,3491.5
rv2938,3274512,12228.6
rv2938,3274516,3392.7
rv2938,3274527,4905.3
rv2938,3274576,3327.5
rv2938,3274590,5864.7
rv2938,3274612,1289.4
rv2938,3274621,979.6
rv2938,3274634,4924.6
rv2938,3274724,2203.2
rv2938,3274769,6341.9
rv2938,3274852,1150.8
rv2938,3274863,2782.3
rv2938,3274872,1580
rv2938,3274889,1.3
rv2939,3275016,1610.1999999999998
rv2939,3275027,3947.1
rv2939,3275057,652.4
rv2939,3275245,2737.9
rv2939,3275269,3898.2
rv2939,3275317,6234.7
rv2939,3275319,14971.4
rv2939,3275385,1190
rv2939,3275402,491.2
rv2939,3275422,0
rv2939,3275474,772.7
rv2939,3275510,3410.6
rv2939,3275523,37678.5
rv2939,3275529,3537.1
rv2939,3275669,719.6999999999999
rv2939,3275742,346.59999999999997
rv2939,3275748,3837.4
rv2939,3275773,1026.4
rv2939,3275801,5411.3
rv2939,3275826,4634.4
rv2939,3275849,51.699999999999996
rv2939,3275876,22.7
rv2939,3275971,5034.9
rv2939,3276050,2931.1
rv2939,3276063,2416
rv2939,3276093,3028.9
rv2939,3276108,1090.3
rv2939,3276175,2094.8
rv2939,3276207,6722.5
rv2940c,3276391,94.5
rv2940c,3276442,1536
rv2940c,3276498,453.7
rv2940c,3276524,696.2
rv2940c,3276559,2020.8999999999999
rv2940c,3276633,10.1
rv2940c,3276787,2974.5
rv2940c,3276796,2392.4
rv2940c,3276832,3856.7
rv2940c,3276991,639.5
rv2940c,3277080,6232.0999999999995
rv2940c,3277205,18.5
rv2940c,3277426,14809.8
rv2940c,3277444,649.5
rv2940c,3277481,2543.2
rv2940c,3277490,153
rv2940c,3277497,750
rv2940c,3277573,771.4000000000001
rv2940c,3277687,6194.9
rv2940c,3277690,7256.3
rv2940c,3277741,1896.9
rv2940c,3277838,358
rv2940c,3277849,151.1
rv2940c,3277903,3192.8
rv2940c,3277998,648.6
rv2940c,3278083,3569.7
rv2940c,3278282,777.6
rv2940c,3278309,294.2
rv2940c,3278465,2025.4
rv2940c,3278542,10511.9
rv2940c,3278682,856
rv2940c,3278745,6714.299999999999
rv2940c,3278890,6016.2
rv2940c,3279090,2213.9
rv2940c,3279156,734.2
rv2940c,3279171,1191.4
rv2940c,3279216,5813.3
rv2940c,3279319,5864.5
rv2940c,3279325,374.6
rv2940c,3279341,418.5
rv2940c,3279349,1387.1
rv2940c,3279401,907.6
rv2940c,3279466,222.1
rv2940c,3279542,296.5
rv2940c,3279581,4376
rv2940c,3279664,1076.8
rv2940c,3279901,2336.2999999999997
rv2940c,3279929,14697
rv2940c,3280098,4665.7
rv2940c,3280153,4397.7
rv2940c,3280165,4752.2
rv2940c,3280304,1110.1000000000001
rv2940c,3280342,0
rv2940c,3280411,2663.7
rv2940c,3280462,4756.3
rv2940c,3280465,5934.4
rv2940c,3280524,1540.1
rv2940c,3280631,137.2
rv2940c,3280761,244.9
rv2940c,3280891,5443.8
rv2940c,3280983,82.5
rv2940c,3281161,4363.9
rv2940c,3281272,1516.6
rv2940c,3281325,4555.5
rv2940c,3281379,2218
rv2940c,3281519,998.9
rv2940c,3281537,325.4
rv2940c,3281734,4784.4000000000005
rv2940c,3281755,516.8000000000001
rv2940c,3281780,894.9
rv2940c,3281851,3626.2999999999997
rv2940c,3281948,148.7
rv2940c,3282228,15844.4
rv2940c,3282281,488.4
rv2940c,3282289,19319.8
rv2940c,3282324,4116
rv2940c,3282331,7157.1
rv2940c,3282353,587
rv2940c,3282435,885.4
rv2940c,3282476,230.3
rv2940c,3282571,16787
rv2940c,3282574,9341.7
rv2940c,3282725,8696.4
rv2941,3283419,2226
rv2941,3283426,4825.4
rv2941,3283454,514.1
rv2941,3283477,1709.4
rv2941,3283567,7452.4
rv2941,3283641,524
rv2941,3283664,596.8
rv2941,3283698,4348.7
rv2941,3283767,545.9
rv2941,3283807,134.6
rv2941,3283809,2769.2000000000003
rv2941,3283828,1087
rv2941,3283836,253.4
rv2941,3283843,498.3
rv2941,3283852,1671.2
rv2941,3283914,0
rv2941,3283939,2281.1
rv2941,3283950,4.3
rv2941,3283985,165.2
rv2941,3283994,0
rv2941,3284002,1148.1
rv2941,3284021,181.5
rv2941,3284024,51.699999999999996
rv2941,3284053,211.2
rv2941,3284168,1757
rv2941,3284222,11145.7
rv2941,3284241,85
rv2941,3284252,656.9
rv2941,3284329,2744
rv2941,3284353,8593.8
rv2941,3284403,593.4
rv2941,3284414,135.1
rv2941,3284454,5015.7
rv2941,3284470,6536.9
rv2941,3284577,450.90000000000003
rv2941,3284584,1658.8
rv2941,3284669,203.1
rv2941,3284738,1487.2
rv2941,3284746,440.7
rv2941,3284862,58.1
rv2941,3284907,1379.5
rv2941,3284919,1311.2
rv2941,3284922,870.6
rv2941,3284945,499.6
rv2941,3285009,518.9
rv2941,3285052,191.6
rv2941,3285085,1838.5
rv2942,3285102,2683.6
rv2942,3285116,2364.3
rv2942,3285118,1426.8
rv2942,3285370,2052.4
rv2942,3285379,419.29999999999995
rv2942,3285386,3161.7999999999997
rv2942,3285434,10393.9
rv2942,3285437,10037.8
rv2942,3285553,162.20000000000002
rv2942,3285639,1356.7
rv2942,3285708,2697.8
rv2942,3285762,4256.5
rv2942,3285891,261.1
rv2942,3285998,3773.5
rv2942,3286047,1960.5
rv2942,3286110,2326.3
rv2942,3286188,1533.2
rv2942,3286233,198.1
rv2942,3286290,6321.4
rv2942,3286623,1553.6
rv2942,3286706,11718.9
rv2942,3286769,2055
rv2942,3286859,5846.9
rv2942,3286920,28.200000000000003
rv2942,3286986,617
rv2942,3287007,825.7
rv2942,3287049,2589.4
rv2942,3287098,1.3
rv2942,3287150,151.3
rv2942,3287160,2320.4
rv2942,3287210,2455.2000000000003
rv2942,3287288,1415.1
rv2942,3287337,2869.5
rv2942,3287379,2125.6
rv2942,3287389,2783.5
rv2942,3287403,1206.3
rv2942,3287474,5108
rv2942,3287517,4487.6
rv2942,3287588,3725.9
rv2942,3287617,2015.6
rv2942,3287658,415.4
rv2942,3287703,1036.3
rv2945c,3290635,1113.1
rv2945c,3290841,2482.1
rv2945c,3290852,2764.5
rv2945c,3290997,1036.2
rv2945c,3291028,5090.1
rv2945c,3291036,7414.1
rv2945c,3291086,5106
rv2945c,3291089,1057.8999999999999
rv2945c,3291129,3205
rv2945c,3291264,766.6999999999999
rv2945c,3291288,14057.2
rv2946c,3291514,3501.1
rv2946c,3291528,8392.8
rv2946c,3291613,1818.6
rv2946c,3291656,6521.0999999999995
rv2946c,3291699,1189.6000000000001
rv2946c,3291714,761
rv2946c,3291776,654.1
rv2946c,3291816,1739.1
rv2946c,3291852,2321.3
rv2946c,3291978,2995.7999999999997
rv2946c,3292167,252.4
rv2946c,3292234,4062.7
rv2946c,3292361,2022.3
rv2946c,3292444,730.9
rv2946c,3292476,102.60000000000001
rv2946c,3292612,1153
rv2946c,3292719,3953.7
rv2946c,3292736,101.39999999999999
rv2946c,3292803,5.6
rv2946c,3292900,181.1
rv2946c,3292915,1376.1
rv2946c,3292919,1962.3
rv2946c,3292946,226.3
rv2946c,3292989,1877.8
rv2946c,3293108,838.8
rv2946c,3293228,0
rv2946c,3293271,681.8
rv2946c,3293287,1245.8
rv2946c,3293357,0
rv2946c,3293506,7613.8
rv2946c,3293514,344.5
rv2946c,3293583,463.9
rv2946c,3293595,6375.1
rv2946c,3293679,62.3
rv2946c,3293685,1470.8
rv2946c,3293766,620.2
rv2946c,3293989,5344.2
rv2946c,3294119,2.6
rv2946c,3294225,0
rv2946c,3294236,887.3000000000001
rv2946c,3294504,4808
rv2946c,3294571,2710
rv2946c,3294577,1558.9
rv2946c,3294601,3020.5
rv2946c,3294614,3413.6
rv2946c,3294736,3783.8
rv2946c,3295117,10208.2
rv2946c,3295408,1379.6
rv2946c,3295973,5088.6
rv2946c,3296059,3003.1
rv2946c,3296312,6482.6
rv2947c,3296435,1077.9
rv2947c,3296742,6593.0999999999995
rv2947c,3296816,5900.7
rv2947c,3296978,234.8
rv2947c,3297049,3702.6
rv2947c,3297211,89.5
rv2947c,3297245,13290.7
rv2947c,3297249,6281.4
rv2947c,3297297,1101.4
rv2947c,3297316,57
rv2947c,3297322,8514.5
rv2947c,3297330,2455.2
rv2947c,3297354,4592.9
rv2947c,3297469,2379.2
rv2947c,3297515,1162.3
rv2947c,3297537,1680.1
rv2947c,3297570,10344.2
rv2947c,3297572,4624.5
rv2947c,3297729,4990.9
rv2947c,3297779,11181.6
rv2947c,3297783,962
rv2947c,3297845,3716.6
rv2948c,3297871,1097.6
rv2948c,3298065,4018.8
rv2948c,3298124,2190.7
rv2948c,3298132,3779.7000000000003
rv2948c,3298141,2.6
rv2948c,3298151,2692
rv2948c,3298174,86.10000000000001
rv2948c,3298188,1936.8999999999999
rv2948c,3298291,13725.2
rv2948c,3298315,3203.7000000000003
rv2948c,3298569,3307.7999999999997
rv2948c,3298702,242.3
rv2948c,3298788,223.89999999999998
rv2948c,3298817,3578.7
rv2948c,3298821,7273.5999999999995
rv2948c,3298842,2053.5
rv2948c,3298907,4285.9
rv2948c,3298914,859.2
rv2948c,3298939,11692.6
rv2948c,3298984,3094.5
rv2948c,3299000,777
rv2948c,3299056,860.2
rv2948c,3299079,3190
rv2948c,3299088,595.4
rv2948c,3299243,1377.3
rv2948c,3299272,1279.7
rv2948c,3299296,529
rv2948c,3299359,248.8
rv2948c,3299366,82.6
rv2948c,3299375,1986.8999999999999
rv2948c,3299388,6181.5999999999995
rv2948c,3299392,2614.6
rv2948c,3299400,1032.7
rv2948c,3299427,307.4
rv2948c,3299436,5908.8
rv2948c,3299499,4154.9
rv2948c,3299508,12809
rv2948c,3299510,15859.6
rv2948c,3299514,11905.2
rv2948c,3299519,5926.2
rv2948c,3299549,1310.9
rv2948c,3299713,270.7
rv2948c,3299724,276.7
rv2948c,3299752,25559.5
rv2948c,3299809,2060.1
rv2948c,3299888,7622.5
rv2948c,3299906,2954.1
rv2948c,3299947,807
rv2950c,3300607,668.3
rv2950c,3300614,2707.4
rv2950c,3300621,1054.6000000000001
rv2950c,3300642,3505.1
rv2950c,3300646,440.90000000000003
rv2950c,3300677,436.5
rv2950c,3300698,996.2
rv2950c,3300716,2115.5
rv2950c,3300753,0
rv2950c,3300836,161.6
rv2950c,3300843,347.1
rv2950c,3300857,1709.9
rv2950c,3300934,668
rv2950c,3301111,2078.4
rv2950c,3301225,9302.4
rv2950c,3301294,2204.7
rv2950c,3301345,11880.9
rv2950c,3301369,15419.9
rv2950c,3301446,4113.3
rv2950c,3301502,6295.3
rv2950c,3301524,2.9
rv2950c,3301581,0
rv2950c,3301584,652.1999999999999
rv2950c,3301696,492.3
rv2950c,3301713,2359.2
rv2950c,3301750,105.2
rv2950c,3301761,659.4
rv2950c,3301767,867
rv2950c,3301837,8249.4
rv2950c,3301842,5396
rv2950c,3301846,5570.5
rv2950c,3301969,3387.3
rv2950c,3301988,0
rv2950c,3302003,640.7
rv2950c,3302009,89.39999999999999
rv2950c,3302031,485.2
rv2950c,3302043,334.5
rv2950c,3302117,871.0999999999999
rv2950c,3302131,11119.5
rv2950c,3302154,207.9
rv2950c,3302182,10217.699999999999
rv2950c,3302184,1763.8
rv2950c,3302272,6080.4
rv2950c,3302287,6330.5
rv2950c,3302305,521.4
rv2950c,3302325,2992.2
rv2950c,3302354,6473.4
rv2964,3316587,116.8
rv2964,3316625,64.6
rv2964,3316636,106.9
rv2964,3316857,18.1
rv2964,3316883,482.2
rv2964,3316960,600.3
rv2964,3317014,2589
rv2964,3317038,10921.5
rv2964,3317042,6871.7
rv2964,3317066,117.30000000000001
rv2964,3317098,1702.7
rv2964,3317116,838.3
rv2964,3317119,823.5
rv2964,3317133,4420.5
rv2964,3317143,2048.2
rv2964,3317232,414.3
rv2964,3317283,1683.8
rv2967c,3319943,742.5
rv2967c,3320088,364.8
rv2967c,3320127,20.1
rv2967c,3320171,50.1
rv2967c,3320216,0
rv2967c,3320348,5.2
rv2967c,3320464,109
rv2967c,3320499,2988.4
rv2967c,3320595,1034.6
rv2967c,3320640,356.4
rv2967c,3320651,135
rv2967c,3320664,20.1
rv2967c,3320709,88.8
rv2967c,3320826,736.7
rv2967c,3320944,85.9
rv2967c,3321003,63.4
rv2967c,3321006,120.3
rv2967c,3321018,96.7
rv2967c,3321040,0
rv2967c,3321054,130.4
rv2967c,3321074,0
rv2967c,3321095,7.9
rv2967c,3321148,32.8
rv2967c,3321163,0
rv2967c,3321213,0
rv2967c,3321222,135.1
rv2967c,3321232,566.5
rv2967c,3321248,3335.7000000000003
rv2967c,3321265,713.6
rv2967c,3321339,155.7
rv2967c,3321396,250.8
rv2967c,3321428,189
rv2967c,3321436,0
rv2967c,3321443,30.2
rv2967c,3321472,45.8
rv2967c,3321539,113.8
rv2967c,3321606,55.599999999999994
rv2967c,3321630,183.1
rv2967c,3321664,189.4
rv2967c,3321793,410.5
rv2967c,3321803,26.6
rv2967c,3321856,0
rv2967c,3321906,385.3
rv2967c,3322043,478.4
rv2967c,3322147,325.4
rv2967c,3322206,2707.5
rv2967c,3322254,66.1
rv2967c,3322261,62
rv2967c,3322299,549.3
rv2967c,3322383,1244.6000000000001
rv2967c,3322464,380.4
rv2967c,3322537,26.4
rv2967c,3322555,256.5
rv2967c,3322708,480.7
rv2967c,3322799,297.5
rv2967c,3322809,0
rv2967c,3322818,576.9
rv2967c,3322822,567.9
rv2967c,3322875,6147.1
rv2967c,3322911,1400.5
rv2967c,3322956,345.5
rv2967c,3322962,109.2
rv2967c,3322992,202.4
rv2970c,3324594,273.7
rv2970c,3324695,794
rv2970c,3324740,4246.5
rv2970c,3324872,5926.8
rv2970c,3324971,1517.6000000000001
rv2970c,3325010,4517.0999999999995
rv2970c,3325135,3065.1
rv2970c,3325148,6852.2
rv2970c,3325196,1039.5
rv2970c,3325210,967.6
rv2970c,3325295,2300.5
rv2970c,3325337,137.9
rv2970c,3325372,649.1
rv2970c,3325426,682.2
rv2970c,3325468,666.4
rv2970c,3325536,7150.6
rv2970c,3325548,860.3
rv2973c,3327751,2325.2
rv2973c,3327755,1369.5
rv2973c,3327759,1889
rv2973c,3327828,312.90000000000003
rv2973c,3327860,3817
rv2973c,3327864,1574
rv2973c,3328027,38.400000000000006
rv2973c,3328150,226.5
rv2973c,3328401,1004
rv2973c,3328531,908.6999999999999
rv2973c,3328551,10.1
rv2973c,3328577,0
rv2973c,3328612,146.79999999999998
rv2973c,3328877,118.3
rv2973c,3328947,0
rv2973c,3329117,16.8
rv2973c,3329137,35.6
rv2973c,3329255,8.8
rv2973c,3329327,233.9
rv2973c,3329427,767.9
rv2973c,3329500,878.8
rv2973c,3329589,3117
rv2973c,3329592,276.4
rv2973c,3329649,4710
rv2973c,3329748,2172.3
rv2973c,3329752,3306.4
rv2973c,3329812,207.1
rv2973c,3329838,1450.6
rv2973c,3329850,34
rv2973c,3329945,215.20000000000002
rv2976c,3332180,50.3
rv2976c,3332445,311.1
rv2976c,3332463,1639.4
rv2976c,3332504,1859.8
rv2976c,3332527,1576.7
rv2976c,3332556,29.5
rv2976c,3332575,120
rv2976c,3332640,1519.2
rv2977c,3332803,1145.6
rv2977c,3332849,0
rv2977c,3332883,0
rv2977c,3332977,0
rv2977c,3333176,0
rv2977c,3333248,0
rv2977c,3333603,0
rv2977c,3333688,0
rv2977c,3333789,317.6
rv2985,3342226,280.1
rv2985,3342310,258.3
rv2985,3342383,911.3
rv2985,3342417,2.9
rv2985,3342439,267.9
rv2985,3342481,1491.5
rv2985,3342548,32.3
rv2985,3342580,0
rv2985,3342615,50.2
rv2985,3342710,153.1
rv2985,3342746,375.3
rv2985,3342781,1440.1000000000001
rv2985,3342848,2103.8
rv2985,3342880,1800.5
rv2985,3342935,1486.2
rv2985,3343126,386.1
rv2986c,3343187,680.7
rv2986c,3343233,18.9
rv2986c,3343284,12.3
rv2986c,3343489,0
rv2986c,3343524,2.6
rv2986c,3343624,2.9
rv2986c,3343638,0
rv2986c,3343698,0
rv2986c,3343723,0
rv2987c,3344055,11
rv2987c,3344074,0
rv2987c,3344123,0
rv2987c,3344130,0
rv2987c,3344132,0
rv2987c,3344210,0
rv2987c,3344363,0
rv2987c,3344380,0
rv2987c,3344478,0
rv2987c,3344612,0
rv2988c,3344919,0
rv2988c,3345023,0
rv2988c,3345091,9.2
rv2988c,3345171,0
rv2988c,3345232,0
rv2988c,3345283,0
rv2988c,3345346,0
rv2988c,3345457,0
rv2988c,3345629,0
rv2988c,3345680,0
rv2988c,3345758,0
rv2988c,3345988,11
rv2988c,3346020,0
rv2995c,3352713,0
rv2995c,3352737,0
rv2995c,3352747,0
rv2995c,3352859,0
rv2995c,3352880,0
rv2995c,3353096,0
rv2995c,3353174,0
rv2995c,3353375,0
rv2995c,3353434,0
rv2996c,3353521,0
rv2996c,3353639,0
rv2996c,3353701,0
rv2996c,3353788,2.9
rv2996c,3353879,0
rv2996c,3354086,0
rv2996c,3354471,0
rv2996c,3354562,0
rv2996c,3354571,0
rv2996c,3354583,0
rv2996c,3354671,0
rv2999,3357670,794
rv2999,3357791,439.9
rv2999,3357822,11
rv2999,3357864,267.9
rv2999,3357903,14.399999999999999
rv2999,3357921,73.30000000000001
rv2999,3358010,264.40000000000003
rv2999,3358151,124.3
rv2999,3358251,765.5
rv2999,3358488,4113
rv2999,3358497,2035.8999999999999
rv2999,3358575,558.2
rv3001c,3359596,2051.9
rv3001c,3359750,0
rv3001c,3359827,0
rv3001c,3359860,0
rv3001c,3359863,0
rv3001c,3359887,0
rv3001c,3359932,11
rv3001c,3359950,0
rv3001c,3360103,0
rv3001c,3360147,0
rv3001c,3360435,0
rv3001c,3360504,0
rv3001c,3360532,0
rv3001c,3360589,0
rv3003c,3361423,0
rv3003c,3361435,0
rv3003c,3361503,0
rv3003c,3361678,0
rv3003c,3361774,0
rv3003c,3361810,5.7
rv3003c,3361822,0
rv3003c,3361846,0
rv3003c,3362060,0
rv3003c,3362266,0
rv3003c,3362347,0
rv3003c,3362600,0
rv3003c,3362713,0
rv3003c,3362794,0
rv3003c,3362882,0
rv3004,3363407,413.09999999999997
rv3004,3363437,2765.8
rv3004,3363606,305.40000000000003
rv3004,3363688,0
rv3006,3364777,0
rv3006,3365027,0
rv3006,3365047,11
rv3006,3365115,2.9
rv3006,3365136,11
rv3006,3365142,0
rv3006,3365237,0
rv3006,3365339,0
rv3006,3365351,0
rv3006,3365452,0
rv3006,3365454,20.2
rv3006,3365519,0
rv3006,3365524,0
rv3006,3365597,0
rv3006,3365600,0
rv3006,3365701,0
rv3009c,3367295,0
rv3009c,3367835,11
rv3009c,3367893,0
rv3009c,3367899,11
rv3009c,3367938,0
rv3009c,3367996,0
rv3009c,3368019,0
rv3009c,3368159,0
rv3009c,3368165,0
rv3009c,3368199,11
rv3009c,3368286,0
rv3009c,3368427,0
rv3009c,3368454,0
rv3009c,3368469,0
rv3009c,3368490,0
rv3009c,3368496,0
rv3009c,3368525,0
rv3009c,3368720,0
rv3009c,3368751,0
rv3009c,3368803,114.8
rv3010c,3368861,698.8
rv3010c,3368954,665.9
rv3010c,3369017,1161.7
rv3010c,3369030,7117
rv3010c,3369115,2827.8
rv3010c,3369351,1305.3
rv3010c,3369549,1872.7
rv3010c,3369776,432.4
rv3010c,3369792,4424
rv3010c,3369819,1027.1
rv3010c,3369846,1453.8
rv3010c,3369864,2731.5
rv3011c,3369961,923.8000000000001
rv3011c,3369975,439.90000000000003
rv3011c,3369997,1.3
rv3011c,3370015,0
rv3011c,3370053,0
rv3011c,3370153,0
rv3011c,3370240,0
rv3011c,3370294,1.3
rv3011c,3370297,2.8
rv3011c,3370306,0
rv3011c,3370309,0
rv3011c,3370327,1.3
rv3011c,3370438,0
rv3011c,3370495,0
rv3011c,3370498,0
rv3011c,3370563,0
rv3011c,3370609,0
rv3011c,3370682,2.2
rv3011c,3370837,0
rv3011c,3370855,0
rv3011c,3370989,0
rv3011c,3371026,2.8
rv3011c,3371131,0
rv3011c,3371323,2.2
rv3014c,3372556,1664.1000000000001
rv3014c,3372643,0
rv3014c,3372676,0
rv3014c,3373231,0
rv3014c,3373251,0
rv3014c,3373657,0
rv3014c,3373663,0
rv3014c,3373786,0
rv3014c,3373873,0
rv3014c,3374113,0
rv3014c,3374233,0
rv3014c,3374278,0
rv3014c,3374536,0
rv3014c,3374539,0
rv3016,3375796,27833.9
rv3016,3375811,3069.2000000000003
rv3016,3375896,1969.6000000000001
rv3016,3375981,3129.1
rv3016,3376015,3521
rv3016,3376038,4363
rv3016,3376140,313.8
rv3016,3376235,5241.0999999999995
rv3016,3376261,3809
rv3016,3376293,1135.3
rv3016,3376303,1668.7
rv3016,3376395,1762.3
rv3017c,3376501,490.7
rv3017c,3376577,2722
rv3017c,3376605,230.9
rv3017c,3376635,3465.4
rv3017c,3376657,1667.3999999999999
rv3017c,3376769,0
rv3017c,3376799,2341.9
rv3017c,3376801,1030.1
rv3017c,3376840,952.3
rv3017c,3376846,22073
rv3017c,3376850,5485.1
rv3018c,3377315,8284.3
rv3018c,3377395,162.1
rv3018c,3377411,1268.1
rv3018c,3377417,1348
rv3018c,3377419,0
rv3018c,3377436,0
rv3018c,3377441,76.19999999999999
rv3018c,3377457,95.1
rv3018c,3377470,0
rv3018c,3377486,231.6
rv3018c,3377509,327.2
rv3018c,3377512,9.1
rv3018c,3377524,12.9
rv3018c,3377542,95.9
rv3018c,3377607,363.5
rv3018c,3377616,164.7
rv3018c,3377636,236.6
rv3018c,3377645,60.4
rv3018c,3377672,402.7
rv3018c,3377784,7370.1
rv3018c,3377826,4128.1
rv3018c,3377955,2929.7
rv3018c,3377998,0
rv3018c,3378030,12893.5
rv3018c,3378039,10868
rv3018c,3378132,1862.4
rv3018c,3378143,1282.7
rv3018c,3378200,5699.6
rv3019c,3378722,2267.6
rv3019c,3378806,3234.9
rv3019c,3378826,2070.2
rv3019c,3378860,6289.4
rv3019c,3378873,250.2
rv3019c,3378918,0
rv3019c,3378950,186.1
rv3019c,3378989,1748.9
rv3019c,3378995,8880.1
rv3019c,3378999,2528.9
rv3020c,3379047,32.7
rv3020c,3379059,1803
rv3020c,3379092,9023.7
rv3020c,3379129,12
rv3020c,3379141,726.6999999999999
rv3020c,3379258,3261.7
rv3020c,3379279,24.9
rv3020c,3379294,0
rv3020c,3379318,74.4
rv3022a,3380715,5711.6
rv3022a,3380748,793.2
rv3022a,3380830,919.7
rv3022a,3380834,3847.7000000000003
rv3022a,3380842,753.4
rv3022a,3380899,338.6
rv3024c,3382887,136.79999999999998
rv3024c,3382970,0
rv3024c,3383102,141.5
rv3024c,3383142,195
rv3024c,3383188,648.5
rv3024c,3383315,276.6
rv3024c,3383335,12.4
rv3024c,3383460,856.6
rv3024c,3383520,19.2
rv3024c,3383539,0
rv3024c,3383634,49.900000000000006
rv3024c,3383694,56
rv3024c,3383798,0
rv3025c,3383920,0
rv3025c,3384079,21.1
rv3025c,3384123,0
rv3025c,3384183,0
rv3025c,3384190,0
rv3025c,3384216,20.1
rv3025c,3384277,2.6
rv3025c,3384372,0
rv3025c,3384399,0
rv3025c,3384598,5.9
rv3025c,3384603,0
rv3025c,3384637,0
rv3025c,3384769,93.8
rv3025c,3384839,37.1
rv3025c,3384843,142.6
rv3025c,3384913,37.8
rv3025c,3385070,68.6
rv3028c,3387087,3680.7999999999997
rv3028c,3387156,0
rv3028c,3387270,0
rv3028c,3387324,0
rv3028c,3387327,0
rv3028c,3387770,0
rv3028c,3387773,0
rv3028c,3387837,11
rv3028c,3387867,3.9
rv3028c,3387892,0
rv3028c,3387998,0
rv3028c,3388031,0
rv3029c,3388082,291.4
rv3029c,3388106,0
rv3029c,3388260,0
rv3029c,3388369,0
rv3029c,3388457,0
rv3029c,3388609,0
rv3029c,3388693,0
rv3029c,3388738,0
rv3029c,3388842,0
rv3036c,3396557,852.6
rv3036c,3396582,2004.5
rv3036c,3396596,4639.5
rv3036c,3396628,1290.9
rv3036c,3396680,4507.2
rv3036c,3396755,9029.6
rv3036c,3396770,4505.2
rv3036c,3396820,5145.8
rv3036c,3396884,2086.1
rv3036c,3396950,5857.4000000000005
rv3036c,3396977,1579.7
rv3036c,3396996,3116.9
rv3036c,3397007,9336
rv3036c,3397011,5038.7
rv3036c,3397138,1121.5
rv3036c,3397145,4582.4000000000005
rv3039c,3399431,40.199999999999996
rv3039c,3399491,1557.3
rv3039c,3399536,1832
rv3039c,3399623,2.9
rv3039c,3399838,0
rv3039c,3399849,11.4
rv3039c,3399869,0
rv3039c,3400022,0
rv3039c,3400088,0
rv3039c,3400113,2.6
rv3039c,3400126,9.1
rv3042c,3401945,4846.5
rv3042c,3402047,0
rv3042c,3402106,0
rv3042c,3402138,0
rv3042c,3402188,0
rv3042c,3402261,11
rv3042c,3402448,0
rv3042c,3402659,0
rv3042c,3402776,0
rv3042c,3402858,0
rv3042c,3402943,0
rv3042c,3402990,0
rv3043c,3403285,973.9
rv3043c,3403293,16.3
rv3043c,3403395,0
rv3043c,3403431,0
rv3043c,3403538,13.9
rv3043c,3403542,0
rv3043c,3403551,0
rv3043c,3403564,0
rv3043c,3403689,0
rv3043c,3403734,2.9
rv3043c,3403758,13.9
rv3043c,3403762,0
rv3043c,3403941,5.8
rv3043c,3404003,11
rv3043c,3404040,11
rv3043c,3404055,0
rv3043c,3404130,0
rv3043c,3404199,0
rv3043c,3404273,0
rv3043c,3404472,0
rv3043c,3404543,5.7
rv3043c,3404652,11
rv3043c,3404786,11
rv3043c,3404802,0
rv3043c,3404847,0
rv3043c,3404883,0
rv3044,3405172,36.1
rv3044,3405227,499.6
rv3044,3405525,1648.6
rv3044,3405563,60.1
rv3044,3405648,519.4
rv3044,3405683,79.6
rv3044,3405713,551.1
rv3044,3405746,0
rv3044,3405868,536.5
rv3044,3405870,1032.8
rv3044,3405954,1582.3999999999999
rv3044,3406022,71.3
rv3044,3406029,802.1
rv3044,3406082,10.1
rv3044,3406147,674
rv3044,3406166,1104.2
rv3044,3406224,9567.9
rv3045,3406314,1477.8000000000002
rv3045,3406433,859.3000000000001
rv3045,3406464,2122.5
rv3045,3406530,1326.3
rv3045,3406614,1334.4
rv3045,3406641,4476.4
rv3045,3406683,196.89999999999998
rv3045,3406713,1231.6
rv3045,3406726,182.5
rv3045,3406785,2257.9
rv3045,3406843,136.4
rv3045,3406959,3180.2000000000003
rv3045,3406962,2902.9
rv3045,3407036,251.2
rv3045,3407055,829
rv3045,3407099,1197.3999999999999
rv3045,3407137,9.1
rv3045,3407259,10074.199999999999
rv3045,3407274,1582
rv3045,3407304,106.1
rv3051c,3412097,9084.6
rv3051c,3412163,0
rv3051c,3412166,11
rv3051c,3412196,0
rv3051c,3412292,11
rv3051c,3412313,0
rv3051c,3412325,0
rv3051c,3412337,0
rv3051c,3412340,0
rv3051c,3412362,0
rv3051c,3412364,0
rv3051c,3412376,0
rv3051c,3412379,0
rv3051c,3412460,0
rv3051c,3412505,0
rv3051c,3412594,11
rv3051c,3412631,0
rv3051c,3412658,0
rv3051c,3412733,0
rv3051c,3412743,0
rv3051c,3412745,0
rv3051c,3412751,0
rv3051c,3412787,0
rv3051c,3412811,0
rv3051c,3412834,0
rv3051c,3412890,0
rv3051c,3413024,0
rv3051c,3413055,0
rv3051c,3413115,0
rv3051c,3413145,2.2
rv3051c,3413147,11
rv3051c,3413153,0
rv3051c,3413246,11
rv3051c,3413249,0
rv3051c,3413288,11
rv3051c,3413306,0
rv3051c,3413321,9.1
rv3051c,3413441,0
rv3051c,3413468,0
rv3051c,3413510,0
rv3051c,3413641,0
rv3051c,3413817,0
rv3051c,3413836,0
rv3051c,3413876,0
rv3051c,3413906,11
rv3051c,3413915,20.1
rv3051c,3413918,0
rv3051c,3413963,0
rv3051c,3413974,0
rv3051c,3414002,0
rv3051c,3414026,9.1
rv3051c,3414029,0
rv3051c,3414047,0
rv3051c,3414069,0
rv3051c,3414110,0
rv3051c,3414164,0
rv3052c,3414244,0
rv3052c,3414352,0
rv3052c,3414354,11
rv3052c,3414358,31
rv3052c,3414368,11
rv3052c,3414397,11.5
rv3052c,3414422,11
rv3052c,3414502,0
rv3052c,3414544,0
rv3052c,3414555,0
rv3052c,3414565,0
rv3052c,3414600,0
rv3052c,3414617,0
rv3052c,3414667,0
rv3052c,3414689,0
rv3053c,3414731,185.8
rv3053c,3414823,11
rv3053c,3414827,0
rv3053c,3414845,10.1
rv3053c,3414873,0
rv3053c,3414887,0
rv3053c,3414934,0
rv3053c,3414948,0
rv3053c,3414953,11
rv3056,3416736,4289
rv3056,3416861,5365.8
rv3056,3416876,889
rv3056,3416960,1466.1
rv3056,3416991,1327.3
rv3056,3417008,120.5
rv3056,3417021,2658.2
rv3056,3417041,7358.1
rv3056,3417138,4778.2
rv3056,3417142,16693.2
rv3056,3417175,0
rv3056,3417203,9741.9
rv3056,3417247,855
rv3056,3417283,4681.1
rv3056,3417320,1012.8
rv3056,3417348,3411.7
rv3056,3417412,0
rv3056,3417602,4338.2
rv3056,3417687,6009.4
rv3056,3417729,444.2
rv3056,3417740,1349.6
rv3059,3419513,6860.6
rv3059,3419723,4661
rv3059,3419738,7101.9
rv3059,3419760,1295.7
rv3059,3419825,7384.8
rv3059,3419846,2026.1
rv3059,3419978,754.5
rv3059,3420056,1824.3
rv3059,3420166,9880.300000000001
rv3059,3420257,2557.9
rv3059,3420406,3899.4
rv3059,3420437,4144.9
rv3059,3420525,2468.8
rv3059,3420616,0
rv3059,3420632,6337.8
rv3059,3420635,30456.8
rv3059,3420639,12294.4
rv3059,3420665,3213.6
rv3059,3420733,952.9
rv3059,3420767,2952.1
rv3059,3420834,4042
rv3059,3420866,29.6
rv3059,3420893,3211.3
rv3059,3420911,5859.5
rv3059,3420965,121458.6
rv3061c,3423260,1265.1
rv3061c,3423264,2215
rv3061c,3423421,217.2
rv3061c,3423653,2115.3
rv3061c,3423656,2362.9
rv3061c,3423894,646.1
rv3061c,3423903,60.4
rv3061c,3423923,693.6
rv3061c,3424048,3219.9
rv3061c,3424145,296.6
rv3061c,3424250,1963.6
rv3061c,3424377,0
rv3061c,3424488,845
rv3061c,3424497,331.8
rv3061c,3424538,3176.7
rv3061c,3424701,464.7
rv3061c,3424730,2044.2
rv3061c,3424817,2270.5
rv3061c,3425034,0
rv3061c,3425049,948.4
rv3061c,3425121,3287
rv3061c,3425228,1143.5
rv3061c,3425256,1676.2
rv3061c,3425418,4896.9
rv3062,3425745,284.2
rv3062,3425777,78
rv3062,3425835,1190.9
rv3062,3425849,658
rv3062,3426047,1068.9
rv3062,3426131,90.3
rv3062,3426210,75.5
rv3062,3426215,595.3000000000001
rv3062,3426265,92.6
rv3062,3426344,2130.3
rv3062,3426501,231.2
rv3062,3426679,6037.8
rv3062,3426795,2664.8
rv3062,3426822,0
rv3062,3426931,3097.5
rv3062,3426945,3319.2999999999997
rv3062,3426968,761.9
rv3062,3427000,0
rv3062,3427042,0
rv3062,3427099,1898.9
rv3063,3427477,6255.3
rv3063,3427498,512.6
rv3063,3427582,6067.8
rv3063,3427607,3703.7
rv3063,3427661,1546
rv3063,3427681,3513.3
rv3063,3427685,4816.1
rv3063,3427741,2562
rv3063,3427854,4801.8
rv3063,3427969,2838.6
rv3063,3427982,8162.2
rv3063,3428067,2858.5
rv3063,3428131,5273.4
rv3063,3428185,738.5
rv3063,3428289,3.5
rv3063,3428440,0
rv3063,3428477,7191.7
rv3063,3428483,4806.8
rv3063,3428513,10099.199999999999
rv3063,3428515,6731.8
rv3063,3428544,1801.4
rv3063,3428575,3280.6
rv3063,3428755,718.8000000000001
rv3063,3429092,10.1
rv3063,3429099,3224.5
rv3063,3429178,772.5
rv3063,3429199,1771.7
rv3063,3429350,551.8
rv3063,3429383,783.3
rv3063,3429444,1511.7
rv3063,3429514,2818.7
rv3065,3430390,9111.9
rv3065,3430394,11659
rv3065,3430396,6714.4000000000005
rv3065,3430490,1416.7
rv3065,3430498,1113.4
rv3065,3430561,2367.1
rv3065,3430584,231
rv3065,3430610,875.6
rv3065,3430631,482.9
rv3068c,3432058,2374.6
rv3068c,3432067,5617.1
rv3068c,3432277,3381.3
rv3068c,3432292,1171.9
rv3068c,3432313,394.59999999999997
rv3068c,3432329,1171.8
rv3068c,3432399,1243.3
rv3068c,3432504,763.9
rv3068c,3432613,4658
rv3068c,3432619,5733.1
rv3068c,3432640,6865.9
rv3068c,3432647,1993.7
rv3068c,3432678,4285.8
rv3068c,3432724,642
rv3068c,3432867,1501
rv3068c,3432898,1528.9
rv3068c,3432965,0
rv3068c,3432994,2598
rv3068c,3433006,829.3
rv3068c,3433029,30.2
rv3068c,3433098,45.3
rv3068c,3433147,2224.5
rv3068c,3433231,3376.1
rv3068c,3433270,1249.4
rv3068c,3433317,1237.8
rv3068c,3433332,0
rv3068c,3433408,732.4
rv3068c,3433418,1929.8999999999999
rv3068c,3433439,8562.4
rv3068c,3433443,6651.4
rv3068c,3433540,2213.8
rv3068c,3433543,5877
rv3078,3441363,2853.3
rv3078,3441403,27.2
rv3078,3441541,61.1
rv3078,3441563,1939.2
rv3078,3441572,902.1
rv3078,3441622,685.5999999999999
rv3080c,3442654,669.8
rv3080c,3442713,30.2
rv3080c,3442772,1959
rv3080c,3442779,2673.6
rv3080c,3442814,358.09999999999997
rv3080c,3442995,207.4
rv3080c,3443069,800.3
rv3080c,3443146,519.8
rv3080c,3443161,724.8
rv3080c,3443194,942
rv3080c,3443242,80.19999999999999
rv3080c,3443337,55.7
rv3080c,3443395,2202
rv3080c,3443428,71.8
rv3080c,3443455,1774.3
rv3080c,3443457,2962.7
rv3080c,3443926,205.5
rv3080c,3444180,950.9
rv3080c,3444344,3672.2
rv3080c,3444350,2178.2000000000003
rv3080c,3444425,0
rv3080c,3444459,104.8
rv3080c,3444667,632.4
rv3080c,3444979,1554.1000000000001
rv3080c,3445031,333.1
rv3080c,3445315,246.39999999999998
rv3080c,3445363,2272.9
rv3080c,3445507,24.5
rv3080c,3445523,1910.7
rv3080c,3445672,1928.1000000000001
rv3080c,3445818,3798.1
rv3080c,3445864,263.9
rv3080c,3445937,834.8
rv3082c,3447423,4999.9
rv3082c,3447432,64.5
rv3082c,3447495,609.6
rv3082c,3447525,2310.7999999999997
rv3082c,3447546,2813.5
rv3082c,3447744,243.3
rv3082c,3447759,40.3
rv3082c,3447808,38
rv3082c,3447865,983.7
rv3082c,3447885,10.1
rv3082c,3447996,628.7
rv3082c,3448011,437.6
rv3082c,3448038,502
rv3082c,3448066,929.4
rv3082c,3448107,2098
rv3082c,3448113,736.9
rv3082c,3448172,0
rv3082c,3448214,1571.9
rv3082c,3448380,2066.2
rv3084,3450025,520.5
rv3084,3450028,3525.9
rv3084,3450068,312.6
rv3084,3450213,717.3
rv3084,3450231,922
rv3084,3450255,29
rv3084,3450315,1763
rv3084,3450339,389.8
rv3084,3450372,1064.1
rv3084,3450612,858.9
rv3084,3450616,1996.7
rv3084,3450644,52.1
rv3084,3450657,1155.6000000000001
rv3084,3450910,408.7
rv3086,3451797,632.2
rv3086,3451877,2812.2
rv3086,3451929,2307.5
rv3086,3452063,160.3
rv3086,3452348,1528.2
rv3086,3452404,4635.9
rv3086,3452408,2617.1
rv3086,3452735,3307.1
rv3086,3452762,377.3
rv3086,3452807,2543.9
rv3086,3452834,489.5
rv3089,3455818,794.7
rv3089,3455851,695
rv3089,3455971,1045.1
rv3089,3455996,2.2
rv3089,3456006,1585.8
rv3089,3456076,2895
rv3089,3456152,530.6
rv3089,3456244,3887.7
rv3089,3456285,3658.2999999999997
rv3089,3456343,0
rv3089,3456362,614.3
rv3089,3456495,729.9
rv3089,3456577,433.40000000000003
rv3089,3456625,4408.5
rv3089,3456658,1051.5
rv3089,3456841,1457.7
rv3089,3456928,387.9
rv3089,3456934,3145.2
rv3089,3456985,10.1
rv3089,3457135,676.8000000000001
rv3089,3457159,2850.3
rv3089,3457246,126.9
rv3100c,3469312,514.6
rv3100c,3469440,0
rv3100c,3469569,0
rv3100c,3469716,0
rv3101c,3469784,0
rv3101c,3469796,0
rv3101c,3469810,2374.1
rv3101c,3469814,0
rv3101c,3469883,185.5
rv3101c,3469913,711.3
rv3101c,3469969,10.1
rv3101c,3470014,871
rv3101c,3470033,474
rv3101c,3470085,620.9
rv3101c,3470087,1101.8
rv3101c,3470250,555.6999999999999
rv3101c,3470369,2501.4
rv3101c,3470385,60.4
rv3101c,3470434,5.8
rv3101c,3470454,427.5
rv3101c,3470522,3128
rv3101c,3470562,1243
rv3101c,3470656,1537.6
rv3102c,3470678,882.9
rv3102c,3470693,189.9
rv3102c,3470716,358.1
rv3102c,3470827,1721.5
rv3102c,3470844,777
rv3102c,3470890,1481
rv3102c,3471074,1876.3
rv3102c,3471142,689.7
rv3102c,3471335,270.8
rv3105c,3472776,6163.5999999999995
rv3105c,3472859,0
rv3105c,3472889,0
rv3105c,3472904,0
rv3105c,3472920,0
rv3105c,3472975,0
rv3105c,3473070,10.1
rv3105c,3473147,11
rv3105c,3473312,0
rv3105c,3473369,11
rv3105c,3473396,0
rv3105c,3473421,0
rv3105c,3473423,0
rv3105c,3473510,0
rv3105c,3473636,0
rv3105c,3473668,0
rv3105c,3473893,166.89999999999998
rv3106,3474013,7808.8
rv3106,3474016,10140.6
rv3106,3474292,1498.8999999999999
rv3106,3474307,3045.5
rv3106,3474369,393.5
rv3106,3474397,1911.7
rv3106,3474425,2204.7
rv3106,3474455,4683.2
rv3106,3474459,737.9
rv3106,3474482,1061.2
rv3106,3474534,102.3
rv3106,3474560,608
rv3106,3474573,62.3
rv3106,3474702,631.9
rv3106,3474766,2030.8
rv3106,3474973,59.4
rv3106,3475066,2473
rv3106,3475232,638
rv3107c,3475478,1946.4
rv3107c,3475524,589.8
rv3107c,3475610,1447.9
rv3107c,3475619,1574.9
rv3107c,3475622,2674.9
rv3107c,3475643,1221.8
rv3107c,3475669,647
rv3107c,3475684,1550.5
rv3107c,3475729,1221.5
rv3107c,3475734,1076.1
rv3107c,3475779,50
rv3107c,3475811,184
rv3107c,3475875,115.2
rv3107c,3475887,352.7
rv3107c,3475954,303.5
rv3107c,3476063,970.2
rv3107c,3476316,69.7
rv3107c,3476322,1694.6000000000001
rv3107c,3476324,9301.2
rv3107c,3476591,818.7
rv3107c,3476723,578
rv3107c,3476893,452.5
rv3109,3477651,47.800000000000004
rv3109,3477657,176.20000000000002
rv3109,3477669,245.7
rv3109,3477674,648.6999999999999
rv3109,3477698,0
rv3109,3477731,669.1
rv3109,3477744,18.1
rv3109,3477772,0
rv3109,3477777,0
rv3109,3477793,268
rv3109,3477821,20.1
rv3109,3477848,47.3
rv3109,3477872,0
rv3109,3477876,393.6
rv3109,3477929,483.7
rv3109,3477980,527.4
rv3109,3478041,235.9
rv3109,3478068,1839.9
rv3109,3478097,359.8
rv3109,3478107,3008.5
rv3109,3478110,795.3000000000001
rv3109,3478119,10.1
rv3109,3478134,18.6
rv3109,3478161,82.2
rv3109,3478175,10.1
rv3109,3478245,0
rv3109,3478270,178.3
rv3109,3478317,58.1
rv3109,3478354,78.9
rv3109,3478362,17.6
rv3109,3478386,0
rv3109,3478405,79
rv3109,3478425,100.5
rv3109,3478437,247.2
rv3109,3478502,1572.7
rv3109,3478519,986.9
rv3109,3478526,217.79999999999998
rv3109,3478533,100.80000000000001
rv3109,3478541,836.3
rv3109,3478673,2149.1
rv3109,3478682,3958.2000000000003
rv3109,3478723,1826.1000000000001
rv3110,3478846,11701.9
rv3110,3478906,2215.7
rv3110,3478988,0
rv3110,3479002,8.8
rv3110,3479012,49.5
rv3110,3479030,70.1
rv3110,3479038,285.5
rv3110,3479088,380.40000000000003
rv3110,3479136,2056.7
rv3112,3479702,0
rv3112,3479718,37.8
rv3112,3479767,256.2
rv3112,3479783,496.8
rv3112,3479823,2.9
rv3112,3479854,3408.2999999999997
rv3112,3479935,391.8
rv3116,3482807,1004.9
rv3116,3482836,2967.6
rv3116,3482862,0
rv3116,3482903,3096.1
rv3116,3482910,1012.1
rv3116,3482947,3403.9
rv3116,3482970,1276.5
rv3116,3483051,1346.1
rv3116,3483062,609.3
rv3116,3483118,45.3
rv3116,3483208,238.4
rv3116,3483247,3502.5
rv3116,3483265,192
rv3116,3483316,1848.2
rv3116,3483380,1908.7
rv3116,3483419,1826.1000000000001
rv3116,3483441,111.4
rv3116,3483481,7980.9
rv3116,3483502,5878.1
rv3116,3483575,3002.5
rv3116,3483623,3708.7
rv3116,3483740,707.8
rv3116,3483773,1205.8
rv3116,3483782,316.6
rv3116,3483808,3121.3
rv3116,3483842,328.1
rv3116,3483894,70.4
rv3116,3483937,17017.5
rv3116,3483940,13414.699999999999
rv3117,3484070,11581
rv3117,3484084,14296.4
rv3117,3484217,1821.8
rv3117,3484247,1151.1
rv3117,3484253,3863.8
rv3117,3484259,4458
rv3117,3484271,6774.4
rv3117,3484373,9537.8
rv3117,3484393,1238.5
rv3117,3484622,4702.3
rv3117,3484638,3945.6
rv3117,3484664,11630.6
rv3117,3484716,1809.7
rv3117,3484742,4988.9
rv3117,3484763,10744.9
rv3119,3485142,1580.3
rv3119,3485156,2809.8
rv3119,3485162,5502.6
rv3119,3485205,720.6999999999999
rv3119,3485244,3295.1
rv3119,3485300,1890.9
rv3119,3485309,11010.599999999999
rv3119,3485434,110.1
rv3119,3485482,3669.2
rv3119,3485488,7796.7
rv3119,3485500,3626.7
rv3119,3485563,3599.4
rv3121,3486600,348.4
rv3121,3486609,5141
rv3121,3486660,5897.5
rv3121,3486813,3635.1
rv3121,3486918,3546.4
rv3121,3486921,10366
rv3121,3486931,0
rv3121,3486957,3506.6
rv3121,3487086,6294
rv3121,3487122,11286.2
rv3121,3487126,19609.4
rv3121,3487277,3214.9
rv3121,3487329,318.1
rv3121,3487339,0
rv3121,3487407,73.5
rv3121,3487429,85.7
rv3121,3487435,558.4
rv3121,3487447,0
rv3121,3487498,117.7
rv3121,3487515,598
rv3121,3487526,15.8
rv3121,3487556,72
rv3121,3487594,223.8
rv3121,3487654,671.2
rv3121,3487662,2556.1
rv3121,3487693,1278
rv3125c,3490474,1011.8
rv3125c,3490562,5616.2
rv3125c,3490580,2999.7
rv3125c,3490583,13126.1
rv3125c,3490610,6878.5999999999995
rv3125c,3490655,60.9
rv3125c,3490704,387.2
rv3125c,3490761,485
rv3125c,3490800,477.3
rv3125c,3490820,734.2
rv3125c,3490844,2028.3
rv3125c,3490878,6400.2
rv3125c,3490904,1757.8
rv3125c,3490920,4.3
rv3125c,3491093,41.6
rv3125c,3491118,980.2
rv3125c,3491138,7738.4000000000005
rv3125c,3491182,2146.8
rv3125c,3491224,1443.4
rv3125c,3491280,387.9
rv3125c,3491428,3527.3
rv3125c,3491541,847.3000000000001
rv3132c,3497577,247
rv3132c,3497634,276.8
rv3132c,3497871,2.2
rv3132c,3497906,102.9
rv3132c,3497932,1202.8999999999999
rv3132c,3497955,249.6
rv3132c,3497957,483.3
rv3132c,3497976,110.7
rv3132c,3498011,385.9
rv3132c,3498095,111.6
rv3132c,3498114,458.7
rv3132c,3498258,38.3
rv3132c,3498263,359.3
rv3132c,3498501,32.1
rv3132c,3498635,56.7
rv3132c,3498646,357.4
rv3132c,3498671,0
rv3132c,3498751,853.1
rv3132c,3498789,18.1
rv3132c,3498803,1393
rv3132c,3498820,819.1
rv3132c,3498870,2.9
rv3132c,3498909,1030.7
rv3132c,3498921,560.5
rv3132c,3498964,938.9
rv3132c,3498978,188.1
rv3132c,3499007,66.89999999999999
rv3132c,3499015,212.9
rv3132c,3499052,354.4
rv3132c,3499059,425.6
rv3132c,3499188,1765.2
rv3133c,3499307,25.799999999999997
rv3133c,3499362,2525.7
rv3133c,3499385,417.3
rv3133c,3499429,507
rv3133c,3499442,1220
rv3133c,3499462,277.70000000000005
rv3133c,3499472,189
rv3133c,3499611,1449.9
rv3133c,3499640,3900
rv3133c,3499662,1924.1
rv3133c,3499823,1120.1
rv3133c,3499907,1899.3
rv3135,3501337,3016
rv3135,3501347,2908.7
rv3135,3501372,3415.4
rv3135,3501376,5354.4
rv3135,3501443,2151.2
rv3135,3501463,3859.2999999999997
rv3135,3501492,983.9
rv3135,3501544,2467.2000000000003
rv3135,3501591,0
rv3136,3501807,98.4
rv3136,3501836,945.7
rv3136,3501923,2016.1000000000001
rv3136,3502004,2680.8
rv3136,3502006,425.8
rv3136,3502019,1522.3
rv3136,3502091,1518.6
rv3136,3502119,30.2
rv3136,3502134,296.1
rv3136,3502143,1419.4
rv3136,3502208,2046.5
rv3136,3502244,4688.2
rv3136,3502250,320
rv3136,3502458,519.9
rv3136,3502469,351.7
rv3136,3502479,1764
rv3136,3502539,2116.8
rv3136,3502722,1318.9
rv3136,3502836,681.4
rv3136,3502878,497.59999999999997
rv3136,3502886,126.6
rv3136,3502931,639.7
rv3138,3504262,5709.6
rv3138,3504351,178
rv3138,3504362,113
rv3138,3504485,4130.8
rv3138,3504588,675.1
rv3138,3504615,565.3
rv3138,3504628,144.4
rv3138,3504681,4072.8
rv3138,3504711,98.1
rv3138,3504742,3841.9
rv3138,3504765,135.79999999999998
rv3138,3504816,838.1
rv3138,3504875,1950.2
rv3138,3504972,5125.9
rv3138,3504995,661.2
rv3138,3505059,1271
rv3138,3505140,8490.5
rv3138,3505147,809.8000000000001
rv3138,3505155,8211.3
rv3138,3505194,660.8
rv3138,3505212,4894.1
rv3139,3505416,911
rv3139,3505490,1047.1000000000001
rv3139,3505525,1004.3000000000001
rv3139,3505561,647.4
rv3139,3505669,1410.8
rv3139,3505739,1276.7
rv3139,3505780,782.3
rv3139,3505821,45.3
rv3139,3505854,64.2
rv3139,3505909,973.5
rv3139,3506002,1475.5
rv3139,3506069,716.1
rv3139,3506119,1.3
rv3139,3506175,1893.5
rv3139,3506322,35.4
rv3139,3506362,394.2
rv3139,3506415,913.6999999999999
rv3139,3506437,1418.3
rv3139,3506449,1269.5
rv3139,3506612,50.8
rv3139,3506686,927.3
rv3139,3506716,9.2
rv3139,3506764,484.70000000000005
rv3140,3506794,240.4
rv3140,3506872,0
rv3140,3506883,1151.8
rv3140,3506904,492.40000000000003
rv3140,3507043,530.1
rv3140,3507096,880.6999999999999
rv3140,3507110,2.9
rv3140,3507130,209.70000000000002
rv3140,3507252,1921.3
rv3140,3507353,907
rv3140,3507434,770.4
rv3140,3507464,144.5
rv3140,3507481,344.5
rv3140,3507608,745.9
rv3140,3507642,613.6
rv3140,3507717,2926.3
rv3140,3507721,3431.8
rv3140,3507851,129.4
rv3140,3507858,0
rv3140,3507990,1821.3
rv3141,3508102,8.6
rv3141,3508222,912.3
rv3141,3508236,204.3
rv3141,3508242,224.1
rv3141,3508307,50.3
rv3141,3508381,1300.5
rv3141,3508467,1108.5
rv3141,3508561,1690.9
rv3141,3508681,461.6
rv3141,3508720,5334.3
rv3141,3508828,219.20000000000002
rv3141,3508867,678.5
rv3141,3508939,5282.3
rv3141,3508977,886
rv3141,3509044,3334.2
rv3141,3509047,4804.6
rv3141,3509061,282.2
rv3144c,3510121,566
rv3144c,3510133,3411.6
rv3144c,3510223,5445.1
rv3144c,3510262,620.6
rv3144c,3510435,4954.1
rv3144c,3510525,2490.8
rv3144c,3510586,3554.7
rv3144c,3510616,169.6
rv3144c,3510627,527.3000000000001
rv3144c,3510647,442.7
rv3144c,3510666,46.3
rv3144c,3510729,684.7
rv3144c,3510759,934.6
rv3144c,3510851,2058.5
rv3144c,3510854,1441
rv3144c,3510896,4470.1
rv3144c,3511100,924.9
rv3145,3511688,8927.7
rv3145,3511692,9617.1
rv3145,3511704,981.8
rv3145,3511799,619.1
rv3145,3511822,562.5
rv3145,3511886,5044
rv3145,3511889,3834.3
rv3145,3511940,344.3
rv3145,3511958,962
rv3145,3511998,1805.1
rv3145,3512024,616.3
rv3145,3512030,6343.9
rv3146,3512137,3817.6
rv3146,3512321,9.2
rv3146,3512335,1460.5
rv3146,3512410,3299.2
rv3146,3512455,5314.8
rv3146,3512459,1193.2
rv3146,3512537,3428.4
rv3146,3512541,2733.4
rv3146,3512559,194.3
rv3147,3512739,0
rv3147,3512790,357.7
rv3147,3512799,44.6
rv3147,3512810,654.6
rv3147,3512886,352.1
rv3147,3512923,970.7
rv3147,3513003,513.5
rv3147,3513039,838.5
rv3147,3513132,243
rv3147,3513165,1259.6000000000001
rv3147,3513258,1631.3
rv3147,3513285,1334.1
rv3147,3513301,709.9
rv3147,3513327,1936.2
rv3148,3513481,320
rv3148,3513501,72.6
rv3148,3513554,1426.8
rv3148,3513587,419.79999999999995
rv3148,3513593,246.4
rv3148,3513632,230.2
rv3148,3513662,137.9
rv3148,3513705,1047
rv3148,3513893,1349.8
rv3148,3513924,358.4
rv3148,3514046,875.3
rv3148,3514092,50
rv3148,3514139,1349.6000000000001
rv3148,3514148,771.4
rv3148,3514157,358
rv3148,3514196,444.6
rv3148,3514205,26.5
rv3148,3514269,827.7
rv3148,3514454,2279
rv3148,3514491,861
rv3148,3514523,108.6
rv3148,3514535,186.4
rv3149,3514747,759.4
rv3149,3514760,1732.6
rv3149,3514804,0
rv3149,3514864,1759.5
rv3149,3514945,3380.2
rv3149,3514954,2334.6
rv3149,3514978,3438.6
rv3149,3515134,589
rv3149,3515294,517.2
rv3150,3515487,1384.3
rv3150,3515505,0
rv3150,3515514,382.6
rv3150,3515584,397.6
rv3150,3515673,324.7
rv3150,3515708,78.9
rv3150,3515778,543.9
rv3150,3515808,541.1999999999999
rv3150,3515812,1404.1000000000001
rv3150,3515833,27.2
rv3150,3515868,528.7
rv3150,3515884,1143.2
rv3150,3515929,1490
rv3150,3515949,5410.2
rv3150,3516045,1425.2
rv3150,3516165,719.8
rv3150,3516201,491.2
rv3150,3516221,692.2
rv3150,3516243,497.6
rv3150,3516345,1782.4
rv3150,3516450,3083.9
rv3150,3516509,952.8000000000001
rv3150,3516516,2114.6
rv3150,3516542,105.7
rv3150,3516666,312
rv3151,3516774,10.1
rv3151,3517138,0
rv3151,3517177,97.60000000000001
rv3151,3517294,631.3000000000001
rv3151,3517327,1907.2
rv3151,3517331,632.4
rv3151,3517355,1193.2
rv3151,3517398,2.6
rv3151,3517412,4.3
rv3151,3517592,896.7
rv3151,3517769,81.5
rv3151,3517775,18.9
rv3151,3517885,99.39999999999999
rv3151,3517898,240.29999999999998
rv3151,3517980,436.5
rv3151,3518015,604.5
rv3151,3518163,1019.7
rv3151,3518187,143
rv3151,3518224,186.7
rv3151,3518307,23.200000000000003
rv3151,3518368,419.5
rv3151,3518461,0
rv3151,3518551,1715.6
rv3151,3518636,59.4
rv3151,3518641,2953.3
rv3151,3518785,1106.8
rv3151,3518918,2458.3
rv3151,3518929,2.6
rv3151,3518949,747.4
rv3151,3518965,0
rv3152,3519334,643.5
rv3152,3519517,473.09999999999997
rv3152,3519519,287.4
rv3152,3519625,777.1999999999999
rv3152,3519679,921.7
rv3152,3519681,3121.7
rv3152,3519720,816.4
rv3152,3519765,2442.2999999999997
rv3152,3519806,1195
rv3152,3519861,1795.3
rv3152,3519894,2664.5
rv3152,3519905,2030.7
rv3152,3519984,432.2
rv3152,3520023,1263.9
rv3152,3520031,2639.4
rv3152,3520037,739.8
rv3152,3520063,1864.1000000000001
rv3152,3520151,614.6
rv3152,3520176,2917.7000000000003
rv3152,3520193,187.5
rv3152,3520212,398.1
rv3152,3520243,1368.7
rv3152,3520297,747.1
rv3152,3520311,460.9
rv3152,3520317,1430.2
rv3152,3520340,1219
rv3152,3520477,206.9
rv3152,3520509,442.5
rv3153,3520547,92.19999999999999
rv3153,3520590,1174.9
rv3153,3520595,710.5
rv3153,3520607,89.2
rv3153,3520622,39.3
rv3153,3520663,670.3
rv3153,3520685,83.3
rv3153,3520696,477.9
rv3153,3520723,0
rv3153,3520792,2437.9
rv3153,3520812,184.5
rv3153,3520846,288.2
rv3153,3520858,230.8
rv3153,3520866,939.8
rv3153,3520870,2191.9
rv3153,3520936,4189.9
rv3153,3520942,964.4
rv3153,3520978,793.8000000000001
rv3153,3521058,248
rv3153,3521065,3874.7999999999997
rv3153,3521068,4766
rv3153,3521072,3552.9
rv3154,3521262,824.1
rv3154,3521310,7550.2
rv3154,3521358,1781.7
rv3154,3521539,440
rv3154,3521598,785.9
rv3154,3521636,404.7
rv3154,3521662,124
rv3154,3521766,951.6
rv3154,3521817,1427
rv3154,3521905,606.5
rv3155,3521936,754.2
rv3155,3521942,469.4
rv3155,3521958,2509.9
rv3155,3522043,14.7
rv3155,3522172,0
rv3155,3522207,531.6999999999999
rv3156,3522255,2776.1
rv3156,3522454,91.6
rv3156,3522555,2273.5
rv3156,3522567,2398.5
rv3156,3522606,653.4
rv3156,3522657,4485.8
rv3156,3522669,1229.9
rv3156,3522702,1441
rv3156,3522723,376.5
rv3156,3522793,392.59999999999997
rv3156,3522803,1704
rv3156,3522818,431.1
rv3156,3522840,957.5
rv3156,3522862,1205.3
rv3156,3523032,3610.2000000000003
rv3156,3523059,2012.7
rv3156,3523181,166.5
rv3156,3523194,581.2
rv3156,3523230,0
rv3156,3523282,550.3
rv3156,3523341,234.6
rv3156,3523395,659
rv3156,3523406,89.8
rv3156,3523414,0
rv3156,3523536,1143.5
rv3156,3523796,39.5
rv3156,3523809,263.8
rv3156,3523818,906
rv3156,3523893,3701.3
rv3156,3523991,32.1
rv3156,3524060,103.89999999999999
rv3156,3524064,641.8000000000001
rv3156,3524071,0
rv3156,3524083,287.8
rv3156,3524095,595.6
rv3157,3524134,307.2
rv3157,3524199,1064.8
rv3157,3524236,478.6
rv3157,3524309,91.39999999999999
rv3157,3524337,0
rv3157,3524357,283.1
rv3157,3524359,54.3
rv3157,3524486,704.9
rv3157,3524555,889.4
rv3157,3524627,900.8
rv3157,3524660,1546.4
rv3157,3524726,833.4
rv3157,3524774,1500.4
rv3157,3524792,394.2
rv3157,3524849,0
rv3157,3525032,119.6
rv3157,3525065,1395.1
rv3157,3525110,1426.3
rv3157,3525161,301.4
rv3157,3525242,2377.5
rv3157,3525300,101
rv3157,3525332,149.79999999999998
rv3157,3525399,212.3
rv3157,3525414,70.4
rv3157,3525424,645
rv3157,3525464,234.7
rv3157,3525490,27.8
rv3157,3525515,984.1
rv3157,3525530,380.7
rv3157,3525555,0
rv3157,3525576,272.59999999999997
rv3157,3525630,145.5
rv3157,3525647,119.69999999999999
rv3158,3525814,756.5
rv3158,3525901,475.8
rv3158,3526013,594.8
rv3158,3526052,2827
rv3158,3526055,2346.2
rv3158,3526164,442.1
rv3158,3526331,1635.1000000000001
rv3158,3526345,2325.3
rv3158,3526405,3064.5
rv3158,3526444,744.8
rv3158,3526460,6903.5999999999995
rv3158,3526462,1099.8
rv3158,3526494,220.9
rv3158,3526568,1842.5
rv3158,3526571,7179.6
rv3158,3526618,3218.7000000000003
rv3158,3526702,5796.5
rv3158,3526793,379.2
rv3158,3526815,6598.7
rv3158,3526825,1520.6
rv3158,3526853,5238.4
rv3158,3526857,2066.1
rv3158,3526875,207.7
rv3158,3526906,2852
rv3158,3526918,2113
rv3158,3527037,3496.7999999999997
rv3158,3527124,185.3
rv3158,3527159,1159.3999999999999
rv3158,3527194,3232.9
rv3158,3527200,7762.7
rv3158,3527297,1101.5
rv3158,3527306,1462.1000000000001
rv3159c,3527389,208
rv3159c,3527549,1442
rv3159c,3527551,5364.8
rv3159c,3527585,1881.2
rv3159c,3527620,78.6
rv3159c,3527645,288.1
rv3159c,3527756,1260.5
rv3159c,3527786,102.60000000000001
rv3159c,3527792,250.6
rv3159c,3527820,175.4
rv3159c,3527879,163.3
rv3159c,3527936,819
rv3159c,3528095,0
rv3159c,3528114,426
rv3159c,3528215,0
rv3159c,3528308,754.1
rv3159c,3528437,149.20000000000002
rv3159c,3528506,338
rv3159c,3528510,3285.9
rv3159c,3528547,4005.7000000000003
rv3159c,3528700,799.1999999999999
rv3159c,3528742,8719.8
rv3159c,3528818,2900.9
rv3159c,3528946,649.1
rv3159c,3529112,595
rv3159c,3529130,1086.4
rv3159c,3529153,1366.5
rv3164c,3532941,1042.3
rv3164c,3532951,221.3
rv3164c,3533087,167
rv3164c,3533094,897.2
rv3164c,3533194,57.8
rv3164c,3533217,3526.7
rv3164c,3533370,1226.9
rv3164c,3533424,4928.5
rv3164c,3533436,247.5
rv3164c,3533485,0
rv3164c,3533599,65.9
rv3164c,3533640,2361.5
rv3164c,3533896,906
rv3170,3538641,0
rv3170,3538672,9
rv3170,3538802,898
rv3170,3539066,1139.4
rv3170,3539070,1718.8
rv3170,3539345,922.5
rv3170,3539393,1114.2
rv3170,3539402,444.70000000000005
rv3170,3539432,48.199999999999996
rv3170,3539550,149.4
rv3170,3539630,130.4
rv3170,3539639,0
rv3170,3539650,0
rv3170,3539688,0
rv3170,3539711,291.5
rv3170,3539724,1015.3000000000001
rv3170,3539786,148.1
rv3170,3539844,2504.3
rv3171c,3540020,179.5
rv3171c,3540032,3585.8
rv3171c,3540092,6814.1
rv3171c,3540159,2586.6
rv3171c,3540227,921
rv3171c,3540411,23.5
rv3171c,3540436,2022
rv3171c,3540490,260.3
rv3171c,3540537,302
rv3171c,3540600,217.1
rv3171c,3540627,1701.1
rv3171c,3540678,0
rv3171c,3540710,1345.5
rv3176c,3544367,5343.9
rv3176c,3544671,1759.5
rv3176c,3544678,71.5
rv3176c,3544784,1480.4
rv3176c,3544786,1012.3
rv3176c,3544924,4381.4
rv3176c,3544953,0
rv3176c,3545008,1049
rv3176c,3545014,415.6
rv3176c,3545050,1492.3
rv3176c,3545059,2948.6
rv3176c,3545116,2996.2
rv3176c,3545178,2664.1
rv3176c,3545230,922
rv3197a,3568399,2315.5
rv3197a,3568467,5101.1
rv3197a,3568563,792.7
rv3197a,3568583,38.2
rv3197a,3568668,243.20000000000002
rv3198c,3569146,2632.8
rv3198c,3569204,5517.5
rv3198c,3569208,8812.3
rv3198c,3569254,6440.8
rv3198c,3569390,2593.1
rv3198c,3569526,0
rv3198c,3569575,0
rv3198c,3569598,0
rv3198c,3569609,0
rv3198c,3569766,0
rv3198c,3569948,0
rv3198c,3569970,0
rv3198c,3570034,0
rv3198c,3570041,0
rv3198c,3570067,1.3
rv3198c,3570094,0
rv3198c,3570105,11
rv3198c,3570135,0
rv3198c,3570237,18.1
rv3198c,3570284,0
rv3198c,3570316,0
rv3198c,3570372,0
rv3198c,3570395,0
rv3198c,3570403,0
rv3198c,3570499,13.9
rv3198c,3570523,0
rv3198c,3570606,0
rv3198c,3570643,2.9
rv3198c,3570652,0
rv3198c,3570718,2.6
rv3198c,3570873,0
rv3198c,3570889,2.9
rv3198c,3570904,0
rv3198c,3571149,0
rv3198c,3571200,60.4
rv3199c,3571659,2063.3
rv3199c,3571809,879
rv3199c,3571846,1012.6
rv3199c,3572033,9.5
rv3199c,3572112,1886.3
rv3199c,3572232,8968.7
rv3199c,3572310,1951.6
rv3199c,3572529,4470.1
rv3203,3580678,2288.9
rv3203,3580764,77.1
rv3203,3580801,830
rv3203,3580884,0
rv3203,3580922,471.4
rv3203,3581039,101.7
rv3203,3581050,1984.6
rv3203,3581075,1186.7
rv3203,3581162,2492.3
rv3203,3581202,2539.7
rv3203,3581220,1162.8
rv3203,3581223,2964.6
rv3203,3581306,167
rv3206c,3582529,6235.2
rv3206c,3582532,12697.6
rv3206c,3582591,0
rv3206c,3582661,0
rv3206c,3582749,0
rv3206c,3582800,0
rv3206c,3582901,0
rv3206c,3582961,0
rv3206c,3582982,0
rv3206c,3583014,0
rv3206c,3583073,0
rv3206c,3583135,2.8
rv3206c,3583147,0
rv3206c,3583210,0
rv3206c,3583228,0
rv3206c,3583267,0
rv3206c,3583309,0
rv3206c,3583359,0
rv3206c,3583437,0
rv3206c,3583528,0
rv3206c,3583533,0
rv3206c,3583572,0
rv3206c,3583639,9.1
rv3206c,3583647,0
rv3206c,3583683,0
rv3208a,3585770,2115
rv3208a,3585793,455.1
rv3208a,3585871,2243.6
rv3208a,3585927,818.5
rv3211,3587855,44
rv3211,3587867,25.4
rv3211,3587898,8.3
rv3211,3588062,129.9
rv3211,3588086,82.1
rv3211,3588121,111.8
rv3211,3588161,83.5
rv3211,3588190,45.6
rv3211,3588205,109.8
rv3211,3588227,35.4
rv3211,3588311,0
rv3211,3588369,0
rv3211,3588483,20.1
rv3211,3588541,65.3
rv3211,3588572,165.9
rv3211,3588761,335.3
rv3211,3588810,11
rv3211,3588826,179.7
rv3211,3588853,272.8
rv3211,3588991,271.6
rv3211,3589012,82.9
rv3211,3589047,60.4
rv3211,3589131,405.3
rv3211,3589371,330
rv3214,3591668,2728.8
rv3214,3591723,0
rv3214,3591744,0
rv3214,3591819,1068
rv3214,3591843,699.1
rv3214,3591878,826.1
rv3214,3591904,150.9
rv3214,3591913,2187.4
rv3214,3591924,2939
rv3214,3592007,395.2
rv3214,3592124,881.7
rv3215,3592344,11.7
rv3215,3592385,0
rv3215,3592396,36.5
rv3215,3592510,4.1
rv3215,3592545,23
rv3215,3592663,47.3
rv3215,3592701,0
rv3215,3592707,24.9
rv3215,3592879,2.6
rv3215,3592936,0
rv3215,3592942,19.400000000000002
rv3215,3592951,36.4
rv3215,3593080,38.800000000000004
rv3215,3593163,27.2
rv3215,3593219,0
rv3215,3593341,0
rv3219,3595768,0
rv3219,3595820,0
rv3219,3595865,0
rv3219,3595952,18.1
rv3221c,3597549,3016
rv3221c,3597565,0
rv3221c,3597599,8.8
rv3223c,3598964,355.20000000000005
rv3223c,3599026,1600.7
rv3223c,3599052,1940.8
rv3223c,3599076,2407.7
rv3223c,3599079,3576.6
rv3223c,3599150,946.0999999999999
rv3223c,3599238,1724.2
rv3223c,3599268,4165.9
rv3223c,3599280,6564.7
rv3223c,3599294,14.399999999999999
rv3223c,3599301,188.2
rv3223c,3599323,913.5
rv3223c,3599352,6120.6
rv3223c,3599427,1953.6
rv3223c,3599528,3328.6
rv3227,3603418,0
rv3227,3603468,0
rv3227,3603807,0
rv3227,3604162,0
rv3227,3604268,0
rv3227,3604365,0
rv3227,3604514,0
rv3227,3604664,29.6
rv3240c,3617680,152.2
rv3240c,3617756,391.4
rv3240c,3617845,740
rv3240c,3617886,910.4
rv3240c,3618094,0
rv3240c,3618109,0
rv3240c,3618152,0
rv3240c,3618166,11
rv3240c,3618178,0
rv3240c,3618197,1.3
rv3240c,3618204,0
rv3240c,3618289,0
rv3240c,3618312,0
rv3240c,3618403,0
rv3240c,3618454,9.1
rv3240c,3618481,0
rv3240c,3618562,2.8
rv3240c,3618598,0
rv3240c,3618781,11
rv3240c,3618877,0
rv3240c,3618897,0
rv3240c,3618964,0
rv3240c,3619138,0
rv3240c,3619195,0
rv3240c,3619249,0
rv3240c,3619282,0
rv3240c,3619303,0
rv3240c,3619372,0
rv3240c,3619435,0
rv3240c,3619447,0
rv3240c,3619540,0
rv3240c,3619609,0
rv3240c,3619660,0
rv3240c,3619690,0
rv3240c,3619764,0
rv3240c,3619777,0
rv3240c,3619825,11
rv3240c,3619918,0
rv3240c,3619975,0
rv3240c,3619994,0
rv3240c,3620005,0
rv3240c,3620021,0
rv3240c,3620023,13.9
rv3240c,3620123,0
rv3240c,3620131,0
rv3240c,3620182,0
rv3240c,3620461,0
rv3244c,3623168,1.3
rv3244c,3623201,0
rv3244c,3623241,0
rv3244c,3623271,0
rv3244c,3623357,11
rv3244c,3623361,3.5
rv3244c,3623469,5.7
rv3244c,3623657,0
rv3244c,3623680,0
rv3244c,3623855,0
rv3244c,3624069,0
rv3244c,3624122,0
rv3244c,3624183,0
rv3244c,3624242,10.1
rv3244c,3624262,0
rv3244c,3624354,11
rv3244c,3624399,22
rv3244c,3624417,4.5
rv3244c,3624461,0
rv3244c,3624752,0
rv3244c,3624772,0
rv3245c,3624953,0
rv3245c,3625186,8.5
rv3245c,3625218,0
rv3245c,3625259,2.8
rv3245c,3625372,12
rv3245c,3625434,10.1
rv3245c,3625590,22
rv3245c,3625646,30.5
rv3245c,3625686,45.1
rv3245c,3625726,12
rv3245c,3625942,44.9
rv3245c,3625948,16.7
rv3245c,3626024,36.7
rv3245c,3626026,30.3
rv3245c,3626111,22
rv3245c,3626117,26.1
rv3245c,3626184,11.4
rv3245c,3626304,12.899999999999999
rv3245c,3626458,0
rv3245c,3626521,27.099999999999998
rv3246c,3626679,0
rv3246c,3626776,0
rv3246c,3626793,0
rv3246c,3626801,0
rv3246c,3626827,0
rv3246c,3626927,2.9
rv3246c,3626939,0
rv3246c,3627042,0
rv3246c,3627163,0
rv3246c,3627185,0
rv3246c,3627232,0
rv3247c,3627452,18.9
rv3247c,3627525,0
rv3247c,3627567,0
rv3247c,3627737,0
rv3247c,3627753,0
rv3247c,3627774,11
rv3247c,3627798,0
rv3247c,3627870,22
rv3247c,3627945,0
rv3247c,3628055,7.9
rv3248c,3628161,0
rv3248c,3628167,0
rv3248c,3628182,0
rv3248c,3628209,0
rv3248c,3628305,0
rv3248c,3628320,11
rv3248c,3628366,0
rv3248c,3628564,0
rv3248c,3628597,0
rv3248c,3628640,0
rv3248c,3628783,0
rv3248c,3628797,0
rv3248c,3628819,0
rv3248c,3628881,0
rv3248c,3628965,0
rv3248c,3629021,0
rv3248c,3629063,0
rv3248c,3629136,11
rv3248c,3629247,0
rv3248c,3629487,0
rv3248c,3629561,0
rv3248c,3629581,0
rv3248c,3629596,2.9
rv3248c,3629644,238
rv3250c,3630517,2513.5
rv3250c,3630536,3204.2
rv3250c,3630553,2609.3
rv3251c,3630569,8091
rv3251c,3630577,8390.2
rv3251c,3630698,4585
rv3251c,3630704,4702.1
rv3251c,3630725,250.70000000000002
rv3252c,3630751,65.6
rv3252c,3630791,270.1
rv3252c,3630803,942.6
rv3252c,3630814,1191
rv3252c,3630840,4948.2
rv3252c,3630865,4172.4
rv3252c,3630889,4758.9000000000005
rv3252c,3630937,641.2
rv3252c,3630985,1982.3
rv3252c,3631048,683.8
rv3252c,3631074,965
rv3252c,3631084,2513.6
rv3252c,3631096,4250.3
rv3252c,3631110,1994.5
rv3252c,3631237,24028.8
rv3252c,3631319,686.7
rv3252c,3631423,9378.7
rv3252c,3631435,1780
rv3252c,3631517,763.2
rv3252c,3631624,5638.7
rv3252c,3631648,2406.6
rv3252c,3631663,26618.9
rv3252c,3631669,17355
rv3252c,3631678,1030.8
rv3252c,3631684,4822.7
rv3252c,3631687,17822
rv3252c,3631752,5823.2
rv3252c,3631777,8915.2
rv3252c,3631895,8489.1
rv3252c,3631906,4182.4
rv3252c,3631985,9490.6
rv3255c,3635137,0
rv3255c,3635188,0
rv3255c,3635263,0
rv3255c,3635400,0
rv3255c,3635406,0
rv3255c,3635419,0
rv3255c,3635468,0
rv3255c,3635567,0
rv3255c,3635633,0
rv3255c,3635640,0
rv3255c,3635694,0
rv3255c,3635776,0
rv3255c,3635860,0
rv3255c,3635888,0
rv3255c,3635939,0
rv3255c,3635983,0
rv3255c,3636157,11
rv3255c,3636210,0
rv3255c,3636233,11
rv3255c,3636241,0
rv3255c,3636253,0
rv3260c,3639954,0
rv3260c,3640061,11
rv3261,3640738,6143.5
rv3261,3640740,1222.8999999999999
rv3261,3640822,468.09999999999997
rv3261,3640906,10.1
rv3261,3640934,419.8
rv3261,3641000,3801.8
rv3261,3641065,37.3
rv3261,3641181,11.6
rv3261,3641266,20.4
rv3261,3641310,528.7
rv3261,3641325,45.3
rv3261,3641365,144.2
rv3261,3641390,132.8
rv3261,3641528,1274.4
rv3262,3641650,210.4
rv3262,3641675,283
rv3262,3641884,132.4
rv3262,3642057,917.1
rv3262,3642078,279.1
rv3262,3642329,161.5
rv3262,3642460,273.7
rv3262,3642523,258.8
rv3262,3642555,380
rv3262,3642577,60
rv3262,3642609,114.6
rv3262,3642673,754.6
rv3262,3642813,72.3
rv3264c,3637366,0
rv3264c,3637465,0
rv3264c,3637497,0
rv3264c,3637589,0
rv3264c,3637598,0
rv3264c,3637703,0
rv3264c,3637706,0
rv3264c,3637764,11
rv3264c,3637766,22
rv3264c,3637797,0
rv3264c,3637905,0
rv3264c,3637986,0
rv3264c,3638009,11
rv3264c,3638087,10.1
rv3264c,3638188,0
rv3264c,3638228,0
rv3264c,3638276,0
rv3264c,3638325,0
rv3264c,3638375,12.9
rv3264c,3638441,11
rv3264c,3638616,0
rv3264c,3638656,0
rv3264c,3638663,1.3
rv3264c,3638673,0
rv3264c,3644911,1220.9
rv3264c,3644949,0
rv3264c,3644964,0
rv3264c,3645192,0
rv3264c,3645319,0
rv3264c,3645334,0
rv3264c,3645340,0
rv3264c,3645445,0
rv3264c,3645504,4.5
rv3264c,3645528,2.8
rv3264c,3645647,0
rv3264c,3645733,0
rv3264c,3645744,0
rv3264c,3645796,0
rv3264c,3645803,11
rv3264c,3645878,0
rv3264c,3645926,0
rv3265c,3645991,894.1
rv3265c,3646120,0
rv3265c,3646128,0
rv3265c,3646130,22
rv3265c,3646220,0
rv3265c,3646277,11
rv3265c,3646286,0
rv3265c,3646336,0
rv3265c,3646397,0
rv3265c,3646490,0
rv3265c,3646564,0
rv3265c,3646575,0
rv3265c,3646697,11
rv3265c,3646739,0
rv3265c,3646846,0
rv3265c,3646865,0
rv3265c,3646876,0
rv3266c,3646910,178.5
rv3266c,3646982,0
rv3266c,3647031,0
rv3266c,3647155,0
rv3266c,3647229,0
rv3266c,3647331,2.9
rv3266c,3647348,0
rv3266c,3647412,0
rv3266c,3647448,0
rv3266c,3647486,0
rv3266c,3647490,0
rv3266c,3647510,0
rv3266c,3647574,0
rv3266c,3647616,0
rv3266c,3647683,0
rv3266c,3647713,2.9
rv3266c,3647783,11
rv3270,3650539,129.1
rv3270,3650658,305.3
rv3270,3650688,1071.1
rv3270,3650862,1008.5
rv3270,3650937,81.8
rv3270,3651084,2276.2
rv3270,3651271,0
rv3270,3651424,269
rv3270,3651455,3009.6
rv3270,3651788,34
rv3270,3651803,570.7
rv3270,3651834,76.2
rv3270,3652329,237.2
rv3270,3652388,0
rv3270,3652513,1858.1
rv3270,3652527,1018
rv3270,3652662,0
rv3270,3652677,811.9
rv3274c,3656944,3.9
rv3274c,3656972,489.2
rv3274c,3657000,55.3
rv3274c,3657029,72.39999999999999
rv3274c,3657052,479.9
rv3274c,3657161,65.8
rv3274c,3657231,658.1
rv3274c,3657269,205.6
rv3274c,3657303,47.5
rv3274c,3657372,0
rv3274c,3657422,177.9
rv3274c,3657563,221.6
rv3274c,3657692,379.5
rv3274c,3657852,1020.3
rv3274c,3657856,184.2
rv3274c,3657881,57.1
rv3274c,3657931,6.699999999999999
rv3274c,3658009,35.1
rv3275c,3658112,777.3
rv3275c,3658123,0
rv3275c,3658128,31.8
rv3275c,3658260,0
rv3275c,3658357,0
rv3275c,3658401,0
rv3275c,3658475,0
rv3275c,3658635,11
rv3276c,3658680,669.6
rv3276c,3658808,0
rv3276c,3658846,0
rv3276c,3658987,0
rv3276c,3659060,0
rv3276c,3659434,0
rv3276c,3659521,0
rv3276c,3659631,0
rv3276c,3659787,0
rv3279c,3661210,1699.1000000000001
rv3279c,3661245,0
rv3279c,3661375,0
rv3279c,3661452,0
rv3279c,3661554,0
rv3279c,3661593,0
rv3279c,3661853,0
rv3280,3662070,2.8
rv3280,3662210,9.1
rv3280,3662244,0
rv3280,3662248,0
rv3280,3662362,0
rv3280,3662440,0
rv3280,3662557,0
rv3280,3662565,0
rv3280,3662647,0
rv3280,3662796,0
rv3280,3662806,0
rv3280,3662839,0
rv3280,3662860,0
rv3280,3662896,0
rv3280,3662961,0
rv3280,3662992,0
rv3280,3663044,0
rv3280,3663055,0
rv3280,3663150,0
rv3280,3663204,0
rv3280,3663262,0
rv3280,3663298,0
rv3280,3663304,0
rv3280,3663352,0
rv3280,3663364,0
rv3280,3663372,0
rv3280,3663466,0
rv3280,3663541,11
rv3280,3663565,0
rv3280,3663586,0
rv3280,3663615,0
rv3280,3663625,0
rv3283,3664945,170.2
rv3283,3664964,476.6
rv3283,3665063,867.2
rv3283,3665077,752.2
rv3283,3665138,1002.7
rv3283,3665210,2674.5
rv3283,3665240,334.2
rv3283,3665366,60
rv3283,3665454,2358.6
rv3283,3665471,1876.3
rv3283,3665491,2477.2
rv3283,3665501,47.8
rv3283,3665618,1092.4
rv3283,3665628,591.8
rv3283,3665654,1353.6
rv3283,3665683,1546.3
rv3283,3665724,3615.6
rv3283,3665732,943.8
rv3283,3665805,1223.7
rv3283,3665814,1114.3
rv3285,3666359,0
rv3285,3666392,0
rv3285,3666477,0
rv3285,3666561,0
rv3285,3666627,0
rv3285,3666637,0
rv3285,3666782,0
rv3285,3666834,0
rv3285,3666924,0
rv3285,3666975,0
rv3285,3666987,1.3
rv3285,3667086,0
rv3285,3667185,0
rv3285,3667209,0
rv3285,3667267,0
rv3285,3667418,0
rv3285,3667426,0
rv3285,3667699,0
rv3285,3667703,11
rv3285,3667730,0
rv3285,3667748,11
rv3285,3667964,0
rv3285,3667978,0
rv3285,3667982,0
rv3285,3668026,0
rv3285,3668075,0
rv3285,3668154,3037.3
rv3286c,3668167,747.7
rv3286c,3668184,294.9
rv3286c,3668234,1862.9
rv3286c,3668449,3173.8
rv3286c,3668456,872.5
rv3286c,3668477,129.2
rv3286c,3668567,5468.5
rv3286c,3668571,738.6
rv3286c,3668660,3772.5
rv3286c,3668747,6513.4000000000005
rv3286c,3668905,1695.4
rv3286c,3668912,1842.8999999999999
rv3287c,3669005,1351
rv3287c,3669073,4808.2
rv3287c,3669368,539.4
rv3288c,3669584,3860.2999999999997
rv3288c,3669624,4729.5
rv3288c,3669626,7843.5
rv3288c,3669649,900.9
rv3288c,3669670,1506.4
rv3288c,3669800,6014.2
rv3288c,3669881,15977.300000000001
rv3288c,3669915,945.3000000000001
rv3288c,3669936,985.9
rv3288c,3669946,2217.4
rv3288c,3669958,2201.6
rv3290c,3670443,5050.7
rv3290c,3670457,122.7
rv3290c,3670478,486.8
rv3290c,3670618,560.9
rv3290c,3670704,12885.8
rv3290c,3670708,17797
rv3290c,3670786,1275.2
rv3290c,3670880,7431.6
rv3290c,3670935,3440.9
rv3290c,3670973,4240.1
rv3290c,3671138,701.2
rv3290c,3671153,709.7
rv3290c,3671164,363.59999999999997
rv3290c,3671193,6362
rv3290c,3671239,1711.5
rv3290c,3671272,11311.1
rv3290c,3671274,3161.2
rv3290c,3671496,4101.5
rv3290c,3671584,3684.2
rv3290c,3671625,595.3
rv3290c,3671639,1323.6
rv3290c,3671641,5433
rv3290c,3671655,6739.6
rv3290c,3671687,7795.5
rv3290c,3671720,5016.8
rv3290c,3671755,10.1
rv3293,3673627,247.2
rv3293,3673763,3571
rv3293,3673873,2442.4
rv3293,3673959,2182.3
rv3293,3674526,149.8
rv3293,3674572,2264.6
rv3293,3674598,340.5
rv3293,3674691,4410.0999999999995
rv3293,3674694,8598.4
rv3293,3674769,4360.8
rv3293,3674781,3375
rv3293,3674803,35.7
rv3293,3674821,50.7
rv3293,3674900,36.4
rv3293,3675009,7105.6
rv3293,3675039,1602
rv3293,3675081,40
rv3296,3676963,3430.9
rv3296,3676984,9125.9
rv3296,3677018,19379.1
rv3296,3677334,2902
rv3296,3677340,4326.5
rv3296,3677362,330.90000000000003
rv3296,3677403,9838.7
rv3296,3677635,478.79999999999995
rv3296,3677916,4845.4
rv3296,3678024,7323.5999999999995
rv3296,3678208,1383.3
rv3296,3678248,4516.4
rv3296,3678290,3513.7
rv3296,3678301,75.6
rv3296,3678389,1892.7
rv3296,3678397,0
rv3296,3678417,2.6
rv3296,3678443,1884.7
rv3296,3678646,561.5
rv3296,3678689,1378
rv3296,3678736,50.3
rv3296,3678747,1186.4
rv3296,3678824,913.7
rv3296,3678884,1523.6
rv3296,3678924,3877.8
rv3296,3678936,0
rv3296,3679175,799.9
rv3296,3679229,5368.5
rv3296,3679343,1221.3
rv3296,3679361,3993.7000000000003
rv3296,3679372,1002.3
rv3296,3679437,1028.8
rv3296,3679486,572.8
rv3296,3679524,48.300000000000004
rv3296,3679638,1234.3
rv3296,3679776,0
rv3296,3679797,1589.6
rv3296,3679808,357.2
rv3296,3680057,1480.4
rv3296,3680154,0
rv3296,3680204,2980.7
rv3296,3680376,1250.8
rv3296,3680402,845
rv3296,3680511,34.1
rv3296,3680520,95.60000000000001
rv3296,3680594,10.1
rv3296,3680696,2816.9
rv3296,3680786,4405.4
rv3296,3680834,1224.9
rv3296,3680883,1540.7
rv3296,3680896,5675
rv3296,3680900,2101.7999999999997
rv3296,3680933,1493.3
rv3296,3680975,20.1
rv3296,3681016,62
rv3296,3681311,644.3
rv3297,3681441,1700.4
rv3297,3681630,6573.5
rv3297,3681684,3868
rv3297,3681812,3973.7999999999997
rv3297,3681843,198.9
rv3297,3681955,0
rv3297,3681983,1187.2
rv3297,3682031,1293.4
rv3297,3682039,716.5
rv3297,3682058,2023.2
rv3298c,3682108,909.4
rv3298c,3682124,176.3
rv3298c,3682198,3240.2
rv3298c,3682220,12485.2
rv3298c,3682243,3556.7000000000003
rv3298c,3682499,6013.8
rv3298c,3682553,336.6
rv3298c,3682744,342.5
rv3298c,3682756,1202.8
rv3298c,3682891,6695.799999999999
rv3298c,3682926,26.8
rv3298c,3682950,4355
rv3298c,3682994,1417
rv3299c,3683120,8629.1
rv3299c,3683169,1380.3
rv3299c,3683187,2476.9
rv3299c,3683238,2502.7999999999997
rv3299c,3683245,3309
rv3299c,3683409,590.1999999999999
rv3299c,3683433,4939.1
rv3299c,3683468,129.4
rv3299c,3683556,199.8
rv3299c,3683572,1273.9
rv3299c,3683663,528.2
rv3299c,3683792,2878
rv3299c,3683796,4316.7
rv3299c,3683799,8559.5
rv3299c,3683829,2125.2
rv3299c,3683919,2853.1
rv3299c,3683949,1922.8999999999999
rv3299c,3684056,25.8
rv3299c,3684112,1291
rv3299c,3684291,518.3
rv3299c,3684340,55.4
rv3299c,3684411,2841.9
rv3299c,3684550,1300.5
rv3299c,3684569,465.2
rv3299c,3684648,561.6
rv3299c,3684681,218.20000000000002
rv3299c,3684704,1976.4
rv3299c,3684738,204.3
rv3299c,3684741,2463.2
rv3299c,3684796,58.5
rv3299c,3684825,1530.3
rv3299c,3684828,642.1
rv3299c,3684860,593.1
rv3299c,3684866,2083.9
rv3299c,3684900,1613.1
rv3299c,3685035,193.4
rv3299c,3685054,393.5
rv3299c,3685095,266.7
rv3299c,3685104,9.1
rv3299c,3685153,374.3
rv3299c,3685215,109.10000000000001
rv3299c,3685235,0
rv3299c,3685276,409.7
rv3299c,3685424,0
rv3299c,3685537,632.8
rv3299c,3685920,330.5
rv3301c,3686913,1417.3
rv3301c,3686939,331.8
rv3301c,3687068,1095.8
rv3301c,3687091,2275.2
rv3301c,3687252,60.4
rv3301c,3687277,3996.5
rv3301c,3687440,2580.6
rv3301c,3687500,112.2
rv3301c,3687548,133.3
rv3301c,3687561,1613.1000000000001
rv3302c,3687804,0
rv3302c,3687806,0
rv3302c,3687905,0
rv3302c,3687977,0
rv3302c,3687998,0
rv3302c,3688015,0
rv3302c,3688054,0
rv3302c,3688079,0
rv3302c,3688106,0
rv3302c,3688163,0
rv3302c,3688261,0
rv3302c,3688268,0
rv3302c,3688277,0
rv3302c,3688391,0
rv3302c,3688457,0
rv3302c,3688512,0
rv3302c,3688810,0
rv3302c,3688841,7.9
rv3302c,3688901,0
rv3302c,3688904,11
rv3302c,3688911,0
rv3302c,3688971,0
rv3302c,3689018,0
rv3302c,3689028,0
rv3302c,3689042,7.9
rv3302c,3689138,0
rv3302c,3689180,0
rv3302c,3689305,1.3
rv3303c,3689459,20.5
rv3303c,3689469,713.8
rv3303c,3689490,8237.1
rv3303c,3689565,0
rv3303c,3689587,983
rv3303c,3689640,9.1
rv3303c,3689778,1173.6
rv3303c,3689889,195.5
rv3303c,3689926,494.7
rv3303c,3689998,633.1
rv3303c,3690043,810
rv3303c,3690277,578.2
rv3303c,3690332,24.9
rv3303c,3690334,1112.2
rv3303c,3690359,48.1
rv3303c,3690409,476
rv3303c,3690542,215.39999999999998
rv3303c,3690716,667.4
rv3303c,3690752,84
rv3303c,3690804,120.9
rv3303c,3690842,214.6
rv3303c,3690892,23.8
rv3305c,3691811,393.6
rv3305c,3691970,3130.9
rv3305c,3692007,54.599999999999994
rv3305c,3692031,1025.4
rv3305c,3692040,3755.8
rv3305c,3692102,583.9
rv3305c,3692131,209.1
rv3305c,3692134,1644.3
rv3305c,3692250,172.3
rv3305c,3692289,4101
rv3305c,3692351,145.3
rv3305c,3692402,1891.2
rv3305c,3692416,132.5
rv3305c,3692611,18.1
rv3305c,3692702,501.90000000000003
rv3305c,3692742,410
rv3305c,3692842,0
rv3305c,3692865,561.8000000000001
rv3305c,3692873,2577.6
rv3305c,3692897,138.1
rv3305c,3692947,258.2
rv3306c,3693215,52.5
rv3306c,3693325,0
rv3306c,3693352,7.9
rv3306c,3693448,2225.2
rv3306c,3693546,1265.3999999999999
rv3306c,3693554,832.8
rv3306c,3693590,0
rv3306c,3693597,1355
rv3306c,3693629,307.9
rv3306c,3693637,0
rv3306c,3693683,11.1
rv3306c,3693758,35.199999999999996
rv3306c,3693866,3197.2000000000003
rv3306c,3693910,1118.1000000000001
rv3306c,3693949,723.1
rv3307,3694340,0
rv3307,3694439,6027
rv3307,3694498,1958.9
rv3307,3694519,2345.5
rv3307,3694566,6095
rv3307,3694702,614.4
rv3307,3694762,633.3
rv3307,3694786,938.5
rv3307,3694892,1088
rv3307,3694901,1203
rv3307,3695006,275
rv3307,3695029,1808.2
rv3308,3695429,295.1
rv3308,3695470,1879.3999999999999
rv3308,3695479,4578.7
rv3308,3695511,332
rv3308,3695620,2368.8
rv3308,3695622,2084.6
rv3308,3695748,2555.7000000000003
rv3308,3695847,0
rv3308,3695912,5.2
rv3308,3695963,94.5
rv3308,3695966,557
rv3308,3695974,1116.7
rv3308,3696111,2796.1
rv3308,3696157,4617
rv3308,3696163,967.3
rv3308,3696313,2448
rv3308,3696441,0
rv3308,3696535,326.8
rv3308,3696569,1540.8
rv3308,3696618,0
rv3309c,3696693,2650
rv3309c,3696706,362
rv3309c,3696808,352.59999999999997
rv3309c,3696896,2439.2
rv3309c,3696930,1631.4
rv3309c,3697067,36.2
rv3309c,3697099,811.6
rv3309c,3697143,5140.9
rv3313c,3701259,140.1
rv3313c,3701312,200.6
rv3313c,3701391,86.2
rv3313c,3701405,0
rv3313c,3701461,88.4
rv3313c,3701495,247.9
rv3313c,3701590,319.6
rv3313c,3701766,154
rv3313c,3702051,1499.6000000000001
rv3313c,3702102,1367.2
rv3313c,3702156,1221.2
rv3313c,3702237,654.2
rv3313c,3702320,630.2
rv3314c,3702376,222.1
rv3314c,3702408,790.1
rv3314c,3702467,2164.5
rv3314c,3702544,3084.4
rv3314c,3702592,88.39999999999999
rv3314c,3703074,1173.7
rv3314c,3703116,117.5
rv3314c,3703133,3519.4
rv3314c,3703363,3954.7999999999997
rv3314c,3703396,946.1999999999999
rv3314c,3703539,387
rv3314c,3703541,5780.7
rv3315c,3703725,1527
rv3315c,3703885,2019
rv3315c,3703966,48.3
rv3315c,3703975,1152.5
rv3315c,3704015,282.6
rv3316,3704286,1149.8999999999999
rv3316,3704375,1215
rv3316,3704396,2765
rv3316,3704426,1195.3
rv3316,3704433,892.2
rv3316,3704510,555.9
rv3317,3704800,903
rv3317,3704926,724.2
rv3317,3705007,3783
rv3317,3705014,1037.7
rv3318,298864,1354.7
rv3318,298906,824.1999999999999
rv3318,298909,1590.8
rv3318,299049,1156
rv3318,299081,28.6
rv3318,299130,7040.0999999999995
rv3318,299206,693
rv3318,299229,911.1
rv3318,299239,119.8
rv3318,299280,1052.2
rv3318,299303,9.6
rv3318,299326,664
rv3318,299339,650.5
rv3318,299350,27.2
rv3318,299423,9.1
rv3318,299463,594.6
rv3318,299467,2287.6
rv3318,299502,224.6
rv3318,299552,94.10000000000001
rv3318,299616,67.4
rv3318,299638,68
rv3318,299678,14.6
rv3318,299710,274.5
rv3318,299770,503.79999999999995
rv3318,299789,0
rv3318,299882,1253.7
rv3318,299917,1332.4
rv3318,299944,1338.3000000000002
rv3318,300130,470.5
rv3318,300235,228.3
rv3318,300319,499.4
rv3318,300427,681.3
rv3318,300493,1711.6
rv3318,300548,1940.2
rv3318,300681,111.9
rv3318,300702,540.1
rv3318,300741,297.5
rv3318,300771,1076.4
rv3318,300778,1695.1
rv3318,300803,1493.4
rv3318,3705189,472.7
rv3318,3705260,639.5
rv3318,3705282,871.9
rv3318,3705396,1136.6
rv3318,3705570,473.4
rv3318,3705612,1036.4
rv3318,3705657,165.9
rv3318,3705720,1.3
rv3318,3705727,375.1
rv3318,3705798,3968.2
rv3318,3705800,462.6
rv3318,3705902,0
rv3318,3705928,687.4
rv3318,3705999,26.099999999999998
rv3318,3706021,641.4
rv3318,3706098,2720.6
rv3318,3706104,1372.7
rv3318,3706179,2002.1
rv3318,3706218,135.3
rv3318,3706233,7126.5
rv3318,3706308,1306.5
rv3318,3706379,152.2
rv3318,3706422,1515.7
rv3318,3706635,5.2
rv3318,3706711,2.9
rv3318,3706788,70
rv3318,3706812,203.1
rv3318,3706833,279.3
rv3318,3706853,0
rv3318,3706917,1.3
rv3318,3706938,610.3
rv3318,3706941,1397.5
rv3319,3706983,0
rv3319,3706992,0
rv3319,3707132,2484.8
rv3319,3707144,939.5
rv3319,3707366,56.9
rv3319,3707384,1302.3
rv3319,3707450,287.8
rv3319,3707525,1830.2
rv3323c,3709274,141.2
rv3323c,3709482,1075.4
rv3323c,3709491,14156.9
rv3323c,3709494,7280.7
rv3323c,3709528,5339.4
rv3323c,3709537,492.6
rv3323c,3709577,1340
rv3323c,3709629,4089.6
rv3323c,3709658,3105.1
rv3323c,3709706,1554.6
rv3323c,3709717,0
rv3323c,3709761,364.5
rv3323c,3709784,2268.5
rv3323c,3709863,4644.2
rv3323c,3709879,8584.3
rv3328c,3713651,116.2
rv3328c,3713688,115.6
rv3328c,3713719,223.3
rv3328c,3713736,382
rv3328c,3713749,1533.1
rv3328c,3713809,134.1
rv3328c,3713829,2082.8
rv3328c,3713868,536.9
rv3328c,3713903,626.6999999999999
rv3328c,3714015,247.2
rv3328c,3714283,6111.7
rv3328c,3714451,664.9
rv3330,3715958,4109.2
rv3330,3715967,25.700000000000003
rv3330,3715997,0
rv3330,3716015,2152.3
rv3330,3716019,718.8
rv3330,3716062,4225.7
rv3330,3716138,858.8
rv3330,3716434,8596.5
rv3330,3716491,472.4
rv3330,3716629,2366.2000000000003
rv3330,3716647,1128.8
rv3330,3716653,1843.9
rv3330,3716734,1927.9
rv3330,3716764,5709.9
rv3330,3716770,8157.8
rv3330,3716800,1201.2
rv3330,3716802,1491.5
rv3330,3716929,384.4
rv3330,3717053,26.900000000000002
rv3330,3717163,6236.1
rv3331,3717294,1854.2
rv3331,3717302,2449.3
rv3331,3717304,2709.3
rv3331,3717380,10.1
rv3331,3717453,701.6999999999999
rv3331,3717459,1002.4
rv3331,3717642,594.7
rv3331,3717682,132
rv3331,3717753,8026.1
rv3331,3717804,504.4
rv3331,3717821,533.5
rv3331,3717840,344.8
rv3331,3717852,1528.6
rv3331,3717947,0
rv3331,3717960,1012.5
rv3331,3717992,640.4
rv3331,3718046,443.5
rv3331,3718079,0
rv3331,3718104,1527.3000000000002
rv3331,3718176,4110.8
rv3331,3718179,2998
rv3331,3718218,970
rv3331,3718372,932.6
rv3331,3718479,2504.7999999999997
rv3331,3718659,887
rv3332,3718809,96.6
rv3332,3718930,1137
rv3332,3719026,843.7
rv3332,3719332,554.7
rv3332,3719345,1547.7
rv3332,3719837,220.3
rv3336c,3722793,1443.4
rv3336c,3722795,122.6
rv3336c,3722817,0
rv3336c,3722982,0
rv3336c,3722997,0
rv3336c,3723058,0
rv3336c,3723087,0
rv3336c,3723218,0
rv3336c,3723225,9.1
rv3336c,3723369,0
rv3336c,3723395,0
rv3336c,3723402,0
rv3336c,3723588,0
rv3336c,3723601,0
rv3336c,3723730,0
rv3336c,3723790,0
rv3339c,3724787,241.9
rv3339c,3724842,1098.8
rv3339c,3724987,10208.4
rv3339c,3725040,77.5
rv3339c,3725051,2410.5
rv3339c,3725060,297.5
rv3339c,3725153,716.1
rv3339c,3725192,4067.4
rv3339c,3725213,1258.8
rv3339c,3725270,3691.3
rv3339c,3725315,1047.2
rv3339c,3725351,937.5
rv3339c,3725384,5385.6
rv3339c,3725386,506.4
rv3339c,3725411,454.5
rv3339c,3725459,8121.5
rv3339c,3725591,160
rv3339c,3725661,42.6
rv3339c,3725673,20.1
rv3339c,3725794,827.7
rv3339c,3725822,1983.9
rv3339c,3725882,4367.3
rv3339c,3725885,3622.4
rv3339c,3725906,4053.2999999999997
rv3339c,3725916,7129.5999999999995
rv3339c,3725974,1319.3000000000002
rv3339c,3725995,1076.3
rv3340,3726315,45
rv3340,3726365,0
rv3340,3726418,0
rv3340,3726433,0
rv3340,3726492,382.6
rv3340,3726496,0
rv3340,3726661,32.1
rv3340,3726673,2041.4
rv3340,3726688,609.9
rv3340,3726764,2.8
rv3340,3726901,0
rv3340,3726958,2.9
rv3340,3727063,21.400000000000002
rv3340,3727138,22.3
rv3340,3727282,913.4
rv3340,3727560,515
rv3340,3727569,222.60000000000002
rv3343c,3729536,679.4
rv3343c,3729554,1016.1
rv3343c,3729638,6715.5
rv3343c,3730075,4353.8
rv3343c,3730108,4355
rv3343c,3730188,8186
rv3343c,3730212,1419.7
rv3343c,3730249,109.3
rv3343c,3730523,3633.5
rv3343c,3730547,1859.6
rv3343c,3730577,2619.5
rv3343c,3730692,1918.7
rv3343c,3730727,17652
rv3343c,3730731,1554.6
rv3343c,3730800,250.3
rv3343c,3730815,762.1
rv3343c,3730817,1975.8000000000002
rv3343c,3730860,813.9
rv3343c,3730875,46.7
rv3343c,3730890,236.1
rv3343c,3730917,0
rv3343c,3730944,141.3
rv3343c,3730962,7.9
rv3343c,3730986,126.5
rv3343c,3730998,114.3
rv3343c,3731013,73.1
rv3343c,3731033,46.300000000000004
rv3343c,3731046,50.4
rv3343c,3731058,23.200000000000003
rv3343c,3731061,61.099999999999994
rv3343c,3731086,136.6
rv3343c,3731154,480
rv3343c,3731202,859.8
rv3343c,3731328,2810.2000000000003
rv3343c,3731577,6618.9
rv3343c,3731787,1028.1
rv3343c,3731883,21493
rv3343c,3731896,20426.9
rv3343c,3731905,4069.7
rv3343c,3731919,4097.2
rv3343c,3731949,3200.3
rv3343c,3731996,18512.8
rv3343c,3732024,4006.8
rv3343c,3732180,571.6
rv3343c,3732251,5259.1
rv3343c,3732275,4853.5
rv3343c,3732305,16009.5
rv3343c,3732309,3751.6
rv3343c,3732420,2343.8
rv3343c,3732455,21528.7
rv3343c,3732459,1680
rv3343c,3732528,152.3
rv3343c,3732540,17.1
rv3343c,3732543,496.8
rv3343c,3732545,901.1
rv3343c,3732588,418.9
rv3343c,3732603,66.8
rv3343c,3732618,123.6
rv3343c,3732645,0
rv3343c,3732672,86.5
rv3343c,3732690,0
rv3343c,3732714,97.7
rv3343c,3732726,83.89999999999999
rv3343c,3732741,92.5
rv3343c,3732761,65.4
rv3343c,3732774,24.5
rv3343c,3732786,13.4
rv3343c,3732789,23.5
rv3343c,3732814,57
rv3343c,3732882,57.3
rv3343c,3732930,917.3
rv3343c,3733266,489.9
rv3343c,3733297,1379
rv3343c,3733336,0
rv3343c,3733365,78.7
rv3343c,3733392,2885.6
rv3343c,3733408,0
rv3343c,3733498,404.2
rv3343c,3733500,69.4
rv3343c,3733524,456.8
rv3343c,3733563,1066.8
rv3343c,3733578,126.4
rv3343c,3733644,1154.1
rv3343c,3733690,1730.5
rv3343c,3733835,13177.7
rv3343c,3733863,11616.5
rv3343c,3734002,1547.1
rv3343c,3734150,3764.3
rv3343c,3734198,6223.5
rv3343c,3734236,432.7
rv3343c,3734249,1850.4
rv3343c,3734455,732.8000000000001
rv3343c,3734472,55.800000000000004
rv3343c,3734596,49.9
rv3343c,3734632,0
rv3343c,3734679,0
rv3343c,3734760,0
rv3343c,3734766,256.1
rv3343c,3734781,36.1
rv3343c,3734871,39.3
rv3343c,3734934,953.5
rv3343c,3734938,9041.9
rv3343c,3734949,0
rv3343c,3734978,136.6
rv3343c,3735027,464.2
rv3343c,3735090,1842.9
rv3343c,3735331,122.7
rv3343c,3735410,2092.5
rv3343c,3735421,201.7
rv3343c,3735441,9.1
rv3343c,3735447,2267.2
rv3343c,3735451,826.2
rv3343c,3735520,164.9
rv3343c,3735615,1448.8
rv3343c,3735622,1263.6
rv3343c,3735683,2275.5
rv3343c,3735721,6446.0999999999995
rv3343c,3735738,1086.3
rv3343c,3735763,4304.7
rv3343c,3735830,1879.2
rv3343c,3735860,3367.1
rv3343c,3735864,713.4
rv3343c,3735975,2202
rv3343c,3736010,17641.8
rv3343c,3736014,3941.6
rv3343c,3736035,276.4
rv3343c,3736083,260.4
rv3343c,3736098,555.4
rv3343c,3736100,1429.8
rv3343c,3736143,1105.4
rv3343c,3736158,0
rv3343c,3736173,9.2
rv3343c,3736194,4.3
rv3343c,3736200,0
rv3343c,3736227,52.6
rv3343c,3736245,0
rv3343c,3736269,148
rv3343c,3736281,34.800000000000004
rv3343c,3736296,27.7
rv3343c,3736316,9.1
rv3343c,3736329,132.4
rv3343c,3736341,2.6
rv3343c,3736344,227.6
rv3343c,3736369,0
rv3343c,3736437,381.1
rv3343c,3736457,4365
rv3343c,3736487,2981.9
rv3343c,3736646,1473.5
rv3343c,3736688,1138
rv3343c,3736741,39.5
rv3343c,3736756,1769.4
rv3343c,3736892,904
rv3343c,3736941,1994.4
rv3343c,3737058,4698.5
rv3343c,3737060,4643
rv3343c,3737062,12249.2
rv3343c,3737092,2024.5
rv3344c,3737367,200
rv3344c,3737574,328.9
rv3344c,3737763,2714
rv3344c,3737985,11.799999999999999
rv3344c,3738051,2.6
rv3344c,3738330,0
rv3345c,3739165,180
rv3345c,3739216,452.8
rv3345c,3739225,0
rv3345c,3739273,68.1
rv3345c,3739461,76.3
rv3345c,3739538,192.8
rv3345c,3739570,0
rv3345c,3739684,63.2
rv3345c,3739744,936
rv3345c,3739879,23.3
rv3345c,3740059,13.6
rv3345c,3740176,2.2
rv3345c,3740189,1336.7
rv3345c,3740225,343
rv3345c,3740316,301.5
rv3345c,3740380,495.8
rv3345c,3740389,0
rv3345c,3740416,824.6
rv3345c,3740482,222.7
rv3345c,3740491,3165.9
rv3345c,3740596,142.6
rv3345c,3740608,24.6
rv3345c,3740890,674.9
rv3345c,3741160,16.7
rv3345c,3741187,847.8
rv3345c,3741316,248.7
rv3345c,3741478,483.7
rv3345c,3741544,15.3
rv3345c,3741610,662.6
rv3345c,3741646,0
rv3345c,3741662,2313.6
rv3345c,3741670,5.9
rv3345c,3741676,230.2
rv3345c,3741757,238.8
rv3345c,3741779,2255.1
rv3345c,3741928,0
rv3345c,3741979,1774.7
rv3345c,3742034,498.70000000000005
rv3345c,3742187,1572.5
rv3345c,3742189,3533.5
rv3345c,3742230,576.6999999999999
rv3345c,3742327,0
rv3345c,3742501,11.3
rv3345c,3742510,1208.7
rv3345c,3742683,2543.4
rv3345c,3742758,6226.4
rv3345c,3742774,1185
rv3347c,3743883,153.3
rv3347c,3743935,6060.4
rv3347c,3743985,4275.8
rv3347c,3744254,9175.6
rv3347c,3744277,142.3
rv3347c,3744491,11960.7
rv3347c,3744617,5723.8
rv3347c,3744655,2976.8
rv3347c,3744852,65
rv3347c,3744882,8062.2
rv3347c,3744896,4317.7
rv3347c,3744910,1448.6
rv3347c,3744976,154.89999999999998
rv3347c,3745062,4133.3
rv3347c,3745141,20.1
rv3347c,3745152,9722.4
rv3347c,3745207,354.7
rv3347c,3745393,1249.3999999999999
rv3347c,3745459,1247.1
rv3347c,3745612,667.6
rv3347c,3745746,13655.1
rv3347c,3745810,1426.1
rv3347c,3746001,9146.699999999999
rv3347c,3746185,6342
rv3347c,3746278,15769.9
rv3347c,3746310,9474.1
rv3347c,3746328,3598.9
rv3347c,3746368,2650
rv3347c,3746378,5419.8
rv3347c,3746410,1042.7
rv3347c,3746515,545.8
rv3347c,3746667,6664.3
rv3347c,3746673,5738.2
rv3347c,3746681,13249
rv3347c,3746691,13416.5
rv3347c,3746785,162.9
rv3347c,3746871,15254.4
rv3347c,3746896,1988.8
rv3347c,3746926,3422.9
rv3347c,3746941,4065.6
rv3347c,3746944,5527.3
rv3347c,3747202,2223.6
rv3347c,3747265,2275
rv3347c,3747295,324.4
rv3347c,3747308,7981.7
rv3347c,3747375,15248.4
rv3347c,3747511,164.7
rv3347c,3747522,7325.3
rv3347c,3747533,272.4
rv3347c,3747833,2303.6
rv3347c,3747961,1279.9
rv3347c,3748004,5278.2
rv3347c,3748015,209
rv3347c,3748042,2066.4
rv3347c,3748206,5172.9
rv3347c,3748366,1795.4
rv3347c,3748449,7936.3
rv3347c,3748653,25492.4
rv3347c,3748657,2669.9
rv3347c,3748708,1064.7
rv3347c,3748726,491.90000000000003
rv3347c,3748743,8075.1
rv3347c,3748909,1415.7
rv3347c,3749187,10575.8
rv3347c,3749776,3360.7999999999997
rv3347c,3749816,1145.1
rv3347c,3749905,9242
rv3347c,3749912,1121.2
rv3347c,3749924,4940.7
rv3347c,3749995,478.5
rv3347c,3750058,633.5
rv3347c,3750171,2065.4
rv3347c,3750232,7857
rv3347c,3750498,9031
rv3347c,3750523,1104.6
rv3347c,3750532,4095.6000000000004
rv3347c,3750553,3405.4
rv3347c,3750757,2615.4
rv3347c,3750895,1377.2
rv3347c,3750955,206.4
rv3347c,3751004,2696.2
rv3347c,3751152,12602.3
rv3347c,3751375,1675.5
rv3347c,3751378,3124.7000000000003
rv3347c,3751396,7412.4
rv3347c,3751484,9939.1
rv3347c,3751594,1080.8
rv3347c,3751619,205.6
rv3347c,3751630,435.4
rv3347c,3751663,904.1999999999999
rv3347c,3751678,104.3
rv3347c,3751681,277.3
rv3347c,3751687,146.3
rv3347c,3751691,656.2
rv3347c,3751846,9844.7
rv3347c,3751850,16948.7
rv3347c,3751858,663.1
rv3347c,3752055,10142
rv3347c,3752200,1679.2
rv3347c,3752233,4152.4
rv3347c,3752235,22640.2
rv3347c,3752239,8379.9
rv3347c,3752290,145.4
rv3347c,3752308,716.7
rv3347c,3752325,8523.5
rv3347c,3752342,104.1
rv3347c,3752413,173.4
rv3347c,3752485,561.3
rv3347c,3752535,1268.2
rv3347c,3752566,1754.7
rv3347c,3752629,12.7
rv3347c,3752653,0
rv3347c,3752711,245.1
rv3347c,3752739,2034.3999999999999
rv3347c,3752743,714.5
rv3347c,3752767,63.9
rv3347c,3752798,995.1
rv3347c,3752895,569.3000000000001
rv3347c,3752937,810.1
rv3347c,3753141,1071.2
rv3347c,3753309,7221.5
rv3350c,3756124,92.1
rv3350c,3756226,13391.9
rv3350c,3756362,5025.2
rv3350c,3756479,606
rv3350c,3756721,8777.6
rv3350c,3756755,139
rv3350c,3756847,3084
rv3350c,3756878,1558.4
rv3350c,3757034,1712.8999999999999
rv3350c,3757093,3223.5
rv3350c,3757123,1753
rv3350c,3757303,9862.2
rv3350c,3757373,648.9
rv3350c,3757497,494.4
rv3350c,3757519,1034
rv3350c,3757574,843.3
rv3350c,3757700,3321.8
rv3350c,3757730,2481
rv3350c,3757835,780.1
rv3350c,3757957,9813.6
rv3350c,3758212,16900.7
rv3350c,3758414,2642.9
rv3350c,3758494,2381.2
rv3350c,3758524,4362.3
rv3350c,3758532,8922.3
rv3350c,3758534,9519.6
rv3350c,3758546,2243
rv3350c,3758577,11980
rv3350c,3758610,4855.7
rv3350c,3758765,2076.9
rv3350c,3758860,5810.4
rv3350c,3758969,1370.9
rv3350c,3759064,5150.1
rv3350c,3759134,613.4
rv3350c,3759167,242.6
rv3350c,3759239,117.7
rv3350c,3759364,24664.4
rv3350c,3759446,212
rv3350c,3759539,1793.8
rv3350c,3759718,11418.8
rv3350c,3760015,3564.1
rv3350c,3760068,0
rv3350c,3760166,607.1
rv3350c,3760196,11129.7
rv3350c,3760200,12758.6
rv3350c,3760470,3479.5
rv3350c,3760476,155.4
rv3350c,3760666,6123.7
rv3350c,3760846,11631.3
rv3350c,3760936,7431.6
rv3350c,3761062,1232.4
rv3350c,3761117,2636.6
rv3350c,3761165,5.7
rv3350c,3761366,1097.2
rv3350c,3761531,20641.2
rv3350c,3761990,503.90000000000003
rv3350c,3762000,4430.6
rv3350c,3762008,995.0999999999999
rv3350c,3762125,3834.9
rv3350c,3762147,1543.8
rv3350c,3762170,689.7
rv3350c,3762176,510.2
rv3350c,3762212,4992
rv3350c,3762218,1056.9
rv3350c,3762331,4015
rv3350c,3762404,28.7
rv3350c,3762454,10307
rv3350c,3762548,2497.1
rv3350c,3762554,5835.4
rv3350c,3762614,3301.1
rv3350c,3762643,5209.4
rv3350c,3762698,1781.7
rv3350c,3762713,353.8
rv3350c,3762716,1111.4
rv3350c,3762737,1034.3
rv3350c,3762818,422.09999999999997
rv3350c,3762827,707.2
rv3350c,3762859,2319.6
rv3350c,3763175,274.8
rv3350c,3763297,9481.5
rv3350c,3763380,7587.9
rv3350c,3763541,50.699999999999996
rv3350c,3763715,4243.2
rv3350c,3763797,304.9
rv3350c,3763824,6658.8
rv3350c,3763835,90.5
rv3350c,3763866,2916
rv3350c,3763910,5473.2
rv3350c,3763950,261.5
rv3350c,3764118,47.1
rv3350c,3764224,787.1
rv3350c,3764254,1395
rv3350c,3764404,11624.9
rv3350c,3764474,1451.3
rv3350c,3764477,4810.6
rv3350c,3764579,464.79999999999995
rv3350c,3764675,3444.2
rv3350c,3764704,8262.5
rv3350c,3765058,10873.9
rv3350c,3765281,3300.7000000000003
rv3350c,3765392,61.099999999999994
rv3350c,3765428,3370.4
rv3350c,3765443,1053.8
rv3350c,3765455,283.6
rv3350c,3765491,0
rv3350c,3765536,74.4
rv3350c,3765552,34.5
rv3350c,3765596,0
rv3350c,3765602,0
rv3350c,3765611,0
rv3350c,3765632,37.6
rv3350c,3765672,0
rv3350c,3765765,1886.9
rv3350c,3765773,70.4
rv3350c,3765970,39948.2
rv3350c,3766150,6293.8
rv3350c,3766223,27.6
rv3350c,3766240,2593.8
rv3350c,3766244,45.900000000000006
rv3350c,3766325,18.1
rv3350c,3766355,10.1
rv3350c,3766450,7310
rv3350c,3766481,654.7
rv3350c,3766541,130.29999999999998
rv3350c,3766657,7171.5
rv3350c,3766724,871.5
rv3350c,3766813,1701.2
rv3350c,3766855,3170.4
rv3350c,3767059,1633.3
rv3350c,3767227,3398.4
rv3356c,3770137,0
rv3356c,3770241,0
rv3356c,3770331,0
rv3356c,3770366,0
rv3356c,3770400,0
rv3356c,3770540,0
rv3356c,3770664,0
rv3356c,3770675,12.3
rv3356c,3770790,0
rv3366,3777927,6569.1
rv3366,3777937,437.5
rv3366,3778058,1150.7
rv3366,3778178,0
rv3366,3778246,4277.8
rv3366,3778331,2562.2
rv3366,3778370,1717.8
rv3367,3778752,2064.1
rv3367,3778812,2730.8
rv3367,3778854,767.9
rv3367,3778922,7252.4
rv3367,3778953,994.1
rv3367,3778997,5798.1
rv3367,3779047,7348.4
rv3367,3779082,1478.1
rv3367,3779165,812.7
rv3367,3779236,93.3
rv3367,3779297,2153
rv3367,3779478,761.8
rv3367,3779503,626
rv3367,3779728,648.5
rv3367,3779770,22.2
rv3367,3779908,0
rv3367,3779947,398.7
rv3367,3779958,93.1
rv3367,3780217,30.9
rv3367,3780309,115.9
rv3367,3780355,0
rv3367,3780421,32.3
rv3367,3780478,217.39999999999998
rv3367,3780512,1408.1000000000001
rv3370c,3782033,2507.8
rv3370c,3782137,1.3
rv3370c,3782348,267
rv3370c,3782486,509.5
rv3370c,3782561,559.9
rv3370c,3782636,172.6
rv3370c,3782690,1003.1
rv3370c,3782873,1024.7
rv3370c,3782909,2011.5
rv3370c,3782975,2423.5
rv3370c,3782991,1995.5000000000002
rv3370c,3783071,650.6
rv3370c,3783149,498.8
rv3370c,3783181,184.8
rv3370c,3783325,2815.7
rv3370c,3783500,1143.1
rv3370c,3783530,556.5
rv3370c,3783542,1783.7
rv3370c,3783551,163.79999999999998
rv3370c,3783557,4284.2
rv3370c,3783631,425.29999999999995
rv3370c,3783692,2127.3
rv3370c,3783785,181.9
rv3370c,3783839,20.1
rv3370c,3783869,58.5
rv3370c,3783970,1967.7
rv3370c,3784426,0
rv3370c,3784442,47.9
rv3370c,3784452,93.4
rv3370c,3784508,11.7
rv3370c,3784658,1062.3
rv3370c,3784757,1606.1
rv3370c,3784784,1219.4
rv3370c,3784826,625.7
rv3370c,3784905,212.60000000000002
rv3372,3786625,0
rv3372,3786633,0
rv3372,3786648,0
rv3372,3786819,0
rv3372,3786876,0
rv3372,3787100,0
rv3372,3787176,0
rv3372,3787274,0
rv3372,3787472,0
rv3373,3787941,911.9
rv3373,3788260,573.6
rv3373,3788494,2486.8
rv3375,3788938,9.2
rv3375,3788969,1413.5
rv3375,3788997,0
rv3375,3789041,327.6
rv3375,3789063,397.3
rv3375,3789089,463.59999999999997
rv3375,3789149,1101.7
rv3375,3789227,2402.5
rv3375,3789236,609.1999999999999
rv3375,3789464,1137.3
rv3375,3789490,443
rv3375,3789510,181.8
rv3375,3789525,211
rv3375,3789538,47.2
rv3375,3789578,2023.1
rv3375,3789803,319.1
rv3375,3789824,272.8
rv3375,3789881,1267
rv3375,3790072,310.20000000000005
rv3375,3790083,4805.8
rv3375,3790089,0
rv3375,3790202,23.6
rv3379c,3793438,163.9
rv3379c,3793441,269
rv3379c,3793445,100.6
rv3379c,3793488,1003.2
rv3379c,3793496,98.3
rv3379c,3793500,409.5
rv3379c,3793515,434.5
rv3379c,3793582,3996.1
rv3379c,3793606,2501
rv3379c,3793646,675
rv3379c,3793877,11034.9
rv3379c,3793982,255
rv3379c,3793998,1012.6999999999999
rv3379c,3794100,0
rv3379c,3794133,11.7
rv3379c,3794194,1554.6
rv3379c,3794229,2931.4
rv3379c,3794293,31.4
rv3379c,3794313,1391.1
rv3379c,3794429,1332.2
rv3379c,3794471,8731
rv3379c,3794503,64.2
rv3379c,3794516,2018.1
rv3379c,3794519,6058.5
rv3379c,3794546,1413.5
rv3379c,3794568,108.3
rv3379c,3794617,3413.2999999999997
rv3379c,3794621,1236.3
rv3379c,3794679,2409.3
rv3379c,3794713,1574.1
rv3379c,3794756,30.2
rv3379c,3794950,29
rv3379c,3794958,385.3
rv3379c,3794993,55.5
rv3379c,3795022,1366.1
rv3383c,3797635,6918.3
rv3383c,3797694,939.6
rv3383c,3797766,108.6
rv3383c,3797810,2497.3
rv3383c,3797880,2882.3
rv3383c,3798031,3545.7
rv3383c,3798095,1721.3
rv3383c,3798108,2819.4
rv3383c,3798130,2047.8
rv3383c,3798153,565.1
rv3383c,3798187,8.8
rv3383c,3798229,0
rv3383c,3798298,806.4
rv3383c,3798396,6841.9
rv3383c,3798437,1314.2
rv3383c,3798458,1271.1000000000001
rv3383c,3798515,483.3
rv3383c,3798598,3480.2
rv3383c,3798658,801.4
rv3388,3802016,33398.7
rv3388,3802091,4091
rv3388,3802261,595.9
rv3388,3802388,617.1
rv3388,3802579,374.8
rv3388,3802745,44
rv3388,3802871,371.90000000000003
rv3388,3802951,0
rv3388,3802985,351.1
rv3388,3803032,1209.7
rv3388,3803062,20.5
rv3388,3803207,469.2
rv3388,3803442,970.6999999999999
rv3388,3803578,167.1
rv3388,3803629,0
rv3388,3803677,31
rv3388,3803776,76.4
rv3388,3803863,440.3
rv3388,3803908,45.3
rv3388,3804026,8077.3
rv3390,3805085,1778.3
rv3390,3805106,3346.5
rv3390,3805161,374.4
rv3390,3805300,22653.8
rv3390,3805444,16249.6
rv3390,3805446,22771.8
rv3390,3805491,7220.2
rv3390,3805555,4215.9
rv3390,3805572,5464.4
rv3390,3805598,3665.3999999999996
rv3390,3805638,4616.9
rv3390,3805743,4891.2
rv3391,3805807,572.6
rv3391,3805815,2.8
rv3391,3805824,29.200000000000003
rv3391,3805833,154.6
rv3391,3805850,1137.3
rv3391,3805913,2778.2999999999997
rv3391,3805955,1266.7
rv3391,3806015,937.1
rv3391,3806022,15.899999999999999
rv3391,3806051,1587.6
rv3391,3806167,2205.9
rv3391,3806201,287
rv3391,3806212,1848.2
rv3391,3806269,74.10000000000001
rv3391,3806278,845.4
rv3391,3806341,4122.8
rv3391,3806344,8332.3
rv3391,3806440,4344.9
rv3391,3806539,1136.1
rv3391,3806576,220.20000000000002
rv3391,3806779,438.2
rv3391,3806800,193.3
rv3391,3806936,282.3
rv3391,3806966,674.2
rv3391,3807094,701
rv3391,3807122,178.1
rv3391,3807163,484.5
rv3391,3807187,1736.8999999999999
rv3391,3807298,1273.5
rv3391,3807307,1731.4
rv3391,3807396,2319.2
rv3391,3807534,96.6
rv3391,3807556,1614.1
rv3391,3807598,8.6
rv3391,3807607,2.6
rv3391,3807751,348.4
rv3392c,3807788,608.1999999999999
rv3392c,3807824,972.6
rv3392c,3807831,1437.6
rv3392c,3807833,736
rv3392c,3807842,12.7
rv3392c,3807923,156.7
rv3392c,3807994,0
rv3392c,3808178,24.6
rv3392c,3808279,57.1
rv3392c,3808361,184.6
rv3392c,3808508,537.9
rv3392c,3808520,2136.5
rv3392c,3808571,1829.8000000000002
rv3393,3808651,434
rv3393,3808698,1830.2
rv3393,3808762,56.4
rv3393,3808897,359.59999999999997
rv3393,3808902,9.1
rv3393,3808941,55.5
rv3393,3809313,776.1
rv3393,3809346,4285.5
rv3393,3809355,5505.2
rv3393,3809357,10047.3
rv3396c,3812682,649.1
rv3396c,3812790,0
rv3396c,3812862,1.3
rv3396c,3812995,0
rv3396c,3813034,0
rv3396c,3813243,0
rv3396c,3813277,2.2
rv3396c,3813563,0
rv3396c,3813726,0
rv3396c,3813790,0
rv3396c,3813848,0
rv3396c,3813915,0
rv3396c,3813978,9.1
rv3396c,3813998,0
rv3396c,3814013,0
rv3396c,3814047,0
rv3396c,3814182,11
rv3397c,3814271,707.1999999999999
rv3397c,3814303,0
rv3397c,3814330,4.3
rv3397c,3814400,872.5
rv3397c,3814445,760.6999999999999
rv3397c,3814520,884.6
rv3397c,3814615,4245.2
rv3397c,3814621,681.4
rv3397c,3814649,1783.1
rv3397c,3814692,569.6
rv3397c,3814730,0
rv3397c,3814808,793.1999999999999
rv3397c,3814857,0
rv3397c,3814959,88.9
rv3397c,3814962,85
rv3397c,3815057,1309.7
rv3397c,3815068,50.4
rv3397c,3815108,902.9
rv3397c,3815111,1840.5
rv3397c,3815156,1289.7
rv3398c,3815229,2982.7
rv3398c,3815306,2204.5
rv3398c,3815473,140.9
rv3398c,3815511,1012.8
rv3398c,3815598,66.6
rv3398c,3815642,101.9
rv3398c,3815876,959.4
rv3398c,3816123,519.6
rv3398c,3816232,491.8
rv3398c,3816264,159.9
rv3398c,3816277,0
rv3409c,3827274,4117.3
rv3409c,3827412,3475.6
rv3409c,3827424,36
rv3409c,3827430,11785.2
rv3409c,3827442,992.1
rv3409c,3827605,16042.699999999999
rv3409c,3827640,1210.5
rv3409c,3827650,20.2
rv3409c,3827886,545.3
rv3409c,3828019,131.4
rv3409c,3828061,205.5
rv3409c,3828270,26.8
rv3409c,3828316,1252.2
rv3409c,3828369,2264.1
rv3409c,3828549,1428.9
rv3409c,3828627,12131.5
rv3409c,3828642,2279.7
rv3409c,3828706,4763.9
rv3409c,3828720,4179.2
rv3409c,3828825,160.6
rv3409c,3828880,1335
rv3409c,3828894,3271
rv3410c,3829012,230.8
rv3410c,3829038,0
rv3410c,3829215,0
rv3410c,3829223,5
rv3410c,3829312,22.700000000000003
rv3410c,3829336,32.7
rv3410c,3829435,48.3
rv3410c,3829518,63.400000000000006
rv3410c,3829619,16
rv3410c,3829635,26.5
rv3410c,3829737,14.899999999999999
rv3410c,3829966,72.1
rv3410c,3830033,679.2
rv3410c,3830050,236
rv3411c,3830111,30.099999999999998
rv3411c,3830120,2164.1
rv3411c,3830123,0
rv3411c,3830212,0
rv3411c,3830240,0
rv3411c,3830369,0
rv3411c,3830384,0
rv3411c,3830438,0
rv3411c,3830447,0
rv3411c,3830564,0
rv3411c,3830617,0
rv3411c,3830770,0
rv3411c,3831423,0
rv3411c,3831504,0
rv3411c,3831621,0
rv3411c,3831644,0
rv3414c,3833489,1851.7
rv3414c,3833549,1028.7
rv3414c,3833585,2.9
rv3414c,3833602,3080.3
rv3414c,3833684,464.8
rv3414c,3833803,1591.6
rv3414c,3833815,586.4
rv3414c,3833838,294.3
rv3414c,3833856,415.20000000000005
rv3416,3835091,1677.1
rv3416,3835271,2034.7
rv3416,3835288,1849.4
rv3416,3835328,4734.4000000000005
rv3416,3835378,9307.6
rv3418c,3837167,0
rv3418c,3837212,0
rv3418c,3837227,0
rv3418c,3837248,11
rv3418c,3837257,0
rv3419c,3837861,220.6
rv3419c,3837978,242.3
rv3419c,3837996,20.4
rv3419c,3838058,56.1
rv3419c,3838093,814.1
rv3419c,3838135,411.8
rv3419c,3838231,280
rv3419c,3838264,639.1
rv3419c,3838346,2147.8
rv3419c,3838399,655
rv3419c,3838441,681
rv3419c,3838468,275.9
rv3420c,3838789,2701.7
rv3420c,3838800,879.3000000000001
rv3420c,3838824,90.6
rv3420c,3838827,729.2
rv3420c,3838869,498.8
rv3420c,3838891,219.9
rv3420c,3838911,1016.8000000000001
rv3420c,3838980,276.8
rv3420c,3839013,623.6
rv3420c,3839055,160.2
rv3420c,3839091,2811.9
rv3423c,3840396,81.1
rv3423c,3840409,0
rv3423c,3840438,0
rv3423c,3840660,0
rv3423c,3840717,0
rv3423c,3840812,0
rv3423c,3840821,0
rv3423c,3840828,0
rv3423c,3840880,0
rv3423c,3840899,0
rv3423c,3840955,0
rv3423c,3841005,0
rv3423c,3841012,0
rv3423c,3841064,0
rv3423c,3841123,0
rv3423c,3841285,0
rv3423c,3841307,0
rv3423c,3841378,0
rv3423c,3841392,0
rv3423c,3841468,0
rv3423c,3841517,0
rv3425,3842432,140.4
rv3425,3842443,325.8
rv3425,3842445,373.6
rv3425,3842456,804
rv3425,3842459,931.3
rv3425,3842461,371.9
rv3425,3842521,26.5
rv3425,3842589,958.4
rv3425,3842626,4666.1
rv3425,3842643,2231.4
rv3425,3842661,5509.5
rv3425,3842701,2606.8
rv3425,3842703,733.9
rv3425,3842726,756
rv3425,3842795,908.5
rv3425,3842830,4453.2
rv3425,3842839,2240.7
rv3425,3842861,2467.4
rv3425,3842872,9890
rv3425,3842876,18019
rv3425,3842897,126.6
rv3425,3842935,2225.7
rv3425,3842947,683.6
rv3426,3843223,1596.5
rv3426,3843229,0
rv3426,3843240,108.69999999999999
rv3426,3843242,343.5
rv3426,3843253,200.2
rv3426,3843256,101.2
rv3426,3843258,996.5
rv3426,3843285,271.9
rv3426,3843313,65.4
rv3426,3843326,97.5
rv3426,3843386,1362.2
rv3426,3843423,8.3
rv3426,3843440,184.2
rv3426,3843490,253
rv3426,3843498,839.9
rv3426,3843523,232.5
rv3426,3843536,109.19999999999999
rv3426,3843593,34.6
rv3426,3843628,730.7
rv3426,3843637,121.7
rv3426,3843651,32.8
rv3426,3843670,1477.7
rv3426,3843674,2196.9
rv3426,3843695,25
rv3426,3843745,827.8
rv3429,3847358,121
rv3429,3847369,764.8
rv3429,3847371,964
rv3429,3847382,1020.8
rv3429,3847385,1518.2
rv3429,3847387,688.8
rv3429,3847439,470.7
rv3429,3847444,1706.8
rv3429,3847446,148.9
rv3429,3847455,595.5
rv3429,3847467,242
rv3429,3847515,2878.6
rv3429,3847552,721.4
rv3429,3847569,1083.9
rv3429,3847600,3003.5
rv3429,3847621,7655.5999999999995
rv3429,3847627,2895.8
rv3429,3847652,1761.8999999999999
rv3429,3847665,1768.7
rv3429,3847721,579
rv3429,3847756,1643.3
rv3429,3847765,111.9
rv3429,3847779,390.3
rv3429,3847798,1546.5
rv3429,3847806,572.6
rv3429,3847818,666.6
rv3429,3847823,1584.1000000000001
rv3429,3847828,5544.7
rv3429,3847861,1867.7
rv3429,3847879,1328.6
rv3432c,3850553,7606.1
rv3432c,3850721,1787.7
rv3432c,3850778,2600.1
rv3432c,3850914,19659.100000000002
rv3432c,3850916,2099
rv3432c,3850946,8558.6
rv3432c,3850949,4652.4
rv3432c,3850968,13.399999999999999
rv3432c,3851018,6230.7
rv3432c,3851090,1523.3
rv3432c,3851102,7394.8
rv3432c,3851155,1502.3
rv3432c,3851212,1614.2
rv3432c,3851292,1700.2
rv3432c,3851294,22565.2
rv3432c,3851372,1789
rv3432c,3851396,1910.1000000000001
rv3432c,3851417,1215.7
rv3432c,3851669,856.5
rv3432c,3851679,866.3
rv3432c,3851775,3330.3
rv3432c,3851810,3522.6
rv3432c,3851885,1918.9
rv3436c,3855196,1752.8
rv3436c,3855244,0
rv3436c,3855297,0
rv3436c,3855312,0
rv3436c,3855352,0
rv3436c,3855492,0
rv3436c,3855562,0
rv3436c,3855607,0
rv3436c,3855733,0
rv3436c,3855757,0
rv3436c,3855799,0
rv3436c,3855868,0
rv3436c,3856016,11
rv3436c,3856039,0
rv3436c,3856099,0
rv3436c,3856123,11
rv3436c,3856130,0
rv3436c,3856282,0
rv3436c,3856288,0
rv3436c,3856356,0
rv3436c,3856390,0
rv3436c,3856457,0
rv3436c,3856611,0
rv3436c,3856651,0
rv3436c,3856685,0
rv3436c,3856862,0
rv3436c,3856865,0
rv3436c,3856984,0
rv3436c,3856993,0
rv3436c,3857029,0
rv3436c,3857050,13.9
rv3441c,3860583,0
rv3441c,3860613,0
rv3441c,3860635,0
rv3441c,3860666,0
rv3441c,3860683,0
rv3441c,3860941,0
rv3441c,3860964,0
rv3441c,3861066,0
rv3441c,3861094,0
rv3441c,3861188,0
rv3441c,3861226,0
rv3441c,3861241,0
rv3441c,3861279,0
rv3441c,3861294,0
rv3441c,3861550,1362.1
rv3442c,3861688,0
rv3442c,3861721,7.9
rv3442c,3861798,0
rv3442c,3861821,0
rv3442c,3861955,0
rv3442c,3862017,0
rv3442c,3862031,0
rv3443c,3862152,0
rv3443c,3862197,0
rv3443c,3862295,10.1
rv3443c,3862332,0
rv3443c,3862347,0
rv3443c,3862524,0
rv3443c,3862560,0
rv3444c,3862804,8801.2
rv3444c,3862942,1402.3
rv3444c,3863059,1164.3
rv3444c,3863080,1854.7
rv3444c,3863105,7062.2
rv3445c,3863127,1194.2
rv3445c,3863129,8566.4
rv3445c,3863235,4996.7
rv3445c,3863386,195.6
rv3445c,3863450,6466.7
rv3449,3869945,584.2
rv3449,3869965,2201.1
rv3449,3870046,0
rv3449,3870085,2735
rv3449,3870097,4707.3
rv3449,3870276,3250.6
rv3449,3870338,714
rv3449,3870583,1164.9
rv3449,3870600,6818.5
rv3449,3870647,1652.2
rv3449,3870688,2.9
rv3449,3870729,1160
rv3449,3870738,2481.4
rv3449,3870751,3943.6
rv3449,3870904,0
rv3449,3870918,472
rv3449,3871010,1234.1
rv3449,3871151,99.89999999999999
rv3449,3871189,815
rv3449,3871264,5.8
rv3449,3871283,176.4
rv3451,3873040,3081.9
rv3451,3873042,2103.6
rv3451,3873054,2060.7
rv3451,3873070,659.5
rv3451,3873106,541.2
rv3451,3873116,6522.2
rv3451,3873165,110.6
rv3451,3873191,133.8
rv3451,3873238,452.4
rv3451,3873249,4613.8
rv3451,3873331,127.6
rv3451,3873423,9461.9
rv3451,3873427,8753
rv3451,3873435,5500.4
rv3451,3873452,2232.3
rv3452,3873735,1222.5
rv3452,3873830,307
rv3452,3873886,6570.2
rv3452,3873898,1027.3
rv3452,3874009,53
rv3452,3874253,5664.2
rv3452,3874258,5362.4
rv3452,3874309,1370
rv3455c,3876292,2.9
rv3455c,3876414,76.6
rv3455c,3876640,98.1
rv3455c,3876667,21.8
rv3455c,3876688,9.2
rv3455c,3876694,214
rv3455c,3876749,11.899999999999999
rv3455c,3876841,16.9
rv3455c,3876956,40.8
rv3455c,3877036,0
rv3455c,3877043,0
rv3455c,3877070,12.3
rv3456c,3877219,4.2
rv3456c,3877302,1.3
rv3456c,3877323,0
rv3456c,3877331,0
rv3456c,3877380,0
rv3456c,3877472,2.9
rv3456c,3877599,0
rv3456c,3877611,0
rv3457c,3877644,823.1
rv3457c,3877665,154.7
rv3457c,3877680,63.2
rv3457c,3877719,22.3
rv3457c,3877905,0
rv3457c,3878160,0
rv3457c,3878184,0
rv3457c,3878250,0
rv3457c,3878296,2.9
rv3457c,3878371,0
rv3457c,3878396,0
rv3457c,3878400,0
rv3457c,3878510,0
rv3457c,3878592,0
rv3458c,3878839,1096.4
rv3458c,3878848,0
rv3458c,3878851,0
rv3458c,3878904,0
rv3458c,3879040,0
rv3458c,3879055,0
rv3458c,3879151,0
rv3458c,3879232,2.8
rv3458c,3879235,2.8
rv3458c,3879258,0
rv3458c,3879265,0
rv3458c,3879307,0
rv3458c,3879352,0
rv3458c,3879433,0
rv3459c,3879453,474.9
rv3459c,3879487,0
rv3459c,3879835,0
rv3460c,3879876,0
rv3460c,3879880,0
rv3460c,3879956,2.2
rv3460c,3879964,0
rv3460c,3879990,10.4
rv3460c,3880028,0
rv3460c,3880074,0
rv3460c,3880168,0
rv3460c,3880188,0
rv3460c,3880213,0
rv3460c,3880249,2.2
rv3461c,3880466,1974.6999999999998
rv3461c,3880509,11
rv3461c,3880570,1.3
rv3462c,3880612,456.7
rv3462c,3880618,25.9
rv3462c,3880624,0
rv3462c,3880651,0
rv3462c,3880699,0
rv3462c,3880809,0
rv3464,3882026,11
rv3464,3882077,0
rv3464,3882102,0
rv3464,3882107,0
rv3464,3882124,0
rv3464,3882186,0
rv3464,3882385,0
rv3464,3882436,0
rv3464,3882438,0
rv3464,3882454,0
rv3464,3882508,0
rv3464,3882515,0
rv3464,3882547,0
rv3464,3882556,0
rv3464,3882625,0
rv3464,3882721,0
rv3464,3882844,0
rv3464,3882868,0
rv3464,3882878,0
rv3464,3882897,0
rv3464,3882937,1.3
rv3464,3882968,0
rv3464,3882991,0
rv3465,3883054,0
rv3465,3883102,0
rv3465,3883229,0
rv3465,3883336,0
rv3465,3883346,0
rv3465,3883362,0
rv3465,3883406,0
rv3465,3883424,0
rv3465,3883619,287
rv3469c,3886335,0
rv3469c,3886445,582.9
rv3469c,3886470,374.59999999999997
rv3469c,3886718,183.6
rv3469c,3886755,1011.4
rv3469c,3886766,1071.8
rv3469c,3886930,12001.4
rv3469c,3886949,1896.1
rv3469c,3887048,2609.7
rv3469c,3887123,346
rv3469c,3887180,579
rv3469c,3887198,5222.1
rv3470c,3887324,266.1
rv3470c,3887373,0
rv3470c,3887439,11.5
rv3470c,3887662,5573.7
rv3470c,3887773,0
rv3470c,3887802,95.39999999999999
rv3470c,3887818,1435.6
rv3470c,3888021,784.6
rv3470c,3888111,47.9
rv3470c,3888173,1319.5
rv3470c,3888199,2425.2
rv3470c,3888375,351.8
rv3470c,3888424,3276.2999999999997
rv3470c,3888484,1485.3
rv3470c,3888648,1386.4
rv3470c,3888702,2234.4
rv3470c,3888744,745.3
rv3470c,3888824,214.3
rv3470c,3888916,246.2
rv3470c,3888925,2162.9
rv3473c,3890160,1562.8
rv3473c,3890204,14951.5
rv3473c,3890379,772.9000000000001
rv3473c,3890399,402.2
rv3473c,3890431,1292.7
rv3473c,3890506,8218.9
rv3473c,3890606,1282.5
rv3473c,3890747,267.40000000000003
rv3473c,3890773,516.8
rv3477,3894349,936.8
rv3477,3894436,285.5
rv3477,3894452,3938.7999999999997
rv3477,3894520,1403.6
rv3477,3894527,6691.5
rv3477,3894566,313.3
rv3478,3894624,2039.5
rv3478,3894653,3605.2999999999997
rv3478,3894780,2668.9
rv3478,3894821,4103.6
rv3478,3894896,379.4
rv3478,3894908,6014.9
rv3478,3894910,4699.5999999999995
rv3478,3894949,91.6
rv3478,3895025,2843.2
rv3478,3895061,5053.1
rv3478,3895067,436.5
rv3478,3895260,3005
rv3478,3895335,0
rv3478,3895410,3222.4
rv3478,3895686,0
rv3478,3895720,320.1
rv3478,3895754,786.5
rv3478,3895761,136.1
rv3478,3895784,761.3
rv3487c,3906411,3980.8
rv3487c,3906554,2108.4
rv3487c,3906640,16371.9
rv3487c,3906667,2009
rv3487c,3906684,12680.6
rv3487c,3906848,5912.5
rv3487c,3906906,12829.6
rv3487c,3906951,20.1
rv3487c,3906975,12514
rv3487c,3907018,1928.1
rv3487c,3907032,892.6999999999999
rv3487c,3907040,1986.1
rv3487c,3907134,7873.7
rv3490,3908488,12
rv3490,3908627,0
rv3490,3908704,0
rv3490,3908725,199.1
rv3490,3908733,52.1
rv3490,3908736,69.4
rv3490,3908772,12.9
rv3490,3908799,8.3
rv3490,3908823,58.6
rv3490,3908893,0
rv3490,3908901,97.1
rv3490,3908917,0
rv3490,3908989,2.6
rv3490,3908999,23.3
rv3490,3909037,30.8
rv3490,3909187,47.199999999999996
rv3490,3909206,18.1
rv3490,3909333,41.900000000000006
rv3490,3909352,29.5
rv3490,3909428,10.1
rv3490,3909456,148.9
rv3490,3909500,30.099999999999998
rv3490,3909510,9.1
rv3490,3909532,2.9
rv3490,3909540,118.1
rv3490,3909572,26.5
rv3490,3909616,12.7
rv3490,3909648,63.4
rv3490,3909729,49.1
rv3490,3909772,17.7
rv3490,3909915,19.4
rv3494c,3911855,1632.3
rv3494c,3911931,886.6
rv3494c,3911978,9203.8
rv3494c,3911987,876.2
rv3494c,3912083,118.2
rv3494c,3912110,0
rv3494c,3912278,1427.9
rv3494c,3912332,54.6
rv3494c,3912377,2937.2
rv3494c,3912397,4026.2
rv3494c,3912420,2.9
rv3494c,3912443,2268
rv3494c,3912494,11874.7
rv3494c,3912517,192.5
rv3494c,3912631,474.8
rv3494c,3912707,3641.6
rv3494c,3912968,2944.3
rv3494c,3913216,3148.6
rv3494c,3913226,8394.4
rv3494c,3913255,4094.6
rv3494c,3913314,133.8
rv3494c,3913330,4031.9
rv3494c,3913370,2049.8
rv3494c,3913391,6174.8
rv3494c,3913430,1857.2
rv3494c,3913466,3630.5
rv3495c,3913560,2038.6000000000001
rv3495c,3913576,402.1
rv3495c,3913591,4881.8
rv3495c,3913692,4204.3
rv3495c,3913756,5321.5999999999995
rv3495c,3913761,3965.3
rv3495c,3913786,319.40000000000003
rv3495c,3913875,3126.2
rv3495c,3914230,2452.9
rv3495c,3914366,9349.7
rv3495c,3914372,9767.3
rv3495c,3914463,7733.1
rv3495c,3914589,3171.7
rv3495c,3914684,956.5
rv3496c,3914791,2347.6
rv3496c,3914842,0
rv3496c,3914900,3563.3
rv3496c,3914918,3185.4
rv3496c,3914934,1285.4
rv3496c,3914960,1726.7
rv3496c,3915023,537.5
rv3496c,3915026,1268.9
rv3496c,3915054,35.9
rv3496c,3915090,96.9
rv3496c,3915103,72.89999999999999
rv3496c,3915143,12063.4
rv3496c,3915152,3783.2000000000003
rv3496c,3915418,97.5
rv3496c,3915433,1349.1
rv3496c,3915523,1716.1
rv3496c,3915706,857
rv3496c,3915720,872.5
rv3496c,3915722,3752.9
rv3496c,3915822,5689.5
rv3496c,3915908,526.2
rv3496c,3915932,2719.9
rv3496c,3915951,3353.6
rv3496c,3915954,390.5
rv3496c,3915974,8166.7
rv3496c,3916019,474.9
rv3497c,3916100,231
rv3497c,3916114,1381.5
rv3497c,3916127,283.59999999999997
rv3497c,3916198,941.0999999999999
rv3497c,3916255,5049.4
rv3497c,3916286,5292.8
rv3497c,3916288,4105.7
rv3497c,3916355,1338.1000000000001
rv3497c,3916676,2994.1
rv3497c,3916729,2382.3
rv3497c,3916945,2819.7000000000003
rv3497c,3916955,215.8
rv3497c,3916987,763
rv3497c,3916996,707.9
rv3497c,3917032,590.7
rv3497c,3917114,14566.800000000001
rv3497c,3917126,1779.7
rv3497c,3917130,2509.1
rv3498c,3917234,8607.1
rv3498c,3917255,2748
rv3498c,3917282,6209.8
rv3498c,3917343,0
rv3498c,3917409,1092.6
rv3498c,3917569,7067.7
rv3498c,3917731,146.7
rv3498c,3917867,97.9
rv3498c,3917894,2942.1
rv3498c,3917903,3353.2
rv3498c,3918044,4550.7
rv3499c,3918246,1745.3
rv3499c,3918265,4727.0999999999995
rv3499c,3918307,1211.5
rv3499c,3918338,73.1
rv3499c,3918400,2643.6
rv3499c,3918406,8677.9
rv3499c,3918455,4124.7
rv3499c,3918468,519.3
rv3499c,3918522,59.8
rv3499c,3918532,1305.4
rv3499c,3918613,4240.1
rv3499c,3918620,2145.5
rv3499c,3918623,8470.3
rv3499c,3918642,969.9
rv3499c,3918704,0
rv3499c,3918742,6082.8
rv3499c,3918792,1161.3
rv3499c,3918924,4408.2
rv3499c,3918969,2024.9
rv3499c,3919002,813.9
rv3499c,3919100,3271
rv3499c,3919156,4781.4
rv3499c,3919163,2282
rv3499c,3919179,5450.9000000000005
rv3499c,3919195,3867
rv3499c,3919220,163.4
rv3499c,3919245,574.6
rv3499c,3919262,797.8
rv3499c,3919280,1046.7
rv3499c,3919282,1662.1
rv3499c,3919291,1904
rv3500c,3919400,485.5
rv3500c,3919419,391.5
rv3500c,3919433,1048.5
rv3500c,3919489,540.7
rv3500c,3919541,3079.8
rv3500c,3919547,4796.3
rv3500c,3919550,14012.5
rv3500c,3919554,19532
rv3500c,3919567,604.6
rv3500c,3919581,4499
rv3500c,3919596,6209.3
rv3500c,3919640,10395.5
rv3500c,3919649,5707.6
rv3500c,3919727,3963.1
rv3500c,3919778,6054.1
rv3500c,3919887,134.2
rv3500c,3919956,178.6
rv3500c,3919979,3482.9
rv3500c,3920111,5.8
rv3500c,3920135,23076.8
rv3500c,3920153,2007.5
rv3500c,3920223,352.90000000000003
rv3500c,3920234,7624.2
rv3501c,3920277,1414.5
rv3501c,3920300,16337
rv3501c,3920302,1191.9
rv3501c,3920315,10194.7
rv3501c,3920346,1859.2
rv3501c,3920412,344.8
rv3501c,3920447,1482.5
rv3501c,3920468,3373.7
rv3501c,3920509,5112.0999999999995
rv3501c,3920553,381.1
rv3501c,3920897,770.9
rv3503c,3922245,704.7
rv3503c,3922344,7325.9
rv3503c,3922369,12173.9
rv3504,3922662,10905.5
rv3504,3922704,11986.800000000001
rv3504,3922764,4201.5
rv3504,3922782,694.4
rv3504,3922845,3838.5
rv3504,3922962,1278.9
rv3504,3923034,342.6
rv3504,3923103,13605.300000000001
rv3504,3923145,2744
rv3504,3923154,3765.5
rv3504,3923164,115.19999999999999
rv3504,3923170,2025.9
rv3504,3923215,1666.5
rv3504,3923224,3766.8
rv3504,3923301,6529.4
rv3504,3923304,5618.6
rv3504,3923320,214
rv3504,3923524,648
rv3504,3923639,0
rv3504,3923661,763
rv3505,3924019,1078.2
rv3505,3924135,1909.9
rv3505,3924303,114.3
rv3505,3924336,90.6
rv3505,3924364,0
rv3505,3924478,1538.5
rv3505,3924615,453.4
rv3505,3924690,517.5
rv3505,3924722,602.2
rv3505,3924845,3033.4
rv3505,3924895,2559.6
rv3505,3924903,1907.7
rv3505,3924996,1056.5
rv3506,3925112,0
rv3506,3925138,854
rv3506,3925250,3687.4
rv3506,3925365,1006.8000000000001
rv3506,3925412,5087.9
rv3506,3925482,27.2
rv3506,3925648,1985.1
rv3506,3925777,275
rv3506,3925789,2902.9
rv3506,3925798,11543.4
rv3506,3925819,4259.7
rv3506,3925876,1830
rv3506,3925892,1312.4
rv3506,3926122,2943
rv3506,3926125,10312.7
rv3506,3926170,3536.4
rv3506,3926191,114.5
rv3506,3926209,468.7
rv3506,3926215,1650.3
rv3506,3926264,501.9
rv3506,3926299,0
rv3506,3926326,705
rv3506,3926333,0
rv3506,3926372,5385.7
rv3506,3926464,6153.3
rv3506,3926575,185.7
rv3507,3926887,3111.4
rv3507,3926931,2455.1
rv3507,3926953,3141.3
rv3507,3926966,461.09999999999997
rv3507,3927006,3511.2000000000003
rv3507,3927040,1500
rv3507,3927061,748.2
rv3507,3927134,10.1
rv3507,3927157,1367.4
rv3507,3927209,148.7
rv3507,3927236,23.900000000000002
rv3507,3927293,0
rv3507,3927332,118.89999999999999
rv3507,3927545,12.7
rv3507,3927854,8.8
rv3507,3927937,103.4
rv3507,3927980,0
rv3507,3928064,27.2
rv3507,3928075,1879.6
rv3507,3928193,71.7
rv3507,3928307,0
rv3507,3928442,0
rv3507,3928451,0
rv3507,3928460,1.3
rv3507,3928774,291.4
rv3507,3928820,751.7
rv3507,3928873,508.7
rv3507,3929117,141.2
rv3507,3929333,885.5
rv3507,3929390,39.4
rv3507,3929426,55.8
rv3507,3929480,66.7
rv3507,3929618,338.4
rv3507,3929627,2.9
rv3507,3929681,520.8
rv3507,3929716,5717.9
rv3507,3929783,18.5
rv3507,3930100,539
rv3507,3930335,0
rv3507,3930662,5.6
rv3507,3930830,39.4
rv3508,3931258,1110.5
rv3508,3931333,2568.9
rv3508,3931367,3351.7
rv3508,3931378,5159.1
rv3508,3931397,3078.2
rv3508,3931426,202.5
rv3508,3931442,14148.5
rv3508,3931945,96.8
rv3508,3932074,232.8
rv3508,3932092,36.1
rv3508,3932239,531.3
rv3508,3932409,218.79999999999998
rv3508,3932419,35.3
rv3508,3932557,738.9
rv3508,3932605,24.6
rv3508,3932686,0
rv3508,3932752,18
rv3508,3932983,596.8
rv3508,3933076,59.1
rv3508,3933160,19.400000000000002
rv3508,3933196,232.8
rv3508,3933214,89.89999999999999
rv3508,3933223,0
rv3508,3933283,0
rv3508,3933514,30.2
rv3508,3933550,100.8
rv3508,3934153,384.40000000000003
rv3508,3934756,417.5
rv3508,3935238,46.1
rv3508,3935317,89.6
rv3508,3935407,746.9000000000001
rv3508,3935853,66.6
rv3508,3935932,82.39999999999999
rv3508,3936022,675.6
rv3508,3936468,44.5
rv3508,3936721,7.9
rv3508,3936730,212
rv3508,3936887,3889.6
rv3509c,3937057,2023.1
rv3509c,3937080,8494.9
rv3509c,3937175,3886.9
rv3509c,3937215,2495.3
rv3509c,3937217,3855.5
rv3509c,3937294,3485.7
rv3509c,3937309,8957.6
rv3509c,3937369,6130.6
rv3509c,3937453,184.4
rv3509c,3937478,3834
rv3509c,3937535,7372.5
rv3509c,3937671,1027.7
rv3509c,3937766,2365.3
rv3509c,3937774,206
rv3509c,3937861,1767.5
rv3509c,3937886,319.9
rv3509c,3937926,267.2
rv3509c,3938261,36.2
rv3509c,3938284,3023
rv3509c,3938296,3717.5
rv3509c,3938431,4332.9
rv3509c,3938450,60.4
rv3509c,3938502,2835.5
rv3511,3939848,4272.1
rv3511,3939963,7246.9
rv3511,3939967,19082.2
rv3511,3939979,2121
rv3511,3940009,2098.2
rv3511,3940054,12573.7
rv3511,3940091,1307.3
rv3511,3940271,521.9
rv3511,3940346,1072.2
rv3511,3940348,1102.9
rv3511,3940446,11.7
rv3511,3940575,0
rv3511,3940653,106
rv3511,3940764,488.8
rv3511,3940857,279.3
rv3511,3940922,833
rv3511,3941086,57.5
rv3511,3941148,260.8
rv3511,3941232,102.8
rv3511,3941250,65.8
rv3511,3941340,1420.8
rv3511,3941379,8.8
rv3511,3941492,180.9
rv3511,3941828,145.5
rv3512,3942184,247.8
rv3512,3942220,0
rv3512,3942265,169.1
rv3512,3942312,373.2
rv3512,3942343,635.9
rv3512,3942559,269.7
rv3512,3942697,80.6
rv3512,3942733,667.6
rv3512,3942790,31.2
rv3512,3942799,248.5
rv3512,3942874,261.2
rv3512,3942892,0
rv3512,3943030,14.6
rv3512,3943210,0
rv3512,3943282,668
rv3512,3943480,932.3
rv3512,3943519,0
rv3512,3943684,68.6
rv3512,3943777,32.6
rv3512,3943792,944.6
rv3512,3943843,391.09999999999997
rv3512,3944173,195.79999999999998
rv3512,3944218,14.4
rv3512,3944239,1117.2
rv3512,3944545,0
rv3512,3944824,9.1
rv3512,3945064,1880.2
rv3512,3945140,1272.5
rv3513c,3945347,883.8
rv3513c,3945357,400.3
rv3513c,3945413,1945.8
rv3513c,3945509,242.5
rv3513c,3945590,1329.2
rv3513c,3945671,8473.4
rv3513c,3945689,2143.6
rv3513c,3945702,1905.6
rv3513c,3945743,14234.7
rv3513c,3945746,2512
rv3513c,3945864,3263.9
rv3513c,3945882,17586.8
rv3513c,3945885,21725.2
rv3513c,3945900,11547.3
rv3513c,3945913,3618.3
rv3513c,3945927,1744.8
rv3514,3946047,661
rv3514,3946122,3133.4
rv3514,3946156,2806
rv3514,3946167,3800.1
rv3514,3946186,2810.5
rv3514,3946215,169.6
rv3514,3946231,15138.8
rv3514,3946734,112.6
rv3514,3946863,227.9
rv3514,3946881,53.5
rv3514,3947028,454.2
rv3514,3947112,7.9
rv3514,3947250,82.2
rv3514,3947334,0
rv3514,3947592,366.9
rv3514,3947685,6.7
rv3514,3947943,352.1
rv3514,3948036,13.7
rv3514,3948183,272.6
rv3514,3948276,7.9
rv3514,3948534,286.8
rv3514,3948771,0
rv3514,3948836,124.4
rv3514,3948986,292.9
rv3514,3949047,0
rv3514,3949134,365
rv3514,3949371,0
rv3514,3949589,170.6
rv3514,3949650,0
rv3514,3949971,0
rv3514,3950286,488.7
rv3514,3950295,349.5
rv3514,3950304,212.1
rv3515c,3951079,897.7
rv3515c,3951089,311.8
rv3515c,3951145,1535.4
rv3515c,3951241,216.2
rv3515c,3951322,832.9
rv3515c,3951403,4054.6
rv3515c,3951421,1702.3
rv3515c,3951434,911.9
rv3515c,3951475,8212.9
rv3515c,3951478,966.2
rv3515c,3951632,80.5
rv3515c,3951769,916.9
rv3515c,3951897,486.1
rv3515c,3951973,0
rv3515c,3952018,458.2
rv3515c,3952075,6694.9
rv3515c,3952132,2880.6
rv3515c,3952141,6670
rv3515c,3952204,5951.6
rv3515c,3952222,362.3
rv3515c,3952231,184.6
rv3515c,3952272,8688.8
rv3515c,3952315,158.7
rv3515c,3952363,1166.2
rv3515c,3952384,798.3000000000001
rv3515c,3952468,3673.4
rv3515c,3952535,2014.2
rv3515c,3952552,2788.1
rv3515c,3952577,721.3
rv3515c,3952631,1909.6
rv3516,3952903,354.2
rv3516,3952975,755.5
rv3516,3953149,982.5
rv3516,3953194,16433.2
rv3516,3953235,534
rv3516,3953309,4907.7
rv3516,3953334,0
rv3516,3953512,12.3
rv3518c,3954618,1.3
rv3518c,3954839,0
rv3518c,3954870,0
rv3518c,3954888,10927.2
rv3518c,3954974,159
rv3518c,3954989,1419.7
rv3518c,3955056,104.8
rv3518c,3955156,419.2
rv3518c,3955302,0
rv3518c,3955430,0
rv3518c,3955564,3055.2
rv3518c,3955630,15.899999999999999
rv3518c,3955657,2881.9
rv3522,3958641,1029.9
rv3522,3958695,1972
rv3522,3958736,3215.4
rv3522,3958738,1532.4
rv3522,3958798,350
rv3522,3958853,154.3
rv3522,3958903,3574.3
rv3522,3958912,3360.8
rv3522,3958954,2147.2000000000003
rv3522,3959017,3580.4
rv3522,3959048,20.1
rv3522,3959063,1963.3
rv3522,3959244,98.8
rv3522,3959405,719.3000000000001
rv3522,3959460,978.7
rv3522,3959505,82.7
rv3522,3959574,291.6
rv3522,3959595,3661.7
rv3522,3959689,1412.9
rv3523,3959730,245.9
rv3523,3959753,4642.9
rv3523,3959907,4554.5
rv3523,3959955,466.90000000000003
rv3523,3959991,842.4
rv3523,3960023,801.6999999999999
rv3523,3960042,1095.3999999999999
rv3523,3960134,1595.3
rv3523,3960158,5794.2
rv3523,3960160,831.1
rv3523,3960196,2654.5
rv3523,3960309,286.5
rv3523,3960432,717.4
rv3523,3960563,479.6
rv3523,3960675,4.5
rv3523,3960821,1512.1
rv3523,3960839,667.5
rv3523,3960847,4890.5999999999995
rv3523,3960890,1749.7
rv3532,3969573,16622.5
rv3532,3969575,1983.8
rv3532,3969660,4317.5
rv3532,3969741,5531.3
rv3532,3969880,2771.6
rv3532,3969889,1219
rv3532,3969945,1688.5
rv3532,3969981,13931.8
rv3532,3969987,8470
rv3532,3970028,9891.5
rv3532,3970156,2226.2
rv3532,3970225,586
rv3532,3970273,1607.8000000000002
rv3532,3970284,1718.6
rv3532,3970325,989.5
rv3532,3970372,5077.2
rv3532,3970459,360.7
rv3532,3970474,1426.6
rv3532,3970517,1264.9
rv3532,3970695,627
rv3532,3970702,1353.5
rv3533c,3970965,3665.6
rv3533c,3970985,801.5
rv3533c,3971219,812.8
rv3533c,3971246,492.1
rv3533c,3971276,873
rv3533c,3971370,2541.7
rv3533c,3971396,1139.3
rv3533c,3971459,4235.5
rv3533c,3971534,1139.6
rv3533c,3971801,907.5999999999999
rv3533c,3971831,1181.7
rv3533c,3972020,1098.4
rv3533c,3972086,463
rv3533c,3972095,348.90000000000003
rv3533c,3972172,1675.6000000000001
rv3533c,3972214,4847.6
rv3533c,3972418,2747.3
rv3533c,3972602,2344.8
rv3533c,3972618,1547.6
rv3533c,3972625,6089.0999999999995
rv3539,3978286,333.4
rv3539,3978311,0
rv3539,3978456,85
rv3539,3978529,1044.6
rv3539,3978554,1208.1
rv3539,3978658,780.5
rv3539,3978700,2350.7
rv3539,3978816,2.9
rv3539,3978843,326.9
rv3539,3978881,935.7
rv3539,3978902,259.2
rv3539,3978916,1073.6000000000001
rv3539,3978982,547.9
rv3539,3979005,26.6
rv3539,3979047,70.5
rv3539,3979159,1362.5
rv3539,3979246,2135.2
rv3539,3979282,909.4
rv3539,3979312,1087.4
rv3539,3979330,1134.4
rv3539,3979332,1014.5
rv3539,3979339,1137.7
rv3539,3979344,401.4
rv3539,3979414,1075.7
rv3539,3979435,176.8
rv3539,3979457,1015.1
rv3539,3979504,4326.7
rv3539,3979618,87
rv3539,3979627,1379.7
rv3539,3979648,312.8
rv3539,3979675,699.2
rv3540c,3979679,1269.6
rv3540c,3979701,772.3
rv3540c,3979814,875.4
rv3540c,3979944,411.59999999999997
rv3540c,3979964,100.89999999999999
rv3540c,3980014,648.6
rv3540c,3980066,394.3
rv3540c,3980069,1862
rv3540c,3980084,1742.8
rv3540c,3980263,0
rv3540c,3980276,293.6
rv3540c,3980282,167.5
rv3540c,3980369,607.4
rv3540c,3980423,75.5
rv3540c,3980522,540.5
rv3540c,3980562,249.60000000000002
rv3540c,3980603,600.6
rv3540c,3980808,0
rv3540c,3980833,1.3
rv3543c,3982279,631
rv3543c,3982313,136.5
rv3543c,3982423,178.2
rv3543c,3982556,380.5
rv3543c,3982591,615.8
rv3543c,3982682,847.6999999999999
rv3543c,3982685,681.4
rv3543c,3982739,150
rv3543c,3982765,1103.3000000000002
rv3543c,3982788,90.5
rv3543c,3982826,826.9
rv3543c,3982877,572.8
rv3543c,3982946,8.8
rv3543c,3983185,362.2
rv3543c,3983198,263.40000000000003
rv3543c,3983264,1068.7
rv3543c,3983272,276.5
rv3544c,3983389,1247.1
rv3544c,3983392,894.4
rv3544c,3983407,724.1
rv3544c,3983485,0
rv3544c,3983581,1475.5
rv3544c,3983630,171.2
rv3544c,3983656,1180.5
rv3544c,3983701,1982.4
rv3544c,3983724,521.9
rv3544c,3983748,586.9
rv3544c,3983803,4471.4
rv3544c,3983831,1258.5
rv3544c,3983920,172
rv3544c,3983966,1595.3
rv3544c,3984021,1586.9
rv3544c,3984174,866.2
rv3545c,3984324,2741.8
rv3545c,3984343,3922.3
rv3545c,3984351,3235.5
rv3545c,3984370,3295.7
rv3545c,3984443,174.9
rv3545c,3984451,718
rv3545c,3984458,1391.8
rv3545c,3984498,1953.1
rv3545c,3984553,5365.7
rv3545c,3984592,388.90000000000003
rv3545c,3984603,357.2
rv3545c,3984631,11918.1
rv3545c,3984638,4553.6
rv3545c,3984654,2475.3
rv3545c,3984744,7592.5
rv3545c,3984817,0
rv3545c,3984883,45.3
rv3545c,3984957,301.59999999999997
rv3545c,3985002,1161.6
rv3545c,3985350,6626.2
rv3545c,3985369,3288.1
rv3545c,3985379,2274.1
rv3545c,3985524,1991
rv3545c,3985579,5030.1
rv3545c,3985589,2816.6
rv3546,3985742,122.7
rv3546,3986170,61.300000000000004
rv3546,3986418,707.6
rv3546,3986588,3230.5
rv3546,3986591,3458.4
rv3546,3986909,823.1
rv3550,3989386,9.1
rv3550,3989602,782.6
rv3550,3989802,175.29999999999998
rv3550,3989989,55.5
rv3550,3990009,1778.8
rv3550,3990073,1645
rv3554,3992888,1803.1
rv3554,3992893,839.7
rv3554,3992902,4227.9
rv3554,3993043,1917.7
rv3554,3993053,5846.7
rv3554,3993146,723.9
rv3554,3993239,3002.4
rv3554,3993350,1912.2
rv3554,3993356,3634.3
rv3554,3993365,9717.2
rv3554,3993368,2315.7
rv3554,3993511,2436
rv3554,3993520,1593.1
rv3554,3993590,35.1
rv3554,3993656,810.2
rv3554,3993695,3464
rv3554,3993701,401.8
rv3554,3993734,2683.1
rv3554,3993794,74.4
rv3554,3994040,572.8000000000001
rv3554,3994214,3593
rv3554,3994310,619.7
rv3554,3994373,1124.6000000000001
rv3554,3994480,1059.8
rv3554,3994604,664.2
rv3554,3994640,2523
rv3554,3994686,12
rv3554,3994751,1002
rv3554,3994859,1165.7
rv3554,3994910,229.6
rv3554,3994919,2075
rv3556c,3995984,799.9
rv3556c,3995997,282.8
rv3556c,3996047,0
rv3556c,3996112,7.9
rv3556c,3996192,749.2
rv3556c,3996196,203.6
rv3556c,3996269,48.199999999999996
rv3556c,3996304,55.2
rv3556c,3996354,1129.3
rv3556c,3996611,215.60000000000002
rv3556c,3996695,131.9
rv3556c,3996703,814.8
rv3556c,3996917,20.6
rv3556c,3997074,25.200000000000003
rv3556c,3997114,1204.5
rv3556c,3997130,7103.5
rv3556c,3997143,2987.5
rv3558,3998207,2946
rv3558,3998316,57.099999999999994
rv3558,3998375,1051.6
rv3558,3998431,1228.3
rv3558,3998579,1064
rv3558,3998588,6937.8
rv3558,3998621,1170.9
rv3558,3998815,2484.5
rv3558,3998907,21031.399999999998
rv3558,3998914,1013.6
rv3558,3999169,291.6
rv3558,3999256,1733.3
rv3558,3999399,2661.7
rv3558,3999541,639.9
rv3558,3999624,973.5
rv3558,3999763,2421.9
rv3558,3999780,0
rv3558,3999815,0
rv3560c,4000687,1086
rv3560c,4000710,1585.1
rv3560c,4000714,5000.5999999999995
rv3560c,4000716,1802.4
rv3560c,4000766,48.900000000000006
rv3560c,4000885,1290.3999999999999
rv3560c,4001002,408
rv3560c,4001209,1070.6
rv3560c,4001310,440.2
rv3560c,4001386,896.5
rv3560c,4001530,1774.6
rv3560c,4001539,1086.7
rv3560c,4001690,3725.2
rv3561,4001820,1204.9
rv3561,4001871,779.8
rv3561,4001939,1091.1
rv3561,4002083,866.5
rv3561,4002452,1470.6000000000001
rv3561,4002488,2017.1
rv3561,4002620,1900.7
rv3561,4002764,186.7
rv3561,4002923,2950.2999999999997
rv3561,4003046,4146.9
rv3561,4003070,134.79999999999998
rv3561,4003223,9.1
rv3561,4003281,634.2
rv3561,4003303,517.2
rv3561,4003337,997.1999999999999
rv3562,4003433,0
rv3562,4003466,0
rv3562,4003479,0
rv3562,4003519,0
rv3562,4003523,570.3
rv3562,4003574,0
rv3562,4003690,0
rv3562,4003791,18.5
rv3562,4003895,166.5
rv3562,4003927,214.3
rv3562,4004201,110.4
rv3562,4004399,1325.2
rv3563,4004645,63.800000000000004
rv3563,4004804,322.5
rv3563,4004885,227.70000000000002
rv3563,4004965,930.1
rv3563,4005011,483.5
rv3563,4005025,1137.7
rv3563,4005100,495
rv3563,4005142,2316.4
rv3563,4005208,349
rv3563,4005387,407.9
rv3563,4005425,1863.8
rv3564,4005454,213.7
rv3564,4005482,1437.5
rv3564,4005534,81.5
rv3564,4005559,2853.6
rv3564,4005725,3727.4
rv3564,4005798,1152.1
rv3564,4005824,0
rv3564,4005872,96
rv3564,4006041,7.4
rv3564,4006116,1700.2
rv3564,4006290,5.4
rv3565,4006421,410.5
rv3565,4006568,0
rv3565,4006585,9.1
rv3565,4006606,58.8
rv3565,4006619,20.6
rv3565,4006751,0
rv3565,4006760,0
rv3565,4006768,457.9
rv3565,4006991,146.8
rv3565,4007006,102.9
rv3565,4007061,15.8
rv3565,4007081,178
rv3565,4007084,0
rv3565,4007258,581.2
rv3565,4007339,2229.7999999999997
rv3565,4007345,547
rv3565,4007472,0
rv3565,4007511,44.4
rv3565,4007543,398
rv3566c,4007584,86.7
rv3566c,4007662,434.9
rv3566c,4007699,1864.7
rv3566c,4007778,852.8000000000001
rv3566c,4007832,731.6
rv3566c,4007901,129.7
rv3566c,4007991,4308.8
rv3566c,4008105,10.1
rv3566c,4008126,1501.3
rv3566c,4008156,74.7
rv3566c,4008176,681.1999999999999
rv3566c,4008310,0
rv3566c,4008321,1219.6
rv3566c,4008339,422.2
rv3573c,4014312,60.2
rv3573c,4014322,466.8
rv3573c,4014353,3171.2
rv3573c,4014404,501.3
rv3573c,4014425,767.1
rv3573c,4014658,167.4
rv3573c,4014821,1821.4
rv3573c,4014825,5581
rv3573c,4014957,103.1
rv3573c,4015000,124.3
rv3573c,4015187,19.299999999999997
rv3573c,4015362,30.700000000000003
rv3573c,4015427,1883.3999999999999
rv3573c,4015461,258.5
rv3573c,4015479,3575
rv3573c,4015697,1271.5
rv3573c,4015710,2.9
rv3573c,4015758,5.9
rv3573c,4015873,1382.8
rv3573c,4016019,0
rv3573c,4016050,68.89999999999999
rv3573c,4016119,548.4
rv3573c,4016279,2014
rv3573c,4016386,34.5
rv3576,4018550,635.3000000000001
rv3576,4018664,0
rv3576,4018806,410.7
rv3576,4018834,1545.7
rv3576,4018857,388.90000000000003
rv3576,4018912,2737.1
rv3576,4018966,8053.5
rv3576,4019088,1651.6000000000001
rv3576,4019160,301.7
rv3576,4019182,1794.7
rv3576,4019184,954.5
rv3576,4019217,2.9
rv3576,4019241,2145.6
rv3576,4019248,893
rv3578,4020343,2490.5
rv3578,4020433,207.20000000000002
rv3578,4020527,1615.8999999999999
rv3578,4020607,1862.7
rv3578,4020729,1537
rv3578,4020735,3713.5
rv3578,4020751,2082.1
rv3578,4020807,1515.7
rv3578,4020885,6325.5
rv3578,4020919,2187.1
rv3578,4021318,3316
rv3578,4021366,1225.6000000000001
rv3578,4021398,5968.9000000000005
rv3578,4021415,6781.5
rv3578,4021473,1684.6000000000001
rv3578,4021560,1087.8
rv3581c,4024048,147.7
rv3581c,4024073,10.1
rv3581c,4024130,0
rv3581c,4024249,0
rv3581c,4024353,2.9
rv3581c,4024452,0
rv3582c,4024535,0
rv3582c,4024537,0
rv3582c,4024621,0
rv3582c,4024650,0
rv3582c,4024670,0
rv3582c,4024686,0
rv3582c,4024708,0
rv3582c,4024814,0
rv3582c,4024833,0
rv3582c,4025032,0
rv3582c,4025069,0
rv3582c,4025130,0
rv3582c,4025195,0
rv3584,4026253,1001.9
rv3584,4026308,1100
rv3584,4026437,1681
rv3584,4026471,11001.4
rv3584,4026514,5169.8
rv3584,4026542,297.2
rv3584,4026555,1352
rv3585,4026644,1394.1000000000001
rv3585,4026720,5507.9
rv3585,4026864,8546.7
rv3585,4026874,278.4
rv3585,4026922,3238
rv3585,4026983,3523.8
rv3585,4027064,5270.7
rv3585,4027210,0
rv3585,4027290,178.20000000000002
rv3585,4027308,3976.3
rv3585,4027447,25
rv3585,4027501,0
rv3585,4027675,0
rv3585,4027685,15086.5
rv3585,4027763,1805.8
rv3585,4027809,2587
rv3585,4027858,563.3
rv3585,4027927,1055.7
rv3585,4027970,8913.4
rv3585,4028049,2335.6
rv3585,4028059,8540.3
rv3585,4028063,5077.2
rv3589,4030682,4078
rv3589,4030718,11892
rv3589,4030725,5100.7
rv3589,4030744,2933.2
rv3589,4030925,1751.7
rv3589,4030948,1521.9
rv3589,4030970,1857.2
rv3589,4031025,272.9
rv3589,4031062,2480.9
rv3589,4031092,359.6
rv3589,4031306,1090.6
rv3589,4031344,0
rv3589,4031383,3847.7999999999997
rv3589,4031417,335.4
rv3589,4031487,76
rv3589,4031584,1235
rv3590c,4031592,195.8
rv3590c,4031714,3.9
rv3590c,4031921,7.9
rv3590c,4032035,328.5
rv3590c,4032153,257.3
rv3590c,4032159,353.5
rv3590c,4032238,340.6
rv3590c,4032251,386.3
rv3590c,4032257,597.8
rv3590c,4032359,1099
rv3590c,4032378,416.9
rv3590c,4032408,355.6
rv3590c,4032446,68.1
rv3590c,4032854,152.4
rv3590c,4032905,496.7
rv3590c,4032990,813.7
rv3590c,4033078,2281.8
rv3590c,4033098,332.2
rv3590c,4033153,1767.8
rv3590c,4033218,247.9
rv3590c,4033277,0
rv3593,4034583,237.5
rv3593,4034854,0
rv3593,4034894,147
rv3593,4034923,125.6
rv3593,4035029,40.3
rv3593,4035128,1284.3
rv3593,4035135,712
rv3593,4035410,511.59999999999997
rv3593,4035492,274.9
rv3593,4035518,173.9
rv3593,4035560,252.5
rv3593,4035575,120.5
rv3593,4035592,731.9
rv3593,4035676,0
rv3593,4035704,473.4
rv3593,4035706,85
rv3593,4035755,115.1
rv3593,4035876,450.6
rv3593,4035887,10100.9
rv3595c,4037050,221.4
rv3595c,4037059,2.9
rv3595c,4037086,139.1
rv3595c,4037176,10.1
rv3595c,4037404,693.2
rv3595c,4037482,926.4
rv3595c,4037582,266.5
rv3595c,4037632,127.5
rv3595c,4037673,936.1
rv3595c,4037809,314.90000000000003
rv3595c,4037823,3129.1
rv3595c,4037970,3399.6
rv3595c,4038045,7447.4
rv3595c,4038089,4191.1
rv3595c,4038145,158.1
rv3596c,4038338,8.6
rv3596c,4038417,0
rv3596c,4038815,0
rv3596c,4038861,0
rv3596c,4038891,0
rv3596c,4038980,11
rv3596c,4039073,0
rv3596c,4039082,0
rv3596c,4039102,0
rv3596c,4039152,0
rv3596c,4039209,0
rv3596c,4039281,0
rv3596c,4039404,0
rv3596c,4039569,0
rv3596c,4039621,0
rv3596c,4039718,0
rv3596c,4039787,0
rv3596c,4039892,0
rv3596c,4039901,0
rv3596c,4040028,0
rv3596c,4040102,0
rv3596c,4040109,0
rv3596c,4040141,0
rv3596c,4040385,0
rv3596c,4040450,0
rv3596c,4040579,0
rv3596c,4040643,0
rv3596c,4040779,0
rv3596c,4040804,0
rv3596c,4040868,0
rv3597c,4041176,37.3
rv3597c,4041231,2.8
rv3597c,4041384,0
rv3597c,4041404,0
rv3597c,4041484,0
rv3598c,1848525,562.2
rv3598c,1848636,4571.9
rv3598c,1848756,1172.4
rv3598c,1848775,129.3
rv3598c,1848867,3695.2000000000003
rv3598c,1848909,2544.5
rv3598c,1848911,3492.9
rv3598c,1848951,59
rv3598c,1849000,0
rv3598c,1849064,1286.8
rv3598c,1849209,1148.2
rv3598c,1849227,3486.5
rv3598c,1849238,366.9
rv3598c,1849304,728.8
rv3598c,1849341,859.7
rv3598c,1849380,7145.3
rv3598c,1849436,1709
rv3598c,1849557,518.7
rv3598c,1849589,556.4
rv3598c,1849603,1270.9
rv3598c,1849627,1068.4
rv3598c,1849768,357.8
rv3598c,1849830,3881.6
rv3598c,1849834,3046.2000000000003
rv3598c,1849838,989.1
rv3598c,1849870,306.5
rv3598c,1849964,1654.7
rv3598c,1849997,0
rv3598c,1850033,2929.2999999999997
rv3598c,1850081,2224.2
rv3598c,1850132,1461.5
rv3598c,1850223,2159.4
rv3598c,1850232,442.5
rv3598c,1850240,355.6
rv3598c,1850256,3853.6
rv3598c,1850274,538.6
rv3598c,1850404,374.5
rv3598c,1850413,567.7
rv3598c,1850452,455.8
rv3598c,1850461,58.8
rv3598c,1850846,522.6
rv3598c,1850862,766.2
rv3598c,1850913,2942
rv3598c,1850972,20.1
rv3598c,1850990,757.3
rv3598c,1851015,3423.2999999999997
rv3598c,1851022,3232.4
rv3598c,1851047,1256.8
rv3598c,1851078,2380
rv3598c,1851102,3519.4
rv3598c,1851113,300.2
rv3598c,1851124,9.1
rv3598c,1851170,1971
rv3598c,1851306,311.3
rv3598c,1851329,2177.2
rv3598c,1851453,85.5
rv3598c,1851580,7117.2
rv3598c,1851623,195.6
rv3598c,1851690,5303.9
rv3598c,1851755,3014.1
rv3598c,1851813,334.5
rv3598c,1851872,2935.2
rv3598c,1851914,3903.9
rv3598c,1851964,5725.7
rv3598c,1851985,3154.9
rv3598c,1852028,13.9
rv3598c,4041646,0
rv3598c,4041685,0
rv3598c,4041720,0
rv3598c,4041818,0
rv3598c,4041830,0
rv3598c,4041840,0
rv3598c,4041870,0
rv3598c,4041890,0
rv3598c,4041901,0
rv3598c,4042069,0
rv3598c,4042085,0
rv3598c,4042146,0
rv3598c,4042154,0
rv3598c,4042156,0
rv3598c,4042182,0
rv3598c,4042246,0
rv3598c,4042278,0
rv3598c,4042287,0
rv3598c,4042296,0
rv3598c,4042363,0
rv3598c,4042434,0
rv3598c,4042448,0
rv3598c,4042496,0
rv3598c,4042580,0
rv3598c,4042613,0
rv3598c,4042626,0
rv3598c,4042767,0
rv3598c,4042858,0
rv3598c,4042889,0
rv3598c,4042954,0
rv3598c,4043025,0
rv3601c,4044042,14.5
rv3601c,4044065,117.8
rv3601c,4044129,0
rv3601c,4044159,0
rv3601c,4044192,0
rv3601c,4044288,0
rv3601c,4044316,0
rv3601c,4044329,0
rv3601c,4044396,0
rv3601c,4044455,0
rv3602c,4044494,0
rv3602c,4044627,0
rv3602c,4044644,0
rv3602c,4044739,0
rv3602c,4044788,0
rv3602c,4044905,0
rv3602c,4044958,0
rv3602c,4045061,0
rv3602c,4045074,0
rv3602c,4045145,0
rv3602c,4045272,0
rv3602c,4045275,0
rv3602c,4045349,0
rv3606c,4048395,1953.7
rv3606c,4048416,867.6
rv3606c,4048631,0
rv3606c,4048746,0
rv3606c,4048817,0
rv3606c,4048819,0
rv3606c,4048915,0
rv3606c,4048926,461
rv3607c,4048947,312.1
rv3607c,4049034,2.2
rv3607c,4049164,0
rv3607c,4049170,11
rv3607c,4049214,0
rv3607c,4049269,0
rv3608c,4049332,126.89999999999999
rv3608c,4049595,9.1
rv3608c,4049723,0
rv3608c,4049745,0
rv3608c,4049755,0
rv3608c,4049901,0
rv3608c,4049950,0
rv3608c,4050086,1.3
rv3608c,4050124,0
rv3609c,4050233,0
rv3609c,4050306,0
rv3609c,4050388,0
rv3609c,4050451,0
rv3609c,4050505,0
rv3609c,4050509,0
rv3609c,4050586,0
rv3609c,4050610,0
rv3609c,4050639,0
rv3609c,4050653,0
rv3609c,4050676,0
rv3609c,4050728,0
rv3610c,4050868,143
rv3610c,4050883,1558.6
rv3610c,4050905,906.9000000000001
rv3610c,4050907,4955.3
rv3610c,4050970,1665.2
rv3610c,4050991,1222.6
rv3610c,4051088,86.30000000000001
rv3610c,4051336,17
rv3610c,4051364,997.1
rv3610c,4051379,1177.7
rv3610c,4051426,288.9
rv3610c,4051448,1704.3000000000002
rv3610c,4051483,2244
rv3610c,4051539,393.2
rv3610c,4051706,269.90000000000003
rv3610c,4051733,615.2
rv3610c,4051735,6.9
rv3610c,4051748,0
rv3610c,4051792,5.9
rv3610c,4052073,0
rv3610c,4052193,227.9
rv3610c,4052438,290.7
rv3610c,4052458,2.8
rv3610c,4052500,1.3
rv3610c,4052536,4.2
rv3610c,4052710,233.4
rv3610c,4052803,0
rv3610c,4052815,418.5
rv3610c,4052855,650.8
rv3610c,4052937,0
rv3610c,4052951,413.5
rv3610c,4052965,0
rv3610c,4052989,6.9
rv3610c,4053033,0
rv3617,4057923,1829.5
rv3617,4057934,2907.3
rv3617,4057941,2048.8
rv3617,4058000,2318.6
rv3617,4058029,4966
rv3617,4058071,263.5
rv3617,4058101,357.9
rv3617,4058137,2125.8
rv3617,4058165,7086.3
rv3617,4058174,4283.6
rv3617,4058177,9428.4
rv3617,4058365,7334.5
rv3617,4058374,2853.6
rv3617,4058487,5235.1
rv3617,4058514,1862.7
rv3617,4058556,1387.7
rv3617,4058578,3846.8
rv3617,4058626,577.4
rv3617,4058773,98.6
rv3619c,4060164,1346.1000000000001
rv3619c,4060254,4358.4
rv3619c,4060270,1129.7
rv3619c,4060285,506.70000000000005
rv3619c,4060434,7950.2
rv3620c,4060517,8976.9
rv3620c,4060609,1767.6000000000001
rv3620c,4060755,1477.6
rv3620c,4060770,1533.7
rv3621c,4060873,2.9
rv3621c,4060895,2254.7
rv3621c,4060916,354
rv3621c,4061209,2878.5
rv3621c,4061351,36.2
rv3621c,4061438,383.7
rv3621c,4061456,3151.5
rv3621c,4061605,2598.3
rv3621c,4061611,11369.2
rv3621c,4061647,4390.8
rv3621c,4061776,6785.6
rv3621c,4061932,3455.7
rv3621c,4062019,5811
rv3621c,4062048,213.6
rv3622c,4062079,4112.5
rv3622c,4062118,10429
rv3622c,4062182,1429.4
rv3622c,4062193,2454.1
rv3622c,4062228,135.9
rv3623,4063018,3679.4
rv3623,4063060,0
rv3623,4063174,1364.2
rv3623,4063255,4089.3999999999996
rv3623,4063280,224.70000000000002
rv3623,4063355,1895.5
rv3623,4063426,1280.9
rv3624c,4063434,1228.9
rv3624c,4063440,1879.4
rv3624c,4063467,0
rv3624c,4063482,0
rv3624c,4063494,0
rv3624c,4063506,0
rv3624c,4063545,0
rv3624c,4063654,0
rv3624c,4063764,0
rv3624c,4063882,0
rv3624c,4063899,0
rv3624c,4063986,0
rv3625c,4064107,0
rv3625c,4064164,0
rv3625c,4064310,2.9
rv3625c,4064609,7.9
rv3625c,4064691,0
rv3625c,4064738,0
rv3625c,4064833,0
rv3625c,4064920,0
rv3625c,4065031,10.1
rv3628,4067650,0
rv3628,4067692,0
rv3628,4067698,0
rv3628,4067713,0
rv3628,4067725,0
rv3628,4067747,0
rv3628,4067786,0
rv3628,4067977,0
rv3628,4067997,0
rv3628,4068081,1704.1
rv3634c,4072871,0
rv3634c,4072939,0
rv3634c,4072965,0
rv3634c,4072975,0
rv3634c,4073061,0
rv3634c,4073147,0
rv3634c,4073157,0
rv3634c,4073221,0
rv3634c,4073261,0
rv3634c,4073268,0
rv3634c,4073280,0
rv3634c,4073300,0
rv3634c,4073324,0
rv3634c,4073354,0
rv3634c,4073396,0
rv3634c,4073414,0
rv3634c,4073479,0
rv3634c,4073569,11
rv3634c,4073605,0
rv3634c,4073743,0
rv3641c,4080114,6345.5
rv3641c,4080315,6258.3
rv3641c,4080324,2938
rv3641c,4080330,145.8
rv3641c,4080336,15.799999999999999
rv3641c,4080393,2407.1
rv3641c,4080501,6879.6
rv3641c,4080540,1251.3
rv3641c,4080676,2365.1
rv3641c,4080690,8420.9
rv3646c,4084749,2.9
rv3646c,4084772,0
rv3646c,4084807,528.9
rv3646c,4084924,0
rv3646c,4084959,0
rv3646c,4085004,0
rv3646c,4085008,0
rv3646c,4085017,0
rv3646c,4085121,0
rv3646c,4085245,0
rv3646c,4085352,0
rv3646c,4085372,1.3
rv3646c,4085443,0
rv3646c,4085470,0
rv3646c,4085472,0
rv3646c,4085507,0
rv3646c,4085514,0
rv3646c,4085580,0
rv3646c,4085614,0
rv3646c,4085698,0
rv3646c,4085739,0
rv3646c,4085791,0
rv3646c,4085827,0
rv3646c,4085887,10.1
rv3646c,4086025,0
rv3646c,4086153,8.8
rv3646c,4086178,0
rv3646c,4086263,0
rv3646c,4086304,0
rv3646c,4086328,0
rv3646c,4086340,0
rv3646c,4086359,0
rv3646c,4086404,0
rv3646c,4086410,11
rv3646c,4086412,11
rv3646c,4086421,0
rv3646c,4086433,0
rv3646c,4086526,0
rv3646c,4086541,0
rv3646c,4086784,0
rv3646c,4086910,0
rv3646c,4086916,0
rv3646c,4086969,0
rv3646c,4087038,0
rv3646c,4087044,0
rv3646c,4087082,0
rv3646c,4087117,0
rv3646c,4087189,0
rv3646c,4087249,0
rv3646c,4087260,0
rv3646c,4087318,0
rv3646c,4087333,0
rv3648c,4088542,2.6
rv3648c,4088619,0
rv3648c,4088630,0
rv3648c,4088659,0
rv3650,4091485,350.9
rv3650,4091525,114.9
rv3650,4091595,1169.9
rv3650,4091694,32.8
rv3652,4093817,23813.7
rv3652,4093867,247.9
rv3652,4093962,0
rv3652,4093970,820.3
rv3652,4093993,2285
rv3652,4094068,1146.9
rv3653,4094391,130.8
rv3653,4094420,483.7
rv3653,4094475,271.5
rv3653,4094522,793.8
rv3653,4094613,816.7
rv3653,4094704,675.2
rv3663c,4102277,277.8
rv3663c,4102311,77.60000000000001
rv3663c,4102403,4014.7999999999997
rv3663c,4102465,1201.3
rv3663c,4102501,647
rv3663c,4102537,0
rv3663c,4102585,118.10000000000001
rv3663c,4102669,9.1
rv3663c,4102700,1142.8
rv3663c,4102721,318
rv3663c,4102796,1643
rv3663c,4102827,623.1
rv3663c,4102858,148.60000000000002
rv3663c,4102915,0
rv3663c,4102985,185.3
rv3663c,4103111,937.1
rv3663c,4103233,590.8
rv3663c,4103248,2148.9
rv3663c,4103408,44.5
rv3663c,4103455,502.1
rv3663c,4103493,28.8
rv3663c,4103573,499.6
rv3663c,4103593,48.199999999999996
rv3663c,4103602,23.3
rv3663c,4103808,307
rv3664c,4103930,90.5
rv3664c,4103953,377.9
rv3664c,4103979,0
rv3664c,4104049,169.5
rv3664c,4104095,10.1
rv3664c,4104158,250.79999999999998
rv3664c,4104176,69.4
rv3664c,4104190,196.8
rv3664c,4104391,124.6
rv3664c,4104411,8.8
rv3664c,4104481,1535
rv3664c,4104496,1137.3
rv3664c,4104574,637.9
rv3664c,4104593,129.3
rv3665c,4104716,0
rv3665c,4104743,801.2
rv3665c,4104776,803.9
rv3665c,4104842,466
rv3665c,4105019,1342.8
rv3665c,4105070,1051.2
rv3665c,4105105,0
rv3665c,4105174,519.6
rv3665c,4105218,407.9
rv3665c,4105233,0
rv3665c,4105270,436.2
rv3665c,4105391,265.2
rv3665c,4105430,41.5
rv3665c,4105439,2134.9
rv3665c,4105469,316.4
rv3665c,4105565,1035.8
rv3665c,4105625,1135.8
rv3666c,4105659,64.6
rv3666c,4105728,91.2
rv3666c,4105805,0
rv3666c,4105860,388.7
rv3666c,4105926,135.4
rv3666c,4106095,209.5
rv3666c,4106097,340.6
rv3666c,4106109,0
rv3666c,4106175,93.4
rv3666c,4106401,0
rv3666c,4106427,2.9
rv3666c,4106493,37.7
rv3666c,4106514,191.6
rv3666c,4106539,757.9
rv3666c,4106562,175.79999999999998
rv3666c,4106637,176.7
rv3666c,4106706,47.5
rv3666c,4106755,745.9
rv3666c,4106818,197.2
rv3666c,4106907,347.8
rv3666c,4106988,811.8
rv3666c,4106998,22.700000000000003
rv3666c,4107054,2509.4
rv3667,4108003,342.8
rv3667,4108054,224.8
rv3667,4108198,968
rv3667,4108294,2552.8
rv3667,4108316,922.2
rv3667,4108378,1913.5
rv3667,4108430,772.6
rv3667,4108443,3959.6
rv3667,4108753,8580.7
rv3667,4108788,9787.9
rv3667,4108807,1404.2
rv3667,4108825,1370.8
rv3667,4108912,1906.3999999999999
rv3667,4108921,65.2
rv3667,4108957,685.8
rv3667,4108974,0
rv3667,4109014,0
rv3667,4109029,5223.9
rv3667,4109032,930.4
rv3667,4109061,743
rv3667,4109161,169.1
rv3667,4109198,407.4
rv3667,4109367,287.6
rv3667,4109374,1682.6000000000001
rv3667,4109384,513
rv3667,4109437,2601.2
rv3667,4109449,2870.1
rv3667,4109476,2965.9
rv3667,4109479,4275.2
rv3667,4109504,4965.7
rv3667,4109528,1827.3
rv3667,4109531,2333.5
rv3667,4109643,59.4
rv3667,4109687,670.3000000000001
rv3667,4109698,3779.7
rv3667,4109786,5493
rv3667,4109798,5115.9
rv3667,4109811,669.8
rv3667,4109897,4071.7999999999997
rv3667,4109923,1374.5
rv3670,4111655,94.6
rv3670,4111696,687.6
rv3670,4111791,54.9
rv3670,4111821,19.3
rv3670,4111847,123.39999999999999
rv3670,4111963,54.2
rv3670,4111996,0
rv3670,4112041,175.1
rv3670,4112058,20.900000000000002
rv3670,4112235,206.1
rv3670,4112329,1032.5
rv3670,4112349,1789.1
rv3670,4112368,0
rv3670,4112385,36.8
rv3670,4112403,385.8
rv3670,4112407,1445.1000000000001
rv3674c,4115336,2870
rv3674c,4115625,1020.4
rv3674c,4115646,36
rv3674c,4115658,19.8
rv3674c,4115752,5593.5999999999995
rv3674c,4115795,1912
rv3674c,4115849,2998.5
rv3674c,4115867,0
rv3674c,4115929,3034.6
rv3674c,4115944,593.5
rv3674c,4115978,1063.7
rv3674c,4115980,5214.1
rv3681c,4121377,40.1
rv3681c,4121416,2624.9
rv3681c,4121541,204.2
rv3681c,4121615,2426.2
rv3681c,4121637,903.3
rv3681c,4121664,2774.6
rv3681c,4121673,6549
rv3681c,4121699,3312.1
rv3682,4122200,551.4
rv3682,4122278,300.7
rv3682,4122322,2899.5
rv3682,4122399,5767.9
rv3682,4122460,2032.5
rv3682,4122511,14953.4
rv3682,4122523,12804.2
rv3682,4122661,4153.4000000000005
rv3682,4122687,6976.2
rv3682,4122721,4863.1
rv3682,4122808,7549.5
rv3682,4122923,2370.8
rv3682,4122991,6282.1
rv3682,4123003,16373.9
rv3682,4123051,1020.6
rv3682,4123114,13733.7
rv3682,4123137,2786.5
rv3682,4123170,801.5
rv3682,4123203,968.1
rv3682,4123213,3706.5
rv3682,4123226,8607.3
rv3682,4123287,2905.2
rv3682,4123335,11217
rv3682,4123338,4874.3
rv3682,4123444,2679.6
rv3682,4123542,1176.2
rv3682,4123570,6876.0999999999995
rv3682,4123597,7404.9000000000005
rv3682,4123679,2313.2
rv3682,4123987,849
rv3682,4124002,11996.9
rv3682,4124008,9426.9
rv3682,4124077,7592
rv3682,4124153,6620.8
rv3682,4124173,10034.5
rv3682,4124201,516.7
rv3682,4124305,12376.7
rv3682,4124524,1889.6000000000001
rv3685c,4127474,0
rv3685c,4127599,1421.6
rv3685c,4127675,3626.3
rv3685c,4127691,266.9
rv3685c,4127732,5491.9
rv3685c,4127798,308.7
rv3685c,4127812,532.5
rv3685c,4128199,1635.4
rv3685c,4128224,398.7
rv3685c,4128319,2289.9
rv3685c,4128396,17663.9
rv3685c,4128426,469.3
rv3685c,4128437,1990
rv3685c,4128460,8904.1
rv3685c,4128533,2879.2
rv3685c,4128674,99.3
rv3685c,4128719,6479.7
rv3685c,4128731,460.4
rv3685c,4128838,1054.5
rv3685c,4128882,2155.4
rv3687c,4129502,50.3
rv3687c,4129525,38.6
rv3687c,4129606,0
rv3687c,4129648,455.4
rv3687c,4129723,986.5
rv3687c,4129827,849.2
rv3692,4133760,2.9
rv3692,4133786,112.2
rv3692,4133857,676.6
rv3692,4133990,1377.6
rv3692,4134075,7409
rv3692,4134227,2156.6
rv3692,4134279,1113.8
rv3692,4134291,3212.2
rv3692,4134412,411.1
rv3692,4134488,251.7
rv3692,4134504,2647.7
rv3692,4134547,1096.9
rv3692,4134627,1929.6
rv3692,4134670,737.1
rv3692,4134688,4584.8
rv3692,4134768,46.6
rv3696c,4138381,1165.9
rv3696c,4138435,129.9
rv3696c,4138549,85.3
rv3696c,4138560,669.5
rv3696c,4138628,802.9
rv3696c,4138726,143.8
rv3696c,4138819,198.2
rv3696c,4138855,425.2
rv3696c,4138935,91.6
rv3696c,4138984,223.8
rv3696c,4138994,253.20000000000002
rv3696c,4139011,193.39999999999998
rv3696c,4139025,191.70000000000002
rv3696c,4139036,16.3
rv3696c,4139092,1096.2
rv3696c,4139215,445
rv3696c,4139265,175.3
rv3696c,4139310,422.90000000000003
rv3696c,4139343,587.4
rv3696c,4139497,584
rv3696c,4139585,33.8
rv3696c,4139595,350.2
rv3696c,4139608,447.09999999999997
rv3696c,4139611,81.1
rv3696c,4139637,0
rv3696c,4139663,81.6
rv3696c,4139681,35.6
rv3696c,4139694,139.2
rv3696c,4139883,56.400000000000006
rv3696c,4139916,3502.8
rv3704c,4147207,4.5
rv3704c,4147250,1296.9
rv3704c,4147412,269.7
rv3704c,4147469,1555.9
rv3704c,4147488,617.3
rv3704c,4147544,8464.3
rv3704c,4147613,8703.1
rv3704c,4147617,5280.5
rv3704c,4147887,309.9
rv3704c,4147922,340.5
rv3704c,4148014,3069.5
rv3704c,4148270,4836.3
rv3704c,4148322,21.4
rv3704c,4148364,5231.4000000000005
rv3708c,4151423,0
rv3708c,4151555,0
rv3708c,4151800,0
rv3708c,4151839,0
rv3708c,4151912,0
rv3708c,4151929,0
rv3708c,4152032,0
rv3708c,4152098,1.3
rv3708c,4152197,0
rv3708c,4152381,0
rv3709c,4152397,0
rv3709c,4152415,228.29999999999998
rv3709c,4152621,11
rv3709c,4152643,0
rv3709c,4152812,9.1
rv3709c,4152829,0
rv3709c,4152918,0
rv3709c,4152964,0
rv3709c,4152989,0
rv3709c,4152992,0
rv3709c,4153006,0
rv3709c,4153144,0
rv3709c,4153451,1.3
rv3709c,4153526,2.8
rv3709c,4153639,11
rv3710,4154053,0
rv3710,4154153,0
rv3710,4154236,0
rv3710,4154422,0
rv3710,4154533,0
rv3710,4154560,0
rv3710,4154575,0
rv3710,4154596,0
rv3710,4154704,0
rv3710,4154738,0
rv3710,4154949,0
rv3710,4154977,1.3
rv3710,4155013,0
rv3710,4155031,0
rv3710,4155048,0
rv3710,4155077,0
rv3710,4155145,0
rv3710,4155181,0
rv3710,4155232,44.1
rv3710,4155296,0
rv3710,4155318,11
rv3710,4155379,0
rv3710,4155410,0
rv3710,4155510,0
rv3710,4155577,0
rv3710,4155580,0
rv3710,4155625,0
rv3710,4155762,0
rv3710,4155783,0
rv3710,4155850,2908.7
rv3711c,4155930,6552.5
rv3711c,4156054,5092.4000000000005
rv3711c,4156103,1539.9
rv3711c,4156113,4886.9
rv3711c,4156126,1053.9
rv3711c,4156179,1386.3
rv3711c,4156234,4975.3
rv3711c,4156252,1393.2
rv3711c,4156383,1690.5
rv3711c,4156398,124.4
rv3711c,4156410,525.8000000000001
rv3711c,4156594,1040.3
rv3711c,4156661,0
rv3711c,4156743,1154.8999999999999
rv3711c,4156767,934.6
rv3713,4158447,0
rv3713,4158475,0
rv3713,4158561,9.1
rv3713,4158585,0
rv3713,4158613,0
rv3713,4158621,0
rv3713,4158661,0
rv3713,4158702,0
rv3713,4158966,0
rv3713,4159087,73.69999999999999
rv3713,4159098,3342.3
rv3715c,4160206,2946.2999999999997
rv3715c,4160371,488.4
rv3715c,4160459,399.9
rv3715c,4160577,1077.5
rv3721c,4165185,107.8
rv3721c,4165332,0
rv3721c,4165439,0
rv3721c,4165533,0
rv3721c,4165574,0
rv3721c,4165731,0
rv3721c,4165890,0
rv3721c,4165915,0
rv3721c,4166063,0
rv3721c,4166209,0
rv3721c,4166264,0
rv3721c,4166305,0
rv3721c,4166366,0
rv3721c,4166395,0
rv3721c,4166427,1.3
rv3721c,4166454,0
rv3721c,4166543,0
rv3721c,4166547,0
rv3721c,4166554,0
rv3721c,4166575,0
rv3721c,4166640,0
rv3721c,4166714,0
rv3721c,4166750,0
rv3721c,4166797,11
rv3721c,4166890,0
rv3721c,4166899,0
rv3731,4181943,2120
rv3731,4182011,13105.9
rv3731,4182076,17.1
rv3731,4182104,3314.4
rv3731,4182314,2239.1
rv3731,4182363,2465
rv3731,4182468,844
rv3731,4182503,12084.2
rv3731,4182523,4045.4
rv3731,4182572,592.5
rv3731,4182618,1001.1
rv3731,4182626,1487.6
rv3731,4182696,1165
rv3731,4182699,1415.6
rv3731,4182784,9347.9
rv3731,4182866,1770.2
rv3731,4182950,7082.3
rv3731,4183005,4028.2000000000003
rv3731,4183010,3896.4
rv3738c,4189501,740.1
rv3738c,4189528,621.9
rv3738c,4189745,1239.3
rv3738c,4189775,4632.4000000000005
rv3738c,4189789,89.7
rv3738c,4189824,794.9
rv3738c,4189840,1202.8999999999999
rv3738c,4189974,5309.9
rv3738c,4190019,6185.9
rv3738c,4190051,7087.4
rv3738c,4190072,6113.3
rv3738c,4190168,798.5
rv3738c,4190226,28756.7
rv3738c,4190230,12158.199999999999
rv3738c,4190268,2969.9
rv3738c,4190299,3390.7000000000003
rv3738c,4190350,182.5
rv3738c,4190397,5774.5
rv3738c,4190410,3470.5
rv3739c,4190463,0
rv3739c,4190468,7.9
rv3739c,4190472,18
rv3739c,4190477,81.3
rv3739c,4190493,14309.8
rv3739c,4190531,4654.1
rv3739c,4190574,11070.3
rv3739c,4190695,6346.6
rv3743c,4193617,1735.6
rv3743c,4193787,144.5
rv3743c,4193896,172.3
rv3743c,4193916,1938.8
rv3743c,4193992,2208.7
rv3743c,4194004,3299.2
rv3743c,4194025,2942.8
rv3743c,4194063,611.9
rv3743c,4194070,1127
rv3743c,4194151,1691
rv3743c,4194168,247.1
rv3743c,4194175,1876.5
rv3743c,4194194,4239.4
rv3743c,4194425,2128.5
rv3743c,4194479,4724.6
rv3743c,4194507,86
rv3743c,4194516,297.4
rv3743c,4194628,4506.8
rv3743c,4194724,222.70000000000002
rv3743c,4194742,1553.6999999999998
rv3743c,4194776,1249.3
rv3743c,4195048,302.7
rv3743c,4195072,5166.4
rv3743c,4195147,5140.4
rv3743c,4195180,1196.2
rv3743c,4195297,12433.7
rv3743c,4195312,1874.4
rv3743c,4195321,568.3
rv3743c,4195358,4465.4000000000005
rv3743c,4195417,2967.6
rv3743c,4195495,1824.1
rv3746c,4196350,1298.1
rv3746c,4196428,4513.3
rv3746c,4196447,589.8
rv3746c,4196532,10.1
rv3746c,4196571,1850
rv3746c,4196610,8103.9
rv3754,4200638,10.1
rv3754,4200693,0
rv3754,4200714,0
rv3754,4200730,0
rv3754,4200790,0
rv3754,4200887,0
rv3754,4201149,0
rv3754,4201221,0
rv3754,4201243,0
rv3754,4201329,0
rv3754,4201370,0
rv3754,4201408,0
rv3754,4201468,0
rv3754,4201492,1543.2
rv3756c,4202073,2188.7
rv3756c,4202078,167.4
rv3756c,4202156,36.2
rv3756c,4202268,3145.9
rv3756c,4202295,2123
rv3756c,4202342,2641.2
rv3756c,4202363,729
rv3756c,4202375,2005.1
rv3756c,4202466,2002.8
rv3756c,4202491,95.6
rv3756c,4202540,2704.6
rv3756c,4202552,1797
rv3756c,4202638,346.3
rv3756c,4202694,2939
rv3756c,4202746,635.6999999999999
rv3756c,4202756,388.8
rv3756c,4202763,1956.6
rv3757c,4202926,268.8
rv3757c,4202966,387.2
rv3757c,4203004,1254.1
rv3757c,4203039,0
rv3757c,4203064,10.1
rv3757c,4203078,416.1
rv3757c,4203122,16.3
rv3757c,4203209,2192.1
rv3757c,4203283,1670.3
rv3757c,4203289,73
rv3757c,4203307,6465.1
rv3757c,4203309,1980
rv3757c,4203470,2374.1
rv3758c,4203482,2158.4
rv3758c,4203540,197.1
rv3758c,4203629,465.3
rv3758c,4203834,9168.3
rv3758c,4203868,0
rv3758c,4203921,1068.3
rv3758c,4203943,1438.5
rv3758c,4204062,4183.3
rv3758c,4204074,4459.2
rv3758c,4204201,0
rv3758c,4204249,351.9
rv3758c,4204357,3577.4
rv3758c,4204406,3.9
rv3758c,4204517,27.2
rv3758c,4204542,272.5
rv3758c,4204564,1228.8
rv3759c,4204605,134.1
rv3759c,4204808,0
rv3759c,4204816,193.9
rv3759c,4204858,99.3
rv3759c,4204980,2281.2999999999997
rv3759c,4205104,129
rv3759c,4205184,1950.6
rv3759c,4205238,760.6
rv3759c,4205257,1190
rv3759c,4205259,1045.9
rv3759c,4205302,1841
rv3759c,4205304,3323.9
rv3759c,4205373,1193
rv3759c,4205531,4633.8
rv3761c,4206041,712.6
rv3761c,4206158,307.8
rv3761c,4206194,1400.2
rv3761c,4206209,5375.5
rv3761c,4206226,125.9
rv3761c,4206251,2125.5
rv3761c,4206319,3948.1
rv3761c,4206341,2829.7
rv3761c,4206343,4653.2
rv3761c,4206458,20.1
rv3761c,4206514,1241.9
rv3761c,4206608,438.1
rv3761c,4206660,8606
rv3761c,4206676,162.8
rv3761c,4206875,1345.1
rv3761c,4206956,2293.3
rv3761c,4207043,244.20000000000002
rv3763,4209250,128.2
rv3763,4209308,1777.2
rv3763,4209392,773
rv3763,4209533,208.9
rv3763,4209558,2800.2
rv3763,4209581,54.5
rv3763,4209612,5701.7
rv3763,4209632,18.299999999999997
rv3763,4209702,1288.1
rv3772,4217354,3815.1
rv3772,4217452,108.1
rv3772,4217471,5.2
rv3772,4217648,3134.8
rv3772,4217677,644.1
rv3772,4217720,3551.2
rv3772,4217870,7639.3
rv3772,4217879,6133
rv3772,4217910,2325.2
rv3772,4217950,532.5
rv3772,4217966,984.1
rv3772,4217993,0
rv3772,4218018,1717.7
rv3772,4218038,6798.2
rv3772,4218049,4554
rv3772,4218061,1121.1999999999998
rv3772,4218118,57.6
rv3772,4218281,277.5
rv3774,4219039,907.6
rv3774,4219219,2513.9
rv3774,4219232,5451.9
rv3774,4219313,4208.3
rv3774,4219432,1830.7
rv3774,4219475,1161
rv3774,4219517,939.3
rv3774,4219538,2508.2
rv3774,4219566,399.9
rv3774,4219612,6503.3
rv3774,4219690,3374.7
rv3774,4219750,5897.5
rv3774,4219803,2608.3
rv3774,4219849,1652.8
rv3775,4219903,1203.2
rv3775,4219992,486.3
rv3775,4220003,940.9
rv3775,4220148,1248.4
rv3775,4220182,7924.8
rv3775,4220235,2415.6
rv3775,4220247,4494.2
rv3775,4220361,4163.9
rv3775,4220386,906.4
rv3775,4220395,3350
rv3775,4220397,408.5
rv3775,4220413,4861.2
rv3775,4220421,8725.3
rv3775,4220463,2211.3
rv3775,4220667,2479.7999999999997
rv3775,4220669,6913
rv3775,4220747,690
rv3775,4220791,2551.7
rv3775,4220910,7600.2
rv3775,4221017,643.1
rv3775,4221032,7.1
rv3775,4221054,207.5
rv3775,4221077,1449.1
rv3775,4221088,2188.2000000000003
rv3781,4227730,5.8
rv3781,4227763,0
rv3781,4227808,0
rv3781,4227945,0
rv3781,4227965,0
rv3781,4228055,0
rv3781,4228154,0
rv3781,4228178,0
rv3781,4228374,0
rv3781,4228389,0
rv3781,4228426,0
rv3781,4228440,0
rv3781,4228448,0
rv3781,4228485,20.1
rv3783,4229459,1657.2
rv3783,4229571,0
rv3783,4229646,0
rv3783,4229688,0
rv3783,4229811,0
rv3783,4229862,11
rv3783,4229888,9.1
rv3783,4229991,0
rv3783,4230132,0
rv3783,4230249,0
rv3783,4230267,0
rv3783,4230276,3680.8
rv3793,4240046,145.9
rv3793,4240067,134.6
rv3793,4240081,485.8
rv3793,4240088,2153.5
rv3793,4240116,11
rv3793,4240131,2.6
rv3793,4240156,0
rv3793,4240269,0
rv3793,4240382,0
rv3793,4240445,0
rv3793,4240611,0
rv3793,4240697,0
rv3793,4240704,0
rv3793,4240753,0
rv3793,4240871,0
rv3793,4240926,0
rv3793,4240965,11
rv3793,4240967,11
rv3793,4240977,0
rv3793,4240980,0
rv3793,4241019,0
rv3793,4241022,11
rv3793,4241063,0
rv3793,4241077,0
rv3793,4241113,0
rv3793,4241407,0
rv3793,4241449,0
rv3793,4241557,0
rv3793,4241595,0
rv3793,4241677,0
rv3793,4241695,0
rv3793,4241699,11
rv3793,4241717,0
rv3793,4241964,1.3
rv3793,4242023,0
rv3793,4242064,0
rv3793,4242128,23.799999999999997
rv3793,4242139,0
rv3793,4242202,0
rv3793,4242231,0
rv3793,4242257,0
rv3793,4242262,0
rv3793,4242561,0
rv3793,4242581,0
rv3793,4242645,0
rv3793,4243041,0
rv3793,4243182,0
rv3793,4243202,0
rv3793,4243219,0
rv3793,4243236,11
rv3793,4243239,0
rv3793,4243270,0
rv3793,4243323,663.6
rv3794,4243425,468.1
rv3794,4243454,0
rv3794,4243598,0
rv3794,4243707,0
rv3794,4243713,0
rv3794,4243818,0
rv3794,4243830,0
rv3794,4243842,0
rv3794,4243866,0
rv3794,4243872,0
rv3794,4243874,0
rv3794,4243995,9.1
rv3794,4244057,0
rv3794,4244128,0
rv3794,4244236,0
rv3794,4244275,0
rv3794,4244279,0
rv3794,4244287,0
rv3794,4244290,0
rv3794,4244296,0
rv3794,4244329,0
rv3794,4244331,0
rv3794,4244639,0
rv3794,4244661,0
rv3794,4244869,0
rv3794,4244896,10.1
rv3794,4244914,0
rv3794,4244917,0
rv3794,4244925,0
rv3794,4245075,0
rv3794,4245200,5.2
rv3794,4245204,2693.2
rv3794,4245226,0
rv3794,4245286,397.59999999999997
rv3794,4245298,369.9
rv3794,4245313,126.9
rv3794,4245400,0
rv3794,4245418,0
rv3794,4245471,10.5
rv3794,4245547,0
rv3794,4245556,0
rv3794,4245708,0
rv3794,4245918,0
rv3794,4245937,0
rv3794,4245979,0
rv3794,4245986,0
rv3794,4246048,12.3
rv3794,4246072,0
rv3794,4246142,0
rv3794,4246240,0
rv3794,4246423,0
rv3794,4246469,1.3
rv3794,4246543,0
rv3794,4246561,0
rv3794,4246588,1.3
rv3795,4246928,0
rv3795,4247147,0
rv3795,4247542,0
rv3795,4247595,0
rv3795,4247634,0
rv3795,4247646,0
rv3795,4247688,1.3
rv3795,4247691,11
rv3795,4247767,0
rv3795,4247841,0
rv3795,4247937,0
rv3795,4247964,0
rv3795,4247999,0
rv3795,4248246,11
rv3795,4248248,0
rv3795,4248264,0
rv3795,4248267,0
rv3795,4248270,0
rv3795,4248334,0
rv3795,4248496,0
rv3795,4248532,0
rv3795,4248586,0
rv3795,4248633,0
rv3795,4248645,0
rv3795,4248735,0
rv3795,4248811,0
rv3795,4248879,1.3
rv3795,4248888,0
rv3795,4248949,2.9
rv3795,4248965,0
rv3795,4249069,0
rv3795,4249128,0
rv3795,4249178,0
rv3795,4249194,0
rv3795,4249216,0
rv3795,4249233,0
rv3795,4249278,0
rv3795,4249289,2.9
rv3795,4249365,0
rv3795,4249395,0
rv3795,4249423,0
rv3795,4249453,11
rv3795,4249455,0
rv3795,4249594,0
rv3795,4249620,11
rv3795,4249743,0
rv3795,4249751,0
rv3795,4249787,0
rv3795,4249845,0
rv3795,4249986,2199.5
rv3797,4251272,5444.3
rv3797,4251279,3138.4
rv3797,4251329,1082.3
rv3797,4251344,1009.6999999999999
rv3797,4251371,2578
rv3797,4251407,13072.7
rv3797,4251410,5745.9
rv3797,4251414,4359.2
rv3797,4251533,1918.3
rv3797,4251564,1001
rv3797,4251683,4368.6
rv3797,4251703,0
rv3797,4251709,2519.4
rv3797,4251764,1156.2
rv3797,4251795,448.2
rv3797,4252029,1299.4
rv3797,4252066,594.3
rv3797,4252292,2098.7
rv3797,4252453,2197.5
rv3797,4252477,5148.4
rv3797,4252541,2506
rv3797,4252841,1740.7
rv3797,4252925,2528.1
rv3797,4252937,1050.1
rv3797,4252966,47
rv3797,4253042,10248.1
rv3799c,4254559,2011.1
rv3799c,4254724,0
rv3799c,4254892,0
rv3799c,4254904,0
rv3799c,4254958,0
rv3799c,4255067,0
rv3799c,4255177,0
rv3799c,4255267,0
rv3799c,4255405,0
rv3799c,4255411,0
rv3799c,4255453,0
rv3799c,4255546,1.3
rv3799c,4255594,0
rv3799c,4255684,0
rv3799c,4255903,0
rv3799c,4255958,0
rv3799c,4255978,0
rv3799c,4256099,0
rv3800c,4256135,0
rv3800c,4256268,0
rv3800c,4256304,0
rv3800c,4256337,0
rv3800c,4256352,0
rv3800c,4256373,0
rv3800c,4256415,0
rv3800c,4256529,0
rv3800c,4256580,0
rv3800c,4256706,0
rv3800c,4256745,0
rv3800c,4256784,20.1
rv3800c,4256832,0
rv3800c,4256874,0
rv3800c,4256988,0
rv3800c,4257414,0
rv3800c,4257438,0
rv3800c,4257492,0
rv3800c,4257582,0
rv3800c,4257672,2.6
rv3800c,4257831,0
rv3800c,4258035,0
rv3800c,4258086,0
rv3800c,4258164,0
rv3800c,4258189,0
rv3800c,4258202,0
rv3800c,4258221,0
rv3800c,4258227,0
rv3800c,4258422,0
rv3800c,4258452,11
rv3800c,4258491,0
rv3800c,4258716,0
rv3800c,4258776,0
rv3800c,4258803,11
rv3800c,4258899,0
rv3800c,4259025,2.9
rv3800c,4259064,0
rv3800c,4259133,0
rv3800c,4259464,0
rv3800c,4259766,0
rv3800c,4259775,0
rv3800c,4259835,0
rv3800c,4259995,0
rv3800c,4260069,0
rv3800c,4260105,0
rv3800c,4260279,0
rv3800c,4260401,0
rv3800c,4260504,0
rv3800c,4260510,11
rv3800c,4260558,0
rv3800c,4260600,0
rv3800c,4260624,0
rv3800c,4260789,0
rv3800c,4261025,0
rv3800c,4261130,2.9
rv3800c,4261228,2.8
rv3800c,4261271,2.2
rv3800c,4261313,0
rv3801c,4261392,0
rv3801c,4261543,0
rv3801c,4261680,0
rv3801c,4261737,0
rv3801c,4261784,0
rv3801c,4261788,0
rv3801c,4261806,0
rv3801c,4261815,0
rv3801c,4261825,0
rv3801c,4261932,0
rv3801c,4261939,0
rv3801c,4262189,0
rv3801c,4262196,0
rv3801c,4262229,0
rv3801c,4262473,0
rv3801c,4262492,0
rv3801c,4262645,0
rv3801c,4262667,0
rv3801c,4262676,0
rv3801c,4262864,1.3
rv3801c,4262925,0
rv3801c,4262952,0
rv3801c,4263108,2.9
rv3801c,4263213,0
rv3803c,4264742,809.4
rv3803c,4264761,589.1
rv3803c,4264773,3822
rv3803c,4264862,996.3
rv3803c,4264871,5119.8
rv3803c,4264887,451.5
rv3803c,4265123,642
rv3803c,4265195,116.7
rv3803c,4265250,531.6
rv3803c,4265327,7958.9
rv3803c,4265336,3697.6
rv3803c,4265397,0
rv3803c,4265415,1981
rv3803c,4265453,4179.9
rv3803c,4265476,307.6
rv3803c,4265534,1566.3
rv3803c,4265566,0
rv3804c,4265821,3296.2
rv3804c,4265888,360.4
rv3804c,4265911,86.8
rv3804c,4265927,222.20000000000002
rv3804c,4265977,1010.6
rv3804c,4266079,1003.7
rv3804c,4266187,91.3
rv3804c,4266274,231.4
rv3804c,4266295,6551.7
rv3804c,4266424,898.9
rv3804c,4266460,43.8
rv3804c,4266472,328.6
rv3804c,4266526,314
rv3804c,4266598,869.4
rv3804c,4266679,313.6
rv3804c,4266756,314.2
rv3804c,4266797,989.1
rv3809c,4272515,0
rv3809c,4272543,0
rv3809c,4272549,0
rv3809c,4272557,11
rv3809c,4272563,0
rv3809c,4272589,0
rv3809c,4272629,0
rv3809c,4272671,0
rv3809c,4272674,0
rv3809c,4272707,0
rv3809c,4272740,0
rv3809c,4272785,0
rv3809c,4272806,0
rv3809c,4272844,0
rv3809c,4272896,0
rv3809c,4272905,0
rv3809c,4272926,0
rv3809c,4273043,0
rv3809c,4273067,0
rv3809c,4273071,3.9
rv3809c,4273082,0
rv3809c,4273100,0
rv3809c,4273172,0
rv3809c,4273193,0
rv3809c,4273307,0
rv3809c,4273327,0
rv3809c,4273355,0
rv3809c,4273394,0
rv3809c,4273424,0
rv3809c,4273440,0
rv3809c,4273443,0
rv3809c,4273469,0
rv3809c,4273511,0
rv3809c,4273653,7167.1
rv3810,4273995,1290.7
rv3810,4274007,544.2
rv3810,4274101,110.5
rv3810,4274134,3597.6
rv3810,4274182,291.2
rv3810,4274201,2830.8
rv3810,4274258,750.6
rv3810,4274453,630.5
rv3810,4274493,1039.5
rv3810,4274527,747.5
rv3810,4274618,87.10000000000001
rv3810,4274629,812.4
rv3810,4274641,2745.6
rv3810,4274769,754.5
rv3812,4276920,1355.1
rv3812,4276967,682.2
rv3812,4276978,1679.7
rv3812,4277007,1497.9
rv3812,4277027,0
rv3812,4277109,1841.2
rv3812,4277154,379.3
rv3812,4277217,453
rv3812,4277337,2906.9
rv3812,4277340,10503.2
rv3812,4277354,2720.1
rv3812,4277357,3993.7
rv3812,4277383,6103.8
rv3812,4277458,2053.2
rv3812,4277487,6773.2
rv3812,4277513,1606.8
rv3812,4277588,7726.9
rv3812,4277670,8284.8
rv3812,4277780,0
rv3812,4277838,5979.7
rv3812,4277925,8660.7
rv3812,4277929,3238.8999999999996
rv3812,4277948,168.6
rv3812,4277971,1367.1
rv3812,4278005,880.5
rv3812,4278146,1217.7
rv3812,4278169,39.4
rv3812,4278219,3833.7
rv3812,4278261,61.7
rv3820c,4284611,2417.9
rv3820c,4284644,19.6
rv3820c,4284646,3985
rv3820c,4284670,732.2
rv3820c,4284711,444
rv3820c,4284714,394.59999999999997
rv3820c,4284739,32.9
rv3820c,4284776,90.60000000000001
rv3820c,4284787,51.5
rv3820c,4284794,0
rv3820c,4284812,40.3
rv3820c,4284821,242.5
rv3820c,4284915,197.5
rv3820c,4284930,1880.1
rv3820c,4284947,46.2
rv3820c,4284986,2.6
rv3820c,4285034,265.7
rv3820c,4285070,11371.6
rv3820c,4285076,4908
rv3820c,4285089,137.6
rv3820c,4285160,2088.8
rv3820c,4285232,702.8
rv3820c,4285247,62.4
rv3820c,4285260,5428.5
rv3820c,4285372,4745.4
rv3820c,4285396,392.5
rv3820c,4285450,8203.8
rv3820c,4285457,4033.4
rv3820c,4285514,2126.4
rv3820c,4285522,4190.8
rv3820c,4285550,326.2
rv3820c,4285655,689
rv3820c,4285676,4841.9
rv3820c,4285723,3192.1
rv3820c,4285759,1048.1
rv3820c,4285791,3524.6
rv3820c,4285823,1613.8
rv3820c,4285839,4210.5999999999995
rv3820c,4285852,18.1
rv3820c,4285879,3814.4
rv3820c,4285899,1112.7
rv3820c,4285952,4653.5
rv3820c,4285991,3632.2999999999997
rv3820c,4285997,6261.8
rv3823c,4288439,3530
rv3823c,4288459,646.9
rv3823c,4288530,4736.8
rv3823c,4288650,276.2
rv3823c,4288656,1395.7
rv3823c,4288671,1401.2
rv3823c,4288693,567.2
rv3823c,4288719,32.8
rv3823c,4288735,294.8
rv3823c,4288745,8542.3
rv3823c,4288854,1148.6
rv3823c,4288860,62.199999999999996
rv3823c,4288869,200.4
rv3823c,4288874,492.90000000000003
rv3823c,4288897,211.7
rv3823c,4288899,151.2
rv3823c,4288945,0
rv3823c,4288962,0
rv3823c,4288971,2.8
rv3823c,4288988,0
rv3823c,4288993,1110.2
rv3823c,4288998,0
rv3823c,4289015,100.3
rv3823c,4289053,752.6
rv3823c,4289111,1446.8
rv3823c,4289178,564.3
rv3823c,4289263,85
rv3823c,4289270,1413.9
rv3823c,4289275,311.6
rv3823c,4289329,1193.2
rv3823c,4289344,402.1
rv3823c,4289357,189.2
rv3823c,4289402,5345.9
rv3823c,4289424,3341.3
rv3823c,4289426,14115.8
rv3823c,4289473,3756.5
rv3823c,4289677,2270.9
rv3823c,4289746,3299
rv3823c,4289844,1943.2
rv3823c,4289890,2861.5
rv3823c,4290005,6222.9
rv3823c,4290040,2075.5
rv3823c,4290051,867.5
rv3823c,4290064,3436.8
rv3823c,4290228,2107
rv3823c,4290286,4948.5
rv3823c,4290341,3827.8
rv3823c,4290360,2174.1
rv3823c,4290389,1722.1
rv3823c,4290437,11942.4
rv3823c,4290443,2004.6
rv3823c,4290474,6057.0999999999995
rv3823c,4290616,473.2
rv3823c,4290649,91.6
rv3823c,4290699,160.9
rv3823c,4290727,1875.6
rv3823c,4290732,829
rv3823c,4290756,353.9
rv3823c,4290811,485.2
rv3823c,4290815,1053.5
rv3823c,4290824,0
rv3823c,4290831,109.89999999999999
rv3823c,4290841,502.5
rv3823c,4290848,21
rv3823c,4290882,76
rv3823c,4290888,273.59999999999997
rv3823c,4290900,39.4
rv3823c,4290906,214.7
rv3823c,4290928,1155.7
rv3823c,4290973,2093.9
rv3823c,4291007,1732.1000000000001
rv3823c,4291122,372
rv3823c,4291178,3653.6
rv3823c,4291317,762.6
rv3823c,4291349,3872.9
rv3823c,4291593,4331.6
rv3823c,4291603,1335.5
rv3823c,4291638,2267
rv3823c,4291654,5456.8
rv3824c,4291818,589.3000000000001
rv3824c,4291828,1441.3
rv3824c,4291832,388.2
rv3824c,4291853,110.6
rv3824c,4291864,313.8
rv3824c,4291870,28.2
rv3824c,4291915,0
rv3824c,4291952,258.6
rv3824c,4291987,34
rv3824c,4291999,952.1999999999999
rv3824c,4292013,185
rv3824c,4292020,0
rv3824c,4292044,44.599999999999994
rv3824c,4292054,127.89999999999999
rv3824c,4292095,577.8
rv3824c,4292099,753.7
rv3824c,4292106,548.9
rv3824c,4292127,2526.4
rv3824c,4292131,1238.4
rv3824c,4292290,408.1
rv3824c,4292326,502.8
rv3824c,4292389,488
rv3824c,4292410,526.7
rv3824c,4292422,112.10000000000001
rv3824c,4292433,346.1
rv3824c,4292437,17.1
rv3824c,4292459,75.9
rv3824c,4292555,1544.4
rv3824c,4292588,2916.5
rv3824c,4292635,34
rv3824c,4292700,1873.3
rv3824c,4292730,7101.2
rv3824c,4292747,5.7
rv3824c,4292771,1438.6
rv3824c,4292784,2892.5
rv3824c,4292816,1128.9
rv3824c,4292856,3497.2
rv3824c,4292992,0
rv3824c,4293034,324.70000000000005
rv3824c,4293060,3136
rv3824c,4293064,10110.2
rv3824c,4293096,12063.8
rv3824c,4293212,3415.6
rv3824c,4293216,2065.5
rv3824c,4293290,1748
rv3824c,4293335,4996
rv3824c,4293344,1553.2
rv3825c,4293404,3971.3
rv3825c,4293455,5477
rv3825c,4293469,1198.4
rv3825c,4293547,2592.7
rv3825c,4293572,2162.2
rv3825c,4293580,0
rv3825c,4293794,1252
rv3825c,4293801,440.1
rv3825c,4293803,4951.5999999999995
rv3825c,4293823,2137.6
rv3825c,4293839,2907.6
rv3825c,4293869,6176.8
rv3825c,4293933,0
rv3825c,4293963,2.9
rv3825c,4294028,1248.1
rv3825c,4294176,2062.8
rv3825c,4294216,4152
rv3825c,4294228,399.2
rv3825c,4294275,0
rv3825c,4294435,549.1
rv3825c,4294463,13587.6
rv3825c,4294509,93.80000000000001
rv3825c,4294610,947.5
rv3825c,4294658,3139.7
rv3825c,4294720,1248.2
rv3825c,4294727,3208.9
rv3825c,4294778,14275.6
rv3825c,4294893,1190.3
rv3825c,4294940,1114.7
rv3825c,4294953,374.4
rv3825c,4294969,152.6
rv3825c,4294989,0
rv3825c,4295029,1296.1
rv3825c,4295031,1535.8
rv3825c,4295074,9444.1
rv3825c,4295094,116.5
rv3825c,4295120,1017.7
rv3825c,4295235,421.6
rv3825c,4295354,444.90000000000003
rv3825c,4295374,5712.2
rv3825c,4295461,1723.5
rv3825c,4295472,424.2
rv3825c,4295484,377.9
rv3825c,4295579,4747.8
rv3825c,4295722,1148.1
rv3825c,4295798,8880.6
rv3825c,4295844,322.09999999999997
rv3825c,4295864,2818.9
rv3825c,4295901,673.4
rv3825c,4295937,193.1
rv3825c,4295949,2448.7000000000003
rv3825c,4295965,4473
rv3825c,4296039,1408.9
rv3825c,4296052,11.899999999999999
rv3825c,4296060,7.9
rv3825c,4296163,1679.7
rv3825c,4296213,0
rv3825c,4296273,132.7
rv3825c,4296317,4084.4
rv3825c,4296323,1990.5
rv3825c,4296333,1223.3
rv3825c,4296347,3243.7999999999997
rv3825c,4296382,5037.9
rv3825c,4296390,5264.0999999999995
rv3825c,4296394,2882.6
rv3825c,4296405,0
rv3825c,4296464,6411.6
rv3825c,4296542,10302.9
rv3825c,4296575,8441
rv3825c,4296646,5736.4
rv3825c,4296662,2511.8
rv3825c,4296688,2335.2
rv3825c,4296850,1765.7
rv3825c,4296905,721.7
rv3825c,4296937,1375.2
rv3825c,4296972,39.1
rv3825c,4297051,32.7
rv3825c,4297097,7191.5
rv3825c,4297248,327.6
rv3825c,4297276,5014.4
rv3825c,4297346,141.89999999999998
rv3825c,4297415,7.9
rv3825c,4297466,1009.3000000000001
rv3825c,4297469,1474.1
rv3825c,4297513,1622.8
rv3825c,4297603,4681.3
rv3825c,4297696,1917
rv3825c,4297723,3130.6
rv3825c,4297804,1377.2
rv3825c,4297895,3727.6
rv3825c,4298032,6109.3
rv3825c,4298119,1474.8999999999999
rv3825c,4298162,698.7
rv3825c,4298253,2436.9
rv3825c,4298273,3464
rv3825c,4298314,2181.4
rv3825c,4298483,2121
rv3825c,4298610,2777
rv3825c,4298653,802.6
rv3825c,4298659,3620.4
rv3825c,4298735,4795.9
rv3825c,4298756,4485.3
rv3825c,4298852,1517.2
rv3825c,4298889,484.6
rv3825c,4298932,1771.3
rv3825c,4299204,1309.5
rv3825c,4299214,1590.1000000000001
rv3825c,4299242,1462.2
rv3825c,4299284,4387.9
rv3825c,4299290,703.8
rv3825c,4299332,3089.7
rv3825c,4299393,83.6
rv3825c,4299513,201.9
rv3825c,4299572,4408.6
rv3825c,4299631,5905.7
rv3825c,4299696,395.90000000000003
rv3825c,4299744,3807
rv3826,4300062,1560
rv3826,4300071,316.8
rv3826,4300093,1453.5
rv3826,4300122,1429.6000000000001
rv3826,4300135,123.39999999999999
rv3826,4300189,305.1
rv3826,4300212,133.7
rv3826,4300214,126.3
rv3826,4300237,18.1
rv3826,4300250,170
rv3826,4300309,7.9
rv3826,4300354,0
rv3826,4300379,133.20000000000002
rv3826,4300394,69.8
rv3826,4300429,247.6
rv3826,4300447,50.199999999999996
rv3826,4300454,372.40000000000003
rv3826,4300457,383.1
rv3826,4300488,1044.3
rv3826,4300497,21.7
rv3826,4300499,2190.4
rv3826,4300531,28
rv3826,4300538,99.3
rv3826,4300542,408.7
rv3826,4300550,120.8
rv3826,4300552,0
rv3826,4300584,2.2
rv3826,4300606,28.4
rv3826,4300628,56.199999999999996
rv3826,4300639,10.2
rv3826,4300647,918.9
rv3826,4300688,142.9
rv3826,4300693,2162
rv3826,4300831,401.90000000000003
rv3826,4300934,11.7
rv3826,4300974,265.3
rv3826,4300998,6923.3
rv3826,4301040,832.1
rv3826,4301115,493.8
rv3826,4301165,113.1
rv3826,4301203,994.7
rv3826,4301229,1238.5
rv3826,4301302,378.1
rv3826,4301314,231.1
rv3826,4301371,535.9
rv3826,4301391,317.9
rv3826,4301464,37.3
rv3826,4301578,0
rv3826,4301685,1625.2
rv3826,4301717,756.9
rv3826,4301742,4650.8
rv3834c,4307892,0
rv3834c,4308005,0
rv3834c,4308068,0
rv3834c,4308158,0
rv3834c,4308242,0
rv3834c,4308347,5.7
rv3834c,4308392,0
rv3834c,4308406,0
rv3834c,4308428,0
rv3834c,4308445,0
rv3834c,4308452,0
rv3834c,4308475,0
rv3834c,4308490,0
rv3834c,4308528,0
rv3834c,4308553,0
rv3834c,4308589,0
rv3834c,4308614,0
rv3834c,4308707,1.3
rv3834c,4308740,0
rv3834c,4308763,0
rv3834c,4308949,0
rv3834c,4309009,0
rv3834c,4309051,0
rv3838c,4311951,0
rv3838c,4311972,0
rv3838c,4312024,0
rv3838c,4312117,0
rv3838c,4312133,0
rv3838c,4312200,0
rv3838c,4312435,0
rv3838c,4312622,0
rv3838c,4312631,0
rv3838c,4312678,0
rv3838c,4312770,0
rv3838c,4312831,0
rv3838c,4312838,1220.2
rv3841,4314365,318.8
rv3841,4314376,36.4
rv3841,4314396,0
rv3841,4314415,214.7
rv3841,4314440,1319.8
rv3841,4314458,281.7
rv3841,4314500,238.5
rv3841,4314588,1454
rv3841,4314822,1081.9
rv3841,4314899,6166
rv3842c,4314981,7245
rv3842c,4315028,4671.6
rv3842c,4315049,10274.7
rv3842c,4315094,2022.6
rv3842c,4315102,1298.3
rv3842c,4315166,2280.5
rv3842c,4315293,1361.8
rv3842c,4315306,12319.2
rv3842c,4315343,343.1
rv3842c,4315484,2046.9
rv3842c,4315498,5252.4
rv3842c,4315646,6886
rv3842c,4315659,33211.7
rv3846,4320891,0
rv3846,4320918,0
rv3846,4320987,0
rv3846,4320991,0
rv3846,4321078,0
rv3846,4321136,0
rv3846,4321232,0
rv3846,4321297,0
rv3846,4321308,0
rv3846,4321333,0
rv3846,4321380,11
rv3846,4321389,0
rv3846,4321461,0
rv3846,4321495,0
rv3852,4325311,2987.9
rv3852,4325406,5486.2
rv3852,4325490,1605.2
rv3852,4325610,719.5
rv3854c,4326182,946.8
rv3854c,4326265,2548.1
rv3854c,4326269,3154.8
rv3854c,4326294,2621.8
rv3854c,4326338,1348.9
rv3854c,4326428,1226.1000000000001
rv3854c,4326494,1647.7
rv3854c,4326506,2010.5
rv3854c,4326545,1594.2
rv3854c,4326585,1092.5
rv3854c,4326633,9.1
rv3854c,4326794,3073.9
rv3854c,4326824,742.7
rv3854c,4326835,869.6
rv3854c,4326902,1370.3
rv3854c,4326937,858.5
rv3854c,4326947,4165.7
rv3854c,4327019,7266.0999999999995
rv3854c,4327125,858.8
rv3854c,4327133,540.8
rv3854c,4327211,1180.6
rv3854c,4327223,4771.4
rv3854c,4327229,3509.2999999999997
rv3854c,4327232,943.4
rv3854c,4327359,369.4
rv3854c,4327376,9024.4
rv3854c,4327400,3257.1
rv3854c,4327465,3682.8
rv3854c,4327472,16509
rv3854c,4327502,29
rv3854c,4327556,8140.5
rv3855,4327761,642.3
rv3855,4327857,506.8
rv3855,4327890,1460.7
rv3855,4327909,4530
rv3855,4327915,2671.1
rv3855,4327985,2611.5
rv3855,4328084,149.9
rv3855,4328148,1676.4
rv3855,4328167,1577.3999999999999
rv3855,4328328,902
rv3855,4328359,301.8
rv3855,4328374,709.8
rv3858c,4330217,55.5
rv3858c,4330242,296.6
rv3858c,4330277,0
rv3858c,4330285,0
rv3858c,4330360,0
rv3858c,4330657,0
rv3858c,4330664,0
rv3858c,4330676,8.8
rv3858c,4330770,0
rv3858c,4330981,0
rv3858c,4331019,0
rv3858c,4331129,0
rv3858c,4331496,0
rv3858c,4331588,0
rv3858c,4331654,0
rv3859c,4331760,0
rv3859c,4331842,0
rv3859c,4331861,0
rv3859c,4331958,0
rv3859c,4331964,0
rv3859c,4331983,11
rv3859c,4331998,0
rv3859c,4332042,0
rv3859c,4332071,0
rv3859c,4332116,0
rv3859c,4332132,0
rv3859c,4332198,0
rv3859c,4332248,0
rv3859c,4332264,0
rv3859c,4332282,8.8
rv3859c,4332295,0
rv3859c,4332352,0
rv3859c,4332387,0
rv3859c,4332443,0
rv3859c,4332527,0
rv3859c,4332555,0
rv3859c,4332616,0
rv3859c,4332711,0
rv3859c,4332863,0
rv3859c,4332910,0
rv3859c,4332974,0
rv3859c,4333139,0
rv3859c,4333169,0
rv3859c,4333196,2.2
rv3859c,4333233,0
rv3859c,4333308,0
rv3859c,4333395,0
rv3859c,4333427,0
rv3859c,4333435,22
rv3859c,4333578,0
rv3859c,4333663,0
rv3859c,4333728,0
rv3859c,4333746,0
rv3859c,4333806,0
rv3859c,4333830,0
rv3859c,4333884,0
rv3859c,4333954,0
rv3859c,4333968,2.9
rv3859c,4334025,0
rv3859c,4334077,0
rv3859c,4334094,0
rv3859c,4334113,0
rv3859c,4334131,0
rv3859c,4334175,0
rv3859c,4334327,0
rv3859c,4334414,0
rv3859c,4334463,0
rv3859c,4334557,20.1
rv3859c,4334718,0
rv3859c,4334724,0
rv3859c,4334816,0
rv3859c,4334838,0
rv3859c,4334842,0
rv3859c,4334844,0
rv3859c,4334927,0
rv3859c,4334952,1.3
rv3859c,4335149,0
rv3859c,4335243,0
rv3859c,4335249,0
rv3859c,4335397,0
rv3859c,4335487,0
rv3859c,4335593,2.9
rv3859c,4335630,0
rv3859c,4335669,0
rv3859c,4335702,0
rv3859c,4335780,0
rv3859c,4335938,0
rv3859c,4335967,0
rv3859c,4335991,0
rv3859c,4336002,0
rv3859c,4336168,0
rv3859c,4336231,0
rv3859c,4336233,1.3
rv3859c,4336249,0
rv3859c,4336258,0
rv3862c,4338459,5842.7
rv3862c,4338619,9435.3
rv3862c,4338630,995.1
rv3862c,4338642,4987.6
rv3862c,4338671,520.7
rv3862c,4338691,294.4
rv3872,4351177,5191.8
rv3872,4351219,2155.2
rv3873,4351280,12220.5
rv3873,4351284,5745.9
rv3873,4351475,1558
rv3873,4351537,4767.1
rv3873,4351608,1315.5
rv3873,4351629,687.5
rv3873,4351666,8543.4
rv3873,4351677,17072.8
rv3873,4351711,6061.4
rv3873,4351731,1539.2
rv3873,4351866,9
rv3873,4352099,3004.5
rv3874,4352477,178.7
rv3874,4352498,2132.9
rv3874,4352639,2404.1
rv3874,4352675,1270.2
rv3874,4352697,1671.4
rv3875,4352815,2.9
rv3875,4352920,0
rv3875,4352936,5179.1
rv3875,4352971,102.8
rv3875,4353071,1787.3
rv3883c,4363617,1015.3
rv3883c,4363647,7635.5
rv3883c,4363677,957
rv3883c,4363736,7658.8
rv3883c,4363925,13787.1
rv3883c,4363957,196.6
rv3883c,4364094,61.5
rv3883c,4364107,2324.2
rv3883c,4364123,4895
rv3883c,4364206,917.1
rv3883c,4364270,2098.2000000000003
rv3883c,4364321,7296.4000000000005
rv3883c,4364482,2429.6
rv3883c,4364598,135.3
rv3883c,4364729,4975.4
rv3883c,4364808,259.6
rv3883c,4364925,2490.5
rv3886c,4368710,138.1
rv3886c,4368769,98.3
rv3886c,4368775,425.6
rv3886c,4368871,2969.6
rv3886c,4368906,190.3
rv3886c,4368975,1644.4
rv3886c,4369029,2365.4
rv3886c,4369063,6628.2
rv3886c,4369092,360.2
rv3886c,4369124,373.1
rv3886c,4369200,1409.3
rv3886c,4369217,2532.1
rv3886c,4369230,6663.7
rv3886c,4369308,6721.8
rv3886c,4369389,4144
rv3886c,4369493,2254.1
rv3886c,4369814,65.10000000000001
rv3886c,4369901,1096.4
rv3886c,4369967,115.2
rv3886c,4369989,1140
rv3886c,4370076,2516.6
rv3886c,4370120,4393.4
rv3886c,4370144,2812.4
rv3886c,4370231,45.3
rv3886c,4370248,18.1
rv3886c,4370269,1118
rv3886c,4370333,386.3
rv3890c,4373904,1845.3
rv3890c,4373965,7436.7
rv3890c,4374102,2459.5
rv3890c,4374155,0
rv3890c,4374169,1334.3999999999999
rv3890c,4374171,8438.9
rv3891c,4374240,131.7
rv3891c,4374342,2244.5
rv3891c,4374384,7038.8
rv3891c,4374405,50.3
rv3891c,4374448,4167.6
rv3891c,4374452,5791.9
rv3891c,4374483,2064.2
rv3891c,4374495,219.6
rv3891c,4374529,2430.6
rv3892c,4374662,2066.9
rv3892c,4374762,220.7
rv3892c,4374900,739.2
rv3892c,4374961,148.4
rv3892c,4375232,212.5
rv3892c,4375385,7976.3
rv3892c,4375407,809.5
rv3892c,4375430,1358.2
rv3892c,4375462,2293.8
rv3892c,4375585,2148.3
rv3892c,4375653,2328
rv3893c,4375940,266.6
rv3893c,4375991,4552.5
rv3893c,4376064,6092.7
rv3904c,4390625,1270.5
rv3904c,4390654,6817
rv3904c,4390793,0
rv3905c,4390952,936.7
rv3905c,4390972,3109.5
rv3905c,4391029,8652.2
rv3905c,4391048,3229.8
rv3905c,4391182,1079.8
rv3907c,4391809,1180.1
rv3907c,4391883,0
rv3907c,4391902,0
rv3907c,4392040,0
rv3907c,4392120,0
rv3907c,4392142,0
rv3907c,4392181,0
rv3907c,4392205,0
rv3907c,4392244,0
rv3907c,4392445,0
rv3907c,4392521,1.3
rv3907c,4392545,0
rv3907c,4392756,0
rv3907c,4392897,0
rv3907c,4392925,0
rv3907c,4392971,0
rv3907c,4393004,0
rv3907c,4393132,0
rv3907c,4393179,0
rv3907c,4393218,0
rv3911,4400381,2549.6
rv3911,4400462,145.1
rv3911,4400502,8651.1
rv3911,4400603,551.4
rv3911,4400697,3013.6
rv3911,4400708,433.5
rv3911,4400822,1127.2
rv3911,4400904,612.1
rv3911,4400921,499.9
rv3911,4400973,4354.7
rv3911,4400998,608
rv3911,4401013,1104.9
rv3913,4401960,0
rv3913,4401982,0
rv3913,4401997,0
rv3913,4402084,0
rv3913,4402170,0
rv3913,4402190,0
rv3913,4402285,0
rv3913,4402416,0
rv3913,4402520,0
rv3913,4402586,0
rv3913,4402625,20.1
rv3913,4402705,0
rv3913,4402725,0
rv3913,4402783,0
rv3913,4402797,0
rv3913,4402827,0
rv3913,4402881,159.29999999999998
rv3913,4402895,596.8
rv3914,4402943,0
rv3914,4402972,12.3
rv3914,4403035,10.1
rv3914,4403150,2.9
rv3914,4403207,11.799999999999999
rv3914,4403256,3363.5
rv3917c,4405634,1128.7
rv3917c,4405659,1488
rv3917c,4405690,0
rv3917c,4405699,0
rv3917c,4405734,2.9
rv3917c,4405786,0
rv3917c,4405830,0
rv3917c,4405851,2.9
rv3917c,4406047,0
rv3917c,4406162,0
rv3917c,4406179,0
rv3917c,4406194,0
rv3917c,4406205,0
rv3917c,4406235,0
rv3917c,4406320,2.2
rv3917c,4406327,0
rv3917c,4406457,0
rv3917c,4406489,0
rv3917c,4406533,0
rv3918c,4406728,0
rv3918c,4406758,3.9000000000000004
rv3918c,4406779,5.699999999999999
rv3918c,4406845,0
rv3918c,4406865,0
rv3918c,4406896,20.5
rv3918c,4406903,4.2
rv3918c,4406969,0
rv3918c,4406995,17.9
rv3918c,4406998,8.5
rv3918c,4407091,3.9
rv3918c,4407237,0
rv3918c,4407266,5.2
rv3918c,4407277,9
rv3918c,4407311,0
rv3918c,4407395,0
rv3918c,4407416,0
rv3918c,4407638,1057.2
rv3918c,4407660,1325.6
rv3923c,4410599,608.5
rv3923c,4410800,0
rv3923c,4410844,0
rv3923c,4410869,0
rv3924c,4411027,0
rv3924c,4411037,0
